postal_code,population,avg_income_per_taxpayer,municipality_name,canton_code,aldi_count,coop_count,denner_count,lidl_count,migros_count,external_competitor_count,migros_group_count,postcode_latitude,postcode_longitude,locality_name,complete_location_data,has_migros,population_per_migros,primary_canton
1000,4248,57188.17606099506,Lausanne,VD,0,0,0,0,0,0,0,46.55207644524295,6.686621759003113,Lausanne 25,True,False,4248.0,VD
1003,6879,57188.17606099506,Lausanne,VD,2,1,1,2,2,5,3,46.52057732324408,6.631876774550748,Lausanne,True,True,3439.5,VD
1004,31463,57188.17606099506,Lausanne,VD,1,5,1,0,3,6,4,46.52829108998057,6.618649236897379,Lausanne,True,True,10487.666666666666,VD
1005,12454,57188.17606099506,Lausanne,VD,0,3,0,0,0,3,0,46.5208970514308,6.642754046837759,Lausanne,True,False,12454.0,VD
1006,15621,57188.17606099506,Lausanne,VD,0,2,2,0,1,2,3,46.51285438218869,6.63380325519935,Lausanne,True,True,15621.0,VD
1007,22716,57188.17606099506,Lausanne,VD,0,2,1,0,4,2,5,46.51791773655359,6.613567838308965,Lausanne,True,True,5679.0,VD
1008,14475,102163.43907876164,"Jouxtens-Mézery, Prilly",VD,0,1,1,0,2,1,3,46.54313215448067,6.599857643392986,Prilly,True,True,7237.5,VD
1009,19396,86327.24902962206,Pully,VD,0,1,0,0,1,1,1,46.51250239616721,6.660716168506341,Pully,True,True,19396.0,VD
1010,15745,57188.17606099506,Lausanne,VD,1,1,2,0,1,2,3,46.537426940723,6.652379107626194,Lausanne,True,True,15745.0,VD
1011,55,57188.17606099506,Lausanne,VD,0,0,0,0,0,0,0,46.525430465313775,6.64395153843156,Lausanne,True,False,55.0,VD
1012,12140,57188.17606099506,Lausanne,VD,0,1,1,0,1,1,2,46.52645893315827,6.654715292536435,Lausanne,True,True,12140.0,VD
1018,23692,57188.17606099506,Lausanne,VD,0,3,4,0,4,3,8,46.53509811967605,6.629509086433683,Lausanne,True,True,5923.0,VD
1020,21793,50173.99971504559,Renens (VD),VD,0,2,1,1,3,3,4,46.5378998446922,6.58941890763703,Renens VD,True,True,7264.333333333333,VD
1022,10720,51985.1742133538,Chavannes-près-Renens,VD,1,0,3,0,3,1,6,46.5318551109189,6.575201319229139,Chavannes-près-Renens,True,True,3573.3333333333335,VD
1023,11120,59947.14296454168,"Crissier, Lausanne",VD,0,1,0,1,1,2,1,46.55623464108117,6.583542931079435,Crissier,True,True,11120.0,VD
1024,13747,61776.05698711595,Ecublens (VD),VD,1,1,2,1,2,3,4,46.52498127281,6.559866424467999,Ecublens VD,True,True,6873.5,VD
1025,5191,102384.65454545453,Saint-Sulpice (VD),VD,0,0,0,0,0,0,0,46.5127931510094,6.5624100227077085,St-Sulpice VD,True,False,5191.0,VD
1026,4952,78385.67125497677,"Denges, Echandens",VD,0,0,0,0,0,0,0,46.52804792205346,6.540773658022214,Denges,True,False,4952.0,VD
1027,2707,84323.99930986887,Lonay,VD,0,0,0,0,0,0,0,46.52651120576834,6.519071456162349,Lonay,True,False,2707.0,VD
1028,5222,74625.18174875907,Préverenges,VD,0,0,1,0,1,0,2,46.51594703782082,6.5287901177136645,Préverenges,True,True,5222.0,VD
1029,944,81357.69111969112,Villars-Sainte-Croix,VD,0,0,0,0,0,0,0,46.56734559848087,6.563546824226358,Villars-Ste-Croix,True,False,944.0,VD
1030,12120,65936.56425322214,Bussigny,VD,1,0,2,0,1,1,3,46.55169897111069,6.555115642114231,Bussigny,True,True,12120.0,VD
1031,827,82036.57923975917,"Mex (VD), Vufflens-la-Ville",VD,0,0,0,0,0,0,0,46.571267373675646,6.555937478990188,Mex VD,True,False,827.0,VD
1032,4603,61933.208381154596,"Lausanne, Romanel-sur-Lausanne",VD,0,0,2,1,3,1,5,46.567049158390006,6.607767630274827,Romanel-sur-Lausanne,True,True,1534.3333333333333,VD
1033,5065,68342.15320923447,"Cheseaux-sur-Lausanne, Crissier, Lausanne",VD,0,1,0,0,0,1,0,46.57919016724431,6.600125047300302,Cheseaux-sur-Lausanne,True,False,5065.0,VD
1034,1016,83220.35177865613,Boussens,VD,0,0,0,0,0,0,0,46.6032458824742,6.584396780262785,Boussens,True,False,1016.0,VD
1035,612,84181.26615969582,Bournens,VD,0,0,0,0,0,0,0,46.603926876386176,6.562771019634267,Bournens,True,False,612.0,VD
1036,1283,77871.7798013245,Sullens,VD,0,0,0,0,0,0,0,46.59218022717493,6.566576356173655,Sullens,True,False,1283.0,VD
1037,1169,77402.67226890757,Etagnières,VD,0,1,0,0,0,1,0,46.60046219456636,6.613076138773061,Etagnières,True,False,1169.0,VD
1038,1356,67706.31983292924,"Bercher, Boulens, Montanaire",VD,0,0,0,0,0,0,0,46.69412164210112,6.714665960226558,Bercher,True,False,1356.0,VD
1040,8988,68071.5781464143,"Echallens, Saint-Barthélemy (VD), Villars-le-Terroir",VD,0,1,2,0,1,1,3,46.6442366312962,6.6252699174532905,Echallens,True,True,8988.0,VD
1041,3740,72870.7165259163,"Bottens, Jorat-Menthue, Montilliez, Poliez-Pittet",VD,0,0,0,0,0,0,0,46.63902241788799,6.686135428202128,Dommartin,True,False,3740.0,VD
1042,2393,75993.56188282653,"Assens, Bettens",VD,0,0,0,0,0,0,0,46.61977588083624,6.599260963359527,Assens,True,False,2393.0,VD
1043,436,74721.54554170661,Montilliez,VD,0,0,0,0,0,0,0,46.65570651358955,6.672146065921565,Sugnens,True,False,436.0,VD
1044,790,73565.2025974026,Fey,VD,0,0,0,0,0,0,0,46.67495584218276,6.682602397765216,Fey,True,False,790.0,VD
1045,348,64339.024698513065,"Bioley-Magnoux, Ogens",VD,0,0,0,0,0,0,0,46.715182309982765,6.727481775680667,Ogens,True,False,348.0,VD
1046,302,71633.98857142858,Rueyres,VD,0,0,0,0,0,0,0,46.69393490251864,6.694534216509404,Rueyres,True,False,302.0,VD
1047,201,70821.79787234042,Oppens,VD,0,0,0,0,0,0,0,46.7141897507765,6.693940472331957,Oppens,True,False,201.0,VD
1052,9790,80137.31726555653,Le Mont-sur-Lausanne,VD,0,1,0,1,0,2,0,46.55393515101688,6.6344691741439625,Le Mont-sur-Lausanne,True,False,9790.0,VD
1053,3819,72756.47395961794,"Bretigny-sur-Morrens, Cugy (VD), Lausanne",VD,0,0,1,0,1,0,2,46.59086782888704,6.647446850512797,Cugy VD,True,True,3819.0,VD
1054,1145,73872.98242811502,Morrens (VD),VD,0,0,0,0,0,0,0,46.59095717802175,6.627340843158674,Morrens VD,True,False,1145.0,VD
1055,2712,73868.87297106563,Froideville,VD,0,0,0,0,0,0,0,46.60112882411146,6.681665782803761,Froideville,True,False,2712.0,VD
1058,446,71370.703125,Jorat-Menthue,VD,0,0,0,0,0,0,0,46.62615882169103,6.705484348013687,Villars-Tiercelin,True,False,446.0,VD
1059,428,71156.07949755834,"Hermenches, Jorat-Menthue",VD,0,0,0,0,0,0,0,46.63570069033925,6.734955432663191,Peney-le-Jorat,True,False,428.0,VD
1061,261,71370.703125,Jorat-Menthue,VD,0,0,0,0,0,0,0,46.6463134889008,6.728762061924316,Villars-Mendraz,True,False,261.0,VD
1062,359,71370.703125,Jorat-Menthue,VD,0,0,0,0,0,0,0,46.65554365876065,6.741914296036963,Sottens,True,False,359.0,VD
1063,1205,65213.509789261654,"Boulens, Jorat-Menthue, Montanaire",VD,0,0,0,0,0,0,0,46.66675676634336,6.727091703806167,Chapelle-sur-Moudon,True,False,1205.0,VD
1066,9860,82229.54968553458,Epalinges,VD,0,1,1,0,1,1,2,46.5494627053395,6.667981413862097,Epalinges,True,True,9860.0,VD
1068,121,86327.24902962206,Pully,VD,0,0,0,0,0,0,0,46.53661959840326,6.689960948766216,Les Monts-de-Pully,True,False,121.0,VD
1070,2934,69225.62553084978,"Bourg-en-Lavaux, Puidoux",VD,0,0,0,0,1,0,1,46.50110194442842,6.765887693408014,Puidoux,True,True,2934.0,VD
1071,2991,73478.55456333343,"Chexbres, Puidoux, Rivaz, Saint-Saphorin (Lavaux)",VD,0,1,0,0,0,1,0,46.47771953528646,6.7817466605344645,Chexbres,True,False,2991.0,VD
1072,2087,70568.61408199643,Forel (Lavaux),VD,0,0,0,0,0,0,0,46.53629838494925,6.76350121532582,Forel (Lavaux),True,False,2087.0,VD
1073,3597,75673.02825484764,Savigny,VD,0,1,1,0,0,1,1,46.54833485864253,6.734725549782,Savigny,True,False,3597.0,VD
1076,389,69876.30864197531,Jorat-Mézières,VD,0,0,0,0,0,0,0,46.58813048637782,6.786183402670596,Ferlens VD,True,False,389.0,VD
1077,1327,75636.26596675416,Servion,VD,0,0,0,0,0,0,0,46.57326070684698,6.781575671111012,Servion,True,False,1327.0,VD
1078,395,61175.56189903846,Oron,VD,0,0,0,0,0,0,0,46.561460514878846,6.786675187656863,Essertes,True,False,395.0,VD
1080,913,75617.00888959208,"Forel (Lavaux), Servion",VD,0,0,0,0,0,0,0,46.569319833402645,6.757055327732171,Les Cullayes,True,False,913.0,VD
1081,670,68394.20285714285,Montpreveyres,VD,0,0,0,0,0,0,0,46.5808139992748,6.738873411761369,Montpreveyres,True,False,670.0,VD
1082,493,69629.7356321839,Corcelles-le-Jorat,VD,0,0,0,0,0,0,0,46.60645281762413,6.738945562189409,Corcelles-le-Jorat,True,False,493.0,VD
1083,1331,69876.30864197531,Jorat-Mézières,VD,0,0,0,0,0,0,0,46.5946377889789,6.77126693848518,Mézières VD,True,False,1331.0,VD
1084,1492,69873.19110379495,"Jorat-Mézières, Vulliens",VD,0,0,0,0,0,0,0,46.601686563520246,6.781431585822212,Carrouge VD,True,False,1492.0,VD
1085,625,68112.83249966732,"Rue, Vulliens","FR, VD",0,0,0,0,0,0,0,46.63314522167244,6.79877103541546,Vulliens,True,False,625.0,VD
1088,536,68408.60498220641,Ropraz,VD,0,0,0,0,0,0,0,46.61176820556738,6.753510314841566,Ropraz,True,False,536.0,VD
1090,1651,92265.12112953908,"Lutry, Savigny",VD,0,0,0,0,0,0,0,46.51758312552187,6.7077976763973055,La Croix (Lutry),True,False,1651.0,VD
1091,2950,90960.14431492428,"Bourg-en-Lavaux, Forel (Lavaux), Savigny",VD,0,0,0,0,0,0,0,46.5059634662441,6.72440098950257,Grandvaux,True,False,2950.0,VD
1092,3891,93649.79894297798,"Belmont-sur-Lausanne, Lutry",VD,0,0,0,0,0,0,0,46.52335381618549,6.68708210758006,Belmont-sur-Lausanne,True,False,3891.0,VD
1093,3040,92291.21167751266,Lutry,VD,0,0,0,0,1,0,1,46.51425411104312,6.685670868234007,La Conversion,True,True,3040.0,VD
1094,1479,81277.43663739022,Paudex,VD,0,0,1,0,0,0,1,46.50724251620907,6.673026128618732,Paudex,True,False,1479.0,VD
1095,6152,92282.9495112383,"Bourg-en-Lavaux, Lutry, Paudex",VD,0,2,0,0,0,2,0,46.50531112710822,6.690167949583281,Lutry,True,False,6152.0,VD
1096,2029,90448.82410341075,"Bourg-en-Lavaux, Puidoux",VD,0,0,1,0,0,0,1,46.489503012291074,6.7305716681483005,Cully,True,False,2029.0,VD
1097,314,91037.04865243264,Bourg-en-Lavaux,VD,0,0,0,0,0,0,0,46.49496517536368,6.737340148158341,Riex,True,False,314.0,VD
1098,338,90108.96345986698,"Bourg-en-Lavaux, Puidoux",VD,0,0,0,0,0,0,0,46.48913095907503,6.751996567585534,Epesses,True,False,338.0,VD
1110,17803,66145.65317182022,Morges,VD,1,1,1,1,1,3,2,46.51337397438497,6.4957221335301565,Morges,True,True,17803.0,VD
1112,1577,85745.24029126213,Echichens,VD,0,0,0,0,0,0,0,46.52790489211668,6.498127673400098,Echichens,True,False,1577.0,VD
1113,635,85745.24029126213,Echichens,VD,0,0,0,0,0,0,0,46.54690285959671,6.489230446399372,St-Saphorin-sur-Morges,True,False,635.0,VD
1114,574,85745.24029126213,Echichens,VD,0,0,0,0,0,0,0,46.556454569568025,6.472956656882598,Colombier VD,True,False,574.0,VD
1115,575,72348.46052631579,Vullierens,VD,0,0,0,0,0,0,0,46.57448151636071,6.483410017546476,Vullierens,True,False,575.0,VD
1116,471,75066.44244288225,Hautemorges,VD,0,0,0,0,0,0,0,46.57216603337012,6.454556150707667,Cottens VD,True,False,471.0,VD
1117,541,91198.51526717558,Grancy,VD,0,0,0,0,0,0,0,46.59168332896234,6.464457578606176,Grancy,True,False,541.0,VD
1121,595,94996.17475728154,Bremblens,VD,0,0,0,0,0,0,0,46.54578469157531,6.517296190046364,Bremblens,True,False,595.0,VD
1122,463,81822.79310344828,Romanel-sur-Morges,VD,0,0,0,0,0,0,0,46.55557232743188,6.509539434709804,Romanel-sur-Morges,True,False,463.0,VD
1123,609,73826.5201342282,Aclens,VD,0,0,0,0,0,0,0,46.56744126691289,6.512100579254399,Aclens,True,False,609.0,VD
1124,1093,73104.78392857143,Gollion,VD,0,0,0,0,0,0,0,46.58464892037343,6.508543325480034,Gollion,True,False,1093.0,VD
1125,457,85745.24029126213,Echichens,VD,0,0,0,0,0,0,0,46.52836595131962,6.4801190566095865,Monnaz,True,False,457.0,VD
1126,185,89093.11320754717,Vaux-sur-Morges,VD,0,0,0,0,0,0,0,46.53563942551367,6.463746899073292,Vaux-sur-Morges,True,False,185.0,VD
1127,232,76689.23622047243,Clarmont,VD,0,0,0,0,0,0,0,46.54692506837034,6.449682841163207,Clarmont,True,False,232.0,VD
1128,430,75066.44244288225,Hautemorges,VD,0,0,0,0,0,0,0,46.54133584403995,6.438103352265547,Reverolle,True,False,430.0,VD
1131,1926,75896.02977412731,Tolochenaz,VD,0,0,0,0,0,0,0,46.50310508137571,6.477010011114422,Tolochenaz,True,False,1926.0,VD
1132,810,99290.84596577016,Lully (VD),VD,0,0,0,0,0,0,0,46.50544401895806,6.463301016615323,Lully VD,True,False,810.0,VD
1134,1291,114800.61797148238,"Chigny, Vufflens-le-Château",VD,0,0,0,0,0,0,0,46.52189883958821,6.473905757926189,Vufflens-le-Château,True,False,1291.0,VD
1135,750,92974.04884318766,Denens,VD,0,0,0,0,0,0,0,46.51815591723668,6.45497879148275,Denens,True,False,750.0,VD
1136,423,75066.44244288225,Hautemorges,VD,0,0,0,0,0,0,0,46.52977826737104,6.442501472354221,Bussy-Chardonney,True,False,423.0,VD
1141,282,75066.44244288225,Hautemorges,VD,0,0,0,0,0,0,0,46.57525270742858,6.439210169987799,Sévery,True,False,282.0,VD
1142,1303,75066.44244288225,Hautemorges,VD,0,0,0,0,0,0,0,46.58023134433972,6.4274278497874615,Pampigny,True,False,1303.0,VD
1143,1513,75066.44244288225,Hautemorges,VD,0,0,0,0,0,0,0,46.5534202060855,6.431241915912406,Apples,True,False,1513.0,VD
1144,580,64974.30128205128,Ballens,VD,0,0,0,0,0,0,0,46.553622633595886,6.374537032806721,Ballens,True,False,580.0,VD
1145,1696,58680.65448024422,"Bière, Saint-Livres",VD,0,0,0,0,1,0,1,46.53176937869664,6.348451790273546,Bière,True,True,1696.0,VD
1146,320,63898.6174863388,Mollens (VD),VD,0,0,0,0,0,0,0,46.57715070194295,6.36238386041228,Mollens VD,True,False,320.0,VD
1147,950,71044.66296296296,Montricher,VD,0,0,0,0,0,0,0,46.60011112992882,6.376896840355885,Montricher,True,False,950.0,VD
1148,2902,69752.71087116397,"Chavannes-le-Veyron, Cuarnens, L'Isle, La Chaux (Cossonay), La Praz, Mauraz, Moiry, Mont-la-Ville",VD,0,0,0,0,0,0,0,46.62724122778052,6.427995393593645,L'Isle,True,False,2902.0,VD
1149,304,65402.69845788365,"Berolle, Bière",VD,0,0,0,0,0,0,0,46.5558269723098,6.334978413087636,Berolle,True,False,304.0,VD
1162,5933,80497.46357134214,"Lully (VD), Saint-Prex",VD,0,1,0,0,0,1,0,46.48788649658486,6.461638924731407,St-Prex,True,False,5933.0,VD
1163,3008,72039.25921052632,Etoy,VD,0,0,0,1,0,1,0,46.484420890938,6.417457882882884,Etoy,True,False,3008.0,VD
1164,681,112782.89644012945,Buchillon,VD,1,0,1,0,1,1,2,46.4697879344361,6.418918865541149,Buchillon,True,True,681.0,VD
1165,413,78364.78604651162,Allaman,VD,0,1,0,0,0,1,0,46.47022188148068,6.394444890170601,Allaman,True,False,413.0,VD
1166,1574,87884.85820476603,"Féchy, Perroy",VD,0,0,0,0,0,0,0,46.46768350689932,6.369234864262749,Perroy,True,False,1574.0,VD
1167,721,120623.66381766382,Lussy-sur-Morges,VD,0,0,0,0,0,0,0,46.50253067035196,6.449960451853298,Lussy-sur-Morges,True,False,721.0,VD
1168,601,74795.7027863777,Villars-sous-Yens,VD,0,0,0,0,0,0,0,46.51054824524117,6.42973420996625,Villars-sous-Yens,True,False,601.0,VD
1169,1478,92675.13031550069,Yens,VD,0,0,0,0,0,0,0,46.52027943378842,6.4193480582888505,Yens,True,False,1478.0,VD
1170,3258,77174.19825166487,"Aubonne, Lavigny",VD,0,0,0,0,1,0,1,46.49089282887274,6.397100060505194,Aubonne,True,True,3258.0,VD
1172,501,103553.53173025849,"Aubonne, Bougy-Villars",VD,0,0,0,0,0,0,0,46.48263852065092,6.352477184207471,Bougy-Villars,True,False,501.0,VD
1173,909,116249.43782383419,Féchy,VD,0,0,0,0,0,0,0,46.48060695122471,6.37159713606241,Féchy,True,False,909.0,VD
1174,623,77242.20998925886,Aubonne,VD,0,0,0,0,0,0,0,46.495630261558745,6.358704292080013,Montherod,True,False,623.0,VD
1175,1104,73054.29511278195,Lavigny,VD,0,0,0,0,0,0,0,46.50173639195368,6.404272105233314,Lavigny,True,False,1104.0,VD
1176,704,74327.78436657682,Saint-Livres,VD,0,0,0,0,0,0,0,46.50799194811198,6.386992268872846,St-Livres,True,False,704.0,VD
1180,7113,78433.89323923172,"Essertines-sur-Rolle, Gilly, Rolle, Tartegnin",VD,0,1,0,0,0,1,0,46.46302490602551,6.321447719080121,Rolle,True,False,7113.0,VD
1182,1308,95863.97588652483,Gilly,VD,0,0,0,0,0,0,0,46.45790805486696,6.2976215018892265,Gilly,True,False,1308.0,VD
1183,882,82809.8151713655,"Bursins, Gilly",VD,0,0,0,0,0,0,0,46.4526130888997,6.290892839100794,Bursins,True,False,882.0,VD
1184,1016,94803.44207799398,"Luins, Vinzel",VD,0,0,0,0,0,0,0,46.4451828713447,6.275992257128239,Luins,True,False,1016.0,VD
1185,2757,82542.26222667113,"Essertines-sur-Rolle, Mont-sur-Rolle",VD,0,0,0,0,0,0,0,46.4665788183296,6.331935499706695,Mont-sur-Rolle,True,False,2757.0,VD
1186,563,93561.48975823303,"Essertines-sur-Rolle, Gilly",VD,0,0,0,0,0,0,0,46.484497462225335,6.308438610305345,Essertines-sur-Rolle,True,False,563.0,VD
1187,449,87021.40434782609,Saint-Oyens,VD,0,0,1,0,0,0,1,46.49782326104085,6.30634178437422,St-Oyens,True,False,449.0,VD
1188,3543,73747.39886156736,"Gimel, Saint-George",VD,0,0,0,0,0,0,0,46.51269697539499,6.284912886143067,Gimel,True,False,3543.0,VD
1189,441,74436.12322274882,Saubraz,VD,0,0,0,0,0,0,0,46.51435837389706,6.329973474524031,Saubraz,True,False,441.0,VD
1195,1172,105188.57293966442,"Bursinel, Dully, Gilly",VD,0,0,0,0,0,0,0,46.43946583058417,6.305176726636833,Dully,True,False,1172.0,VD
1196,14007,72967.72089596228,Gland,VD,0,1,1,1,1,2,2,46.42116648474839,6.27030862859685,Gland,True,True,14007.0,VD
1197,4236,91636.19505094615,Prangins,VD,0,0,0,0,0,0,0,46.396267487796834,6.2482067288804695,Prangins,True,False,4236.0,VD
1200,4319,,,,0,0,0,0,0,0,0,,,,False,False,4319.0,
1201,22305,58950.44021888632,Genève,GE,1,4,3,1,4,6,7,46.209796675319325,6.143913585005156,Genève,True,True,5576.25,GE
1202,36246,59153.025471126566,"Genève, Pregny-Chambésy",GE,0,3,1,0,0,3,1,46.224405575574295,6.135535250078183,Genève,True,False,36246.0,GE
1203,34883,58950.44021888632,Genève,GE,1,6,4,0,5,7,9,46.2081643086029,6.123348198669663,Genève,True,True,6976.6,GE
1204,5735,58950.44021888632,Genève,GE,0,2,0,0,1,2,1,46.20213455236521,6.146544876041146,Genève,True,True,5735.0,GE
1205,35307,58950.44021888632,Genève,GE,0,4,5,1,1,5,6,46.19564435669251,6.142320027911114,Genève,True,True,35307.0,GE
1206,21109,58950.44021888632,Genève,GE,0,2,0,0,2,2,2,46.19153677465124,6.156046190668091,Genève,True,True,10554.5,GE
1207,19267,58950.44021888632,Genève,GE,0,2,1,0,2,2,3,46.20315179542601,6.160022319807109,Genève,True,True,9633.5,GE
1208,16379,58950.44021888632,Genève,GE,0,0,1,0,0,0,1,46.19818411434308,6.167057693007131,Genève,True,False,16379.0,GE
1209,10913,58870.112821715855,"Genève, Le Grand-Saconnex, Vernier",GE,0,0,0,0,1,0,1,46.22195700506615,6.121083441130686,Genève,True,True,10913.0,GE
1212,20321,59334.24165629313,"Lancy, Onex, Plan-les-Ouates",GE,0,2,0,0,1,2,1,46.17646677655731,6.109072552405226,Grand-Lancy,True,True,20321.0,GE
1213,36322,58240.2399758004,"Genève, Lancy, Onex",GE,1,3,3,1,1,5,4,46.18909552872648,6.11242320290717,Petit-Lancy,True,True,36322.0,GE
1214,8250,52147.447105316336,"Meyrin, Satigny, Vernier",GE,0,1,0,1,1,2,1,46.215080171420766,6.07262356832451,Vernier,True,True,8250.0,GE
1215,17,57958.811061475506,"Le Grand-Saconnex, Meyrin",GE,0,0,0,0,1,0,1,46.23090320355901,6.1056599502802245,Genève,True,True,17.0,GE
1216,3024,53230.56584627475,"Le Grand-Saconnex, Meyrin, Vernier",GE,0,0,0,0,0,0,0,46.22372597221644,6.111063606836509,Cointrin,True,False,3024.0,GE
1217,25021,54394.05969548054,Meyrin,GE,1,2,1,0,1,3,2,46.23030592671137,6.077088434694918,Meyrin,True,True,25021.0,GE
1218,12766,61386.943800174486,"Genève, Le Grand-Saconnex",GE,0,1,2,0,1,1,3,46.23033880825636,6.125443474287214,Le Grand-Saconnex,True,True,12766.0,GE
1219,24438,50509.23387365382,Vernier,GE,0,1,0,2,1,3,1,46.2055426658332,6.1026359970186,Le Lignon,True,True,24438.0,GE
1220,5529,50509.23387365382,Vernier,GE,1,1,2,0,1,2,3,46.22073582888652,6.1090065920069225,Les Avanchets,True,True,5529.0,GE
1222,5762,107652.29516397997,Collonge-Bellerive,GE,0,1,0,0,1,1,1,46.24177416963138,6.202759064185619,Vésenaz,True,True,5762.0,GE
1223,6147,111205.59595959596,Cologny,GE,0,0,0,0,0,0,0,46.21808611394055,6.187277864530264,Cologny,True,False,6147.0,GE
1224,12877,80548.14175214394,Chêne-Bougeries,GE,0,0,0,0,1,0,1,46.1998235108758,6.185728616955329,Chêne-Bougeries,True,True,12877.0,GE
1225,9747,57950.59208761735,Chêne-Bourg,GE,1,1,0,0,1,2,1,46.19741236447126,6.197936813666654,Chêne-Bourg,True,True,9747.0,GE
1226,16940,62667.58291645823,Thônex,GE,0,1,2,0,0,1,2,46.19583371360771,6.207404441062111,Thônex,True,False,16940.0,GE
1227,27458,59789.300777041506,"Carouge (GE), Genève, Lancy",GE,0,4,2,1,3,5,5,46.18827319342525,6.134489147156348,Carouge GE,True,True,9152.666666666666,GE
1228,12620,73294.99029577458,"Confignon, Lancy, Plan-les-Ouates",GE,0,1,2,0,2,1,4,46.169034449488514,6.119869238549923,Plan-les-Ouates,True,True,6310.0,GE
1231,2070,80548.14175214394,Chêne-Bougeries,GE,0,0,0,0,0,0,0,46.18743418041532,6.175974903415918,Conches,True,False,2070.0,GE
1232,4573,77835.6492621267,"Bernex, Confignon",GE,0,1,0,0,0,1,0,46.17285881238778,6.080701618306318,Confignon,True,False,4573.0,GE
1233,11115,74411.8607305936,Bernex,GE,0,1,0,0,0,1,0,46.17222347320315,6.072040480228706,Bernex,True,False,11115.0,GE
1234,6011,90413.72928176796,Veyrier,GE,0,0,0,0,0,0,0,46.17192765376327,6.15797167482492,Vessy,True,False,6011.0,GE
1236,1092,109968.848784845,"Avusy, Bernex, Cartigny, Laconnex",GE,0,0,0,0,0,0,0,46.16791225800132,6.027215184100808,Cartigny,True,False,1092.0,GE
1237,1758,65794.04334180019,"Avully, Chancy",GE,0,0,0,0,0,0,0,46.16422038627773,5.986522840988611,Avully,True,False,1758.0,GE
1239,1572,85414.41931034483,Collex-Bossy,GE,0,0,0,0,0,0,0,46.27198795527991,6.122555379643341,Collex,True,False,1572.0,GE
1241,2702,75935.09171359614,Puplinge,GE,0,0,0,0,0,0,0,46.20969093369709,6.231764226776226,Puplinge,True,False,2702.0,GE
1242,4678,70144.81041069723,Satigny,GE,0,0,0,0,0,0,0,46.21480003825331,6.038517564575221,Satigny,True,False,4678.0,GE
1243,714,65268.0,Presinge,GE,0,0,0,0,0,0,0,46.21559759604852,6.255155752413145,Presinge,True,False,714.0,GE
1244,1232,92511.7352415027,Choulex,GE,0,0,0,0,0,0,0,46.22520316204398,6.221892473730375,Choulex,True,False,1232.0,GE
1245,2893,107652.29516397997,Collonge-Bellerive,GE,0,0,0,0,0,0,0,46.25777532475247,6.20321224245853,Collonge-Bellerive,True,False,2893.0,GE
1246,2270,234227.16751269036,Corsier (GE),GE,0,0,0,0,0,0,0,46.263406698668334,6.221387113519927,Corsier GE,True,False,2270.0,GE
1247,2589,103951.77107279694,Anières,GE,0,0,0,0,0,0,0,46.27890853756467,6.22729377664877,Anières,True,False,2589.0,GE
1248,1221,78925.08255159475,Hermance,GE,0,0,0,0,0,0,0,46.299789154774615,6.2441305443420925,Hermance,True,False,1221.0,GE
1251,569,93694.40585774058,Gy,GE,0,0,0,0,0,0,0,46.25202421125916,6.256800534991394,Gy,True,False,569.0,GE
1252,2108,76464.03317073171,Meinier,GE,0,0,0,0,0,0,0,46.24419732867268,6.232152026966034,Meinier,True,False,2108.0,GE
1253,3087,111681.50263620386,Vandoeuvres,GE,0,0,0,0,0,0,0,46.21559467010917,6.202848614546383,Vandoeuvres,True,False,3087.0,GE
1254,1266,85517.55561183028,"Gy, Jussy",GE,0,0,0,0,0,0,0,46.24026591197752,6.269971426191464,Jussy,True,False,1266.0,GE
1255,6214,90413.72928176796,Veyrier,GE,0,0,0,0,0,0,0,46.16717406729906,6.178439040971495,Veyrier,True,False,6214.0,GE
1256,3358,90861.88784313726,Troinex,GE,0,0,0,0,0,0,0,46.16466865603674,6.14626892927712,Troinex,True,False,3358.0,GE
1257,2518,74997.9947602444,"Bardonnex, Plan-les-Ouates",GE,0,0,0,0,0,0,0,46.15229193018495,6.130055068540299,La Croix-de-Rozon,True,False,2518.0,GE
1258,3319,69350.0006503311,"Bardonnex, Perly-Certoux",GE,0,0,0,0,0,0,0,46.15476377050517,6.094020953519781,Perly,True,False,3319.0,GE
1260,23768,75380.80876192724,"Nyon, Prangins",VD,0,1,3,0,2,1,5,46.38874454935976,6.235708731676096,Nyon,True,True,11884.0,VD
1261,2421,78831.38087793502,"Le Vaud, Longirod, Marchissy",VD,0,0,0,0,0,0,0,46.48714308804773,6.247124608655874,Marchissy,True,False,2421.0,VD
1262,1808,89934.22461928934,Eysins,VD,0,0,0,0,0,0,0,46.380774185413934,6.206909174604447,Eysins,True,False,1808.0,VD
1263,1281,86022.30836236934,Crassier,VD,0,0,0,0,0,0,0,46.373986570587626,6.16588539890819,Crassier,True,False,1281.0,VD
1264,2830,68715.06957222037,"Arzier-Le Muids, Saint-Cergue",VD,0,0,0,0,0,0,0,46.45652965678076,6.149337818890812,St-Cergue,True,False,2830.0,VD
1265,225,68568.96108408617,Saint-Cergue,VD,0,0,0,0,0,0,0,46.46261589943106,6.07623218653064,La Cure,True,False,225.0,VD
1266,1122,92245.52135231317,Duillier,VD,0,0,0,0,0,0,0,46.41041189905433,6.235591650617285,Duillier,True,False,1122.0,VD
1267,1681,94077.74709791446,"Coinsins, Vich",VD,1,1,0,0,0,2,0,46.42645697184845,6.242794705364732,Vich,True,False,1681.0,VD
1268,2472,81486.27424062256,"Begnins, Bursins, Burtigny, Vinzel",VD,0,0,0,0,0,0,0,46.4558132419152,6.264351575352567,Begnins,True,False,2472.0,VD
1269,1462,84737.47375690607,Bassins,VD,0,0,0,0,0,0,0,46.46751915410376,6.229322526928617,Bassins,True,False,1462.0,VD
1270,1426,119842.30576070902,Trélex,VD,0,0,0,0,0,0,0,46.41676981737596,6.202747691528935,Trélex,True,False,1426.0,VD
1271,1089,99282.70436507936,Givrins,VD,0,0,0,0,0,0,0,46.43058864558972,6.200259443228118,Givrins,True,False,1089.0,VD
1272,2067,106705.51980324584,"Genolier, Givrins",VD,0,0,0,0,0,0,0,46.43749642839745,6.207141633504502,Genolier,True,False,2067.0,VD
1273,2996,88749.6914893617,Arzier-Le Muids,VD,0,0,1,0,0,0,1,46.45608781027438,6.209569664089612,Arzier-Le Muids,True,False,2996.0,VD
1274,1003,88492.43517009905,"Grens, Signy-Avenex",VD,0,0,0,0,0,0,0,46.39245772824111,6.195097323822496,Signy,True,False,1003.0,VD
1275,1280,96163.03656271815,"Chéserex, La Rippe",VD,0,0,0,0,0,0,0,46.39936920288274,6.160588451819959,Chéserex,True,False,1280.0,VD
1276,1242,104399.11095972218,"Chéserex, Gingins, Saint-Cergue",VD,0,0,0,0,0,0,0,46.42050340232813,6.150492911268505,Gingins,True,False,1242.0,VD
1277,1442,97667.82844994527,"Arnex-sur-Nyon, Borex",VD,0,0,0,0,0,0,0,46.37786189048447,6.184642675956955,Borex,True,False,1442.0,VD
1278,1217,98651.21043478261,La Rippe,VD,0,0,0,0,0,0,0,46.38395160635714,6.151259828713653,La Rippe,True,False,1217.0,VD
1279,2391,94030.43398244213,"Bogis-Bossey, Chavannes-de-Bogis",VD,0,0,0,0,0,0,0,46.34768892181996,6.164293907682177,Chavannes-de-Bogis,True,False,2391.0,VD
1281,559,101403.76085210388,"Russin, Satigny",GE,0,0,0,0,0,0,0,46.19822555911864,6.007905348747078,Russin,True,False,559.0,GE
1283,1846,65373.778501628665,Dardagny,GE,0,0,0,0,0,0,0,46.18652474923616,5.9990486554670985,La Plaine,True,False,1846.0,GE
1284,1633,71673.53485424588,Chancy,GE,0,0,0,0,0,0,0,46.149499150078775,5.973361414802196,Chancy,True,False,1633.0,GE
1285,1435,85902.01288762309,"Avusy, Chancy",GE,0,0,0,0,0,0,0,46.15122814726567,5.99792405175885,Athenaz (Avusy),True,False,1435.0,GE
1286,935,78674.31624614903,"Bernex, Soral",GE,0,0,0,0,0,0,0,46.14929136258984,6.047503650138106,Soral,True,False,935.0,GE
1287,702,83584.92774566474,Laconnex,GE,0,0,0,0,0,0,0,46.15579814689671,6.036397026608442,Laconnex,True,False,702.0,GE
1288,1161,81531.68651488617,Aire-la-Ville,GE,0,0,0,0,0,0,0,46.18935179544766,6.043227184746205,Aire-la-Ville,True,False,1161.0,GE
1290,15164,87364.78204468105,"Chavannes-des-Bois, Collex-Bossy, Mies, Versoix","GE, VD",1,1,0,0,0,2,0,46.29413807731012,6.147349412499765,Versoix,True,False,15164.0,VD
1291,2960,108734.2829861111,Commugny,VD,0,0,0,0,0,0,0,46.32169747397756,6.176357366229799,Commugny,True,False,2960.0,VD
1292,4259,84123.36498883105,"Genève, Pregny-Chambésy",GE,0,0,0,0,0,0,0,46.23592504412613,6.143660286830621,Chambésy,True,False,4259.0,GE
1293,4111,74975.68018018018,Bellevue,GE,0,0,0,0,0,0,0,46.25535305665671,6.145953871333779,Bellevue,True,False,4111.0,GE
1294,2814,80538.03212172443,Genthod,GE,0,0,1,0,1,0,2,46.26480793595712,6.151397720507755,Genthod,True,True,2814.0,GE
1295,3930,116037.63936420332,"Mies, Tannay",VD,0,0,0,0,0,0,0,46.30662880598564,6.174436093016951,Mies,True,False,3930.0,VD
1296,3206,119800.43811264505,"Coppet, Founex",VD,0,0,0,0,0,0,0,46.32387485345477,6.19384155579427,Coppet,True,False,3206.0,VD
1297,3794,107447.18124554654,"Coppet, Founex",VD,0,0,0,0,0,0,0,46.33094567925754,6.190518187266548,Founex,True,False,3794.0,VD
1298,837,81819.03921568628,Céligny,GE,0,0,0,0,0,0,0,46.3497571135306,6.199012600937551,Céligny,True,False,837.0,GE
1299,2479,119596.87167300381,Crans (VD),VD,0,0,0,0,0,0,0,46.36107157837837,6.2110732031134335,Crans VD,True,False,2479.0,VD
1302,1325,84195.95128939828,Vufflens-la-Ville,VD,0,0,0,0,0,0,0,46.57829918945387,6.537759277170802,Vufflens-la-Ville,True,False,1325.0,VD
1303,1911,73544.35573940021,Penthaz,VD,0,0,1,0,0,0,1,46.59753116480677,6.538665139247745,Penthaz,True,False,1911.0,VD
1304,5709,69713.95194541803,"Cossonay, Dizy, Senarclens",VD,0,0,1,0,1,0,2,46.611823361289815,6.500000550028096,Cossonay-Ville,True,True,5709.0,VD
1305,3197,62063.984562607206,Penthalaz,VD,0,2,0,0,0,2,0,46.61054398900085,6.52568114133684,Penthalaz,True,False,3197.0,VD
1306,1120,80850.30923389168,"Bettens, Daillens",VD,0,0,0,0,0,0,0,46.619969281381486,6.554957366503009,Daillens,True,False,1120.0,VD
1307,469,70395.97397769516,Lussery-Villars,VD,0,0,0,0,0,0,0,46.632565072693296,6.526614451669056,Lussery-Villars,True,False,469.0,VD
1308,411,72996.94117647059,La Chaux (Cossonay),VD,0,0,0,0,0,0,0,46.61643487942204,6.473228164220544,La Chaux (Cossonay),True,False,411.0,VD
1312,1201,71837.08126036484,Eclépens,VD,0,0,0,0,0,0,0,46.65173995612143,6.5327569516095245,Eclépens,True,False,1201.0,VD
1313,308,83625.53548387096,Ferreyres,VD,0,0,0,0,0,0,0,46.65854577886973,6.484913046601889,Ferreyres,True,False,308.0,VD
1315,2608,63345.70682148041,La Sarraz,VD,0,1,0,0,1,1,1,46.658338268558296,6.509846317553746,La Sarraz,True,True,2608.0,VD
1316,351,78340.57591829446,"Chevilly, La Chaux (Cossonay)",VD,0,0,0,0,0,0,0,46.638386232766194,6.471719004054156,Chevilly,True,False,351.0,VD
1317,511,63178.34892086331,Orny,VD,0,0,0,0,0,0,0,46.66791728326404,6.526290866793152,Orny,True,False,511.0,VD
1318,916,61178.5886214442,Pompaples,VD,0,0,0,0,0,0,0,46.66712409785476,6.510531317184573,Pompaples,True,False,916.0,VD
1321,698,65100.7598944591,Arnex-sur-Orbe,VD,0,0,0,0,0,0,0,46.693352400651264,6.5188524503929655,Arnex-sur-Orbe,True,False,698.0,VD
1322,408,58587.04782608696,Croy,VD,0,0,0,0,0,0,0,46.694229541446006,6.47694671684281,Croy,True,False,408.0,VD
1323,579,55631.85625,Romainmôtier-Envy,VD,0,0,0,0,0,0,0,46.694222327397306,6.464460627736901,Romainmôtier,True,False,579.0,VD
1324,233,58741.236641221374,Premier,VD,0,0,0,0,0,0,0,46.705045792389456,6.444806019268168,Premier,True,False,233.0,VD
1325,502,56732.84016525699,"Mont-la-Ville, Vaulion",VD,0,0,0,0,0,0,0,46.67545120602657,6.377911715902799,Vaulion,True,False,502.0,VD
1326,345,62044.10731707317,Juriens,VD,0,0,0,0,0,0,0,46.690276523934536,6.44818988932316,Juriens,True,False,345.0,VD
1329,265,62713.17361111111,Bretonnières,VD,0,0,0,0,0,0,0,46.71307896742586,6.472987311302277,Bretonnières,True,False,265.0,VD
1337,4413,50791.24534450652,Vallorbe,VD,0,1,1,0,1,1,2,46.71348945189519,6.381450750604979,Vallorbe,True,True,4413.0,VD
1338,1231,53725.839116719246,Ballaigues,VD,0,0,0,0,0,0,0,46.73039281297698,6.413866969801479,Ballaigues,True,False,1231.0,VD
1341,723,59065.260714285716,Le Chenit,VD,0,0,0,0,0,0,0,46.60174873742704,6.239447208629541,L'Orient,True,False,723.0,VD
1342,488,60047.46457607433,L'Abbaye,VD,0,0,0,0,0,0,0,46.66981200867242,6.336620856840175,Le Pont,True,False,488.0,VD
1343,339,60305.38019801981,Le Lieu,VD,0,0,0,0,0,0,0,46.66734148913338,6.3151189447984,Les Charbonnières,True,False,339.0,VD
1344,387,60047.46457607433,L'Abbaye,VD,0,0,0,0,0,0,0,46.64959086070928,6.31961690968094,L'Abbaye,True,False,387.0,VD
1345,585,60305.38019801981,Le Lieu,VD,0,0,0,0,0,0,0,46.65268919163107,6.288015463440039,Le Lieu,True,False,585.0,VD
1346,729,60047.46457607433,L'Abbaye,VD,0,0,0,0,0,0,0,46.61996532076124,6.269530812075916,Les Bioux,True,False,729.0,VD
1347,2583,59065.260714285716,Le Chenit,VD,0,1,1,0,1,1,2,46.61239812875149,6.231129583420101,Le Sentier,True,True,2583.0,VD
1348,1481,59065.260714285716,Le Chenit,VD,0,0,1,0,0,0,1,46.58517901942039,6.209333171295889,Le Brassus,True,False,1481.0,VD
1350,8005,57428.0056664203,Orbe,VD,1,1,0,0,2,2,2,46.72460050613647,6.532905044722402,Orbe,True,True,4002.5,VD
1352,380,63053.935323383084,Agiez,VD,0,0,0,0,0,0,0,46.71956104436671,6.508149694121814,Agiez,True,False,380.0,VD
1353,201,70929.07339449541,Bofflens,VD,0,0,0,0,0,0,0,46.704361256830616,6.498735236819344,Bofflens,True,False,201.0,VD
1354,494,78371.30708661418,Montcherand,VD,0,0,0,0,0,0,0,46.73361253690992,6.509202217582419,Montcherand,True,False,494.0,VD
1355,432,68748.09066358025,"L'Abergement, Sergey",VD,0,0,0,0,0,0,0,46.75252995999876,6.4942881000159245,L'Abergement,True,False,432.0,VD
1356,195,67429.35849056604,Les Clées,VD,0,0,0,0,0,0,0,46.73401934695791,6.47059721483584,Les Clées,True,False,195.0,VD
1357,449,65426.53827532633,"L'Abergement, Lignerolle",VD,0,0,0,0,0,0,0,46.75195312590951,6.458455668157084,Lignerolle,True,False,449.0,VD
1358,569,77907.4859813084,Valeyres-sous-Rances,VD,0,0,0,0,0,0,0,46.75274946782427,6.523936875780599,Valeyres-sous-Rances,True,False,569.0,VD
1372,1069,63932.37182866578,"Bavois, Orny",VD,0,0,0,0,0,0,0,46.67444998562983,6.557921281196485,Bavois,True,False,1069.0,VD
1373,4767,61214.274706288874,Chavornay,VD,0,1,1,0,0,1,1,46.70604042631767,6.570866544440086,Chavornay,True,False,4767.0,VD
1374,383,61214.274706288874,Chavornay,VD,0,0,0,0,0,0,0,46.70338590231426,6.599573145570036,Corcelles-sur-Chavornay,True,False,383.0,VD
1375,446,73422.26406926407,Penthéréaz,VD,0,0,0,0,0,0,0,46.682572619011545,6.603714049898726,Penthéréaz,True,False,446.0,VD
1376,1250,76659.27721088435,Goumoëns,VD,0,0,0,0,0,0,0,46.6588589794789,6.5947913349839125,Goumoens-la-Ville,True,False,1250.0,VD
1377,609,80987.89096573209,Oulens-sous-Echallens,VD,0,0,0,0,0,0,0,46.64348850219537,6.577659425689951,Oulens-sous-Echallens,True,False,609.0,VD
1400,31170,74739.17150214661,"Cheseaux-Noréaz, Cuarny, Yverdon-les-Bains",VD,0,1,4,1,1,2,5,46.77809642451487,6.661327614466839,Yverdon-les-Bains,True,True,31170.0,VD
1404,353,76550.6497545008,"Cuarny, Villars-Epeney",VD,0,0,0,0,0,0,0,46.77614600229185,6.69286059274668,Cuarny,True,False,353.0,VD
1405,900,74100.48190045249,Pomy,VD,0,0,0,0,1,0,1,46.76074299576808,6.668188958260964,Pomy,True,True,900.0,VD
1406,432,65746.66519823788,Cronay,VD,0,0,0,0,0,0,0,46.75662570725412,6.697083683648015,Cronay,True,False,432.0,VD
1407,1030,63166.280021449136,"Bioley-Magnoux, Donneloye",VD,0,0,0,0,0,0,0,46.74008643791346,6.713848764009296,Donneloye,True,False,1030.0,VD
1408,121,63672.9537815126,Donneloye,VD,0,0,0,0,0,0,0,46.73481203804297,6.739959394662217,Prahins,True,False,121.0,VD
1409,110,64195.20734063104,Montanaire,VD,0,0,0,0,0,0,0,46.729207485956834,6.74287104719647,Chanéaz,True,False,110.0,VD
1410,1862,61304.25510327407,"Montanaire, Prévondavaux","FR, VD",0,1,0,0,0,1,0,46.71152844277833,6.761424320578685,Thierrens,True,False,1862.0,VD
1412,452,96561.76847043054,"Ursins, Valeyres-sous-Ursins",VD,0,0,0,0,0,0,0,46.74030064365429,6.661709184460658,Valeyres-sous-Ursins,True,False,452.0,VD
1413,217,61355.66379310345,Orzens,VD,0,0,0,0,0,0,0,46.723525657071455,6.682744596274193,Orzens,True,False,217.0,VD
1415,441,59249.68920998632,"Démoret, Molondin",VD,0,0,0,0,0,0,0,46.75377341900996,6.7530041702282855,Molondin,True,False,441.0,VD
1416,575,78078.23711340207,Pailly,VD,0,0,0,0,0,0,0,46.70021206043378,6.673879541355457,Pailly,True,False,575.0,VD
1417,1183,74881.34736842105,Essertines-sur-Yverdon,VD,0,0,0,0,0,0,0,46.72724368395207,6.641588264192171,Essertines-sur-Yverdon,True,False,1183.0,VD
1418,1113,75271.45045045044,Vuarrens,VD,0,0,0,0,0,0,0,46.68768055148841,6.647533019155079,Vuarrens,True,False,1113.0,VD
1420,421,65219.36220472441,Fiez,VD,0,0,0,0,0,0,0,46.82826682127815,6.624322389057884,Fiez,True,False,421.0,VD
1421,465,67019.12136989471,"Fontaines-sur-Grandson, Grandevent",VD,0,0,0,0,0,0,0,46.83739961908306,6.612739523602015,Fontaines-sur-Grandson,True,False,465.0,VD
1422,3390,66071.82593159775,Grandson,VD,0,0,0,0,0,0,0,46.80621961629447,6.638530734889479,Grandson,True,False,3390.0,VD
1423,873,66313.97374091296,"Bonvillars, Tévenon",VD,0,0,0,0,0,0,0,46.8520051600151,6.645148507676677,Villars-Burquin,True,False,873.0,VD
1424,1087,69457.42419080068,Champagne,VD,0,0,1,0,0,0,1,46.832025186505845,6.657506658511329,Champagne,True,False,1087.0,VD
1425,527,66820.44943820225,Onnens (VD),VD,0,0,0,0,0,0,0,46.83880967958126,6.688595139063281,Onnens VD,True,False,527.0,VD
1426,1474,65502.635910385914,"Concise, Corcelles-près-Concise",VD,0,0,0,0,0,0,0,46.84944957213232,6.714769087614515,Concise,True,False,1474.0,VD
1427,499,68588.62277580072,Bonvillars,VD,0,0,0,0,0,0,0,46.83846720892633,6.670915555690397,Bonvillars,True,False,499.0,VD
1428,530,52723.848750000005,"Mutrux, Provence",VD,0,0,0,0,0,0,0,46.887443944401255,6.723499879414243,Provence,True,False,530.0,VD
1429,461,77875.80722891567,Giez,VD,0,0,0,0,0,0,0,46.812326548805416,6.616846171547542,Giez,True,False,461.0,VD
1430,409,67202.29437229437,Orges,VD,0,0,0,0,0,0,0,46.808560335809936,6.587817097658342,Orges,True,False,409.0,VD
1431,247,62976.16666666667,"Novalles, Vugelles-La Mothe",VD,0,0,0,0,0,0,0,46.82561339458934,6.58505760963598,Vugelles-La Mothe,True,False,247.0,VD
1432,629,58604.570396682415,"Belmont-sur-Yverdon, Yverdon-les-Bains",VD,0,0,0,0,0,0,0,46.74803306213362,6.631373533246289,Belmont-sur-Yverdon,True,False,629.0,VD
1433,666,75725.06666666667,Suchy,VD,0,0,0,0,0,0,0,46.723344256891366,6.599065972448247,Suchy,True,False,666.0,VD
1434,376,62825.66009852217,Ependes (VD),VD,0,0,0,0,0,0,0,46.74351671455031,6.608134235990601,Ependes VD,True,False,376.0,VD
1435,225,61214.274706288874,Chavornay,VD,0,0,0,0,0,0,0,46.727557997288095,6.582634164220517,Essert-Pittet,True,False,225.0,VD
1436,1077,72111.96890411762,"Chamblon, Treycovagnes",VD,0,0,0,0,0,0,0,46.77698218994218,6.608841913992434,Treycovagnes,True,False,1077.0,VD
1437,262,67634.3119266055,Suscévaz,VD,0,0,0,0,0,0,0,46.76475433374647,6.579974047941472,Suscévaz,True,False,262.0,VD
1438,740,60912.653746770025,Mathod,VD,0,0,0,0,0,0,0,46.76654131317693,6.56416976454318,Mathod,True,False,740.0,VD
1439,512,74056.54355400697,Rances,VD,0,0,0,0,0,0,0,46.7623683060128,6.530947266117334,Rances,True,False,512.0,VD
1441,717,70886.83421052631,Valeyres-sous-Montagny,VD,0,0,0,0,0,0,0,46.79836838156486,6.611099154532021,Valeyres-sous-Montagny,True,False,717.0,VD
1442,765,68450.08878504673,Montagny-près-Yverdon,VD,1,1,2,0,1,2,3,46.7916840876651,6.613533435855131,Montagny-près-Yverdon,True,True,765.0,VD
1443,687,65202.54294773891,"Champvent, Vuiteboeuf",VD,0,0,0,0,0,0,0,46.78916379850741,6.578965496002983,Champvent,True,False,687.0,VD
1445,622,57933.799871371935,"Sainte-Croix, Vuiteboeuf",VD,0,0,0,0,0,0,0,46.80941505004824,6.5523878718340605,Vuiteboeuf,True,False,622.0,VD
1446,1190,59520.933436532505,Baulmes,VD,0,0,0,0,0,0,0,46.78998682339818,6.522046308029477,Baulmes,True,False,1190.0,VD
1450,4426,47405.71719532555,Sainte-Croix,VD,0,1,1,0,1,1,2,46.8188619722797,6.510790789090472,Ste-Croix,True,True,4426.0,VD
1452,210,58482.57636577013,"Bullet, Sainte-Croix",VD,0,0,0,0,0,0,0,46.82848286310218,6.534746109547707,Les Rasses,True,False,210.0,VD
1453,661,57906.28185418067,"Bullet, Fiez, Fontaines-sur-Grandson, Grandevent, Mauborget, Tévenon",VD,0,0,0,0,0,0,0,46.85747561542416,6.590706817839568,Bullet,True,False,661.0,VD
1454,681,47443.63782216053,"Baulmes, Sainte-Croix",VD,0,0,0,0,0,0,0,46.82226443331418,6.464621420844691,L'Auberson,True,False,681.0,VD
1462,3537,59482.866933466736,Yvonand,VD,0,1,0,0,0,1,0,46.79898286171348,6.743553172540373,Yvonand,True,False,3537.0,VD
1463,195,75746.6,Rovray,VD,0,0,0,0,0,0,0,46.78714421894676,6.767528954536353,Rovray,True,False,195.0,VD
1464,499,68125.28441450644,"Chavannes-le-Chêne, Chêne-Pâquier",VD,0,0,0,0,0,0,0,46.77360054547544,6.773583659426656,Chavannes-le-Chêne,True,False,499.0,VD
1468,1692,70492.88523391813,Cheyres-Châbles,FR,0,0,0,0,0,0,0,46.81817464823102,6.788448827339706,Cheyres,True,False,1692.0,FR
1470,7826,63034.98147473275,"Estavayer, Lully (FR)",FR,0,1,1,0,1,1,2,46.83030233443819,6.840071644956616,Estavayer-le-Lac,True,True,7826.0,FR
1473,1006,69716.8357715851,"Châtillon (FR), Estavayer",FR,0,0,0,0,0,0,0,46.83427625274555,6.826561978318686,Font,True,False,1006.0,FR
1474,853,70492.88523391813,Cheyres-Châbles,FR,0,0,0,0,0,0,0,46.822597495604974,6.807122641578334,Châbles FR,True,False,853.0,FR
1475,1271,62302.11364843335,Estavayer,FR,0,0,0,0,0,0,0,46.86415030446371,6.884914879905675,Autavaux,True,False,1271.0,FR
1482,1662,62559.32774674115,Cugy (FR),FR,0,0,0,0,0,0,0,46.81393273900874,6.890192785664885,Cugy FR,True,False,1662.0,FR
1483,1135,62617.44336471967,"Cugy (FR), Les Montets",FR,0,0,0,0,0,0,0,46.81718276778946,6.868127369652771,Montet (Broye),True,False,1135.0,FR
1484,855,62646.50117370892,Les Montets,FR,0,0,0,0,0,0,0,46.80516802698353,6.8464528528606765,Aumont,True,False,855.0,FR
1485,501,57333.28103888681,"Nuvilly, Valbroye","FR, VD",0,0,0,0,0,0,0,46.77966710829308,6.837331901195968,Nuvilly,True,False,501.0,FR
1486,267,62302.11364843335,Estavayer,FR,0,0,0,0,0,0,0,46.736903545030266,6.764583310526067,Vuissens,True,False,267.0,FR
1489,830,62302.11364843335,Estavayer,FR,0,0,0,0,0,0,0,46.79349851852488,6.81073895703838,Murist,True,False,830.0,FR
1509,638,72805.7794117647,Vucherens,VD,0,0,0,0,0,0,0,46.62526002803114,6.777468957658376,Vucherens,True,False,638.0,VD
1510,6971,62404.94343445251,"Chavannes-sur-Moudon, Moudon, Syens",VD,0,1,1,1,1,2,2,46.66186168621312,6.799840908357967,Moudon,True,True,6971.0,VD
1512,232,64226.88461538462,Chavannes-sur-Moudon,VD,0,0,0,0,0,0,0,46.65673056084865,6.809719178820278,Chavannes-sur-Moudon,True,False,232.0,VD
1513,436,72808.22457086437,"Corcelles-le-Jorat, Hermenches, Rossenges",VD,0,0,0,0,0,0,0,46.63915568025411,6.759795730532406,Hermenches,True,False,436.0,VD
1514,264,61832.68503937008,Bussy-sur-Moudon,VD,0,0,0,0,0,0,0,46.685976760925655,6.809874490450358,Bussy-sur-Moudon,True,False,264.0,VD
1515,289,62392.03049958381,"Montanaire, Villars-le-Comte",VD,0,0,0,0,0,0,0,46.70427600317292,6.793355187808929,Villars-le-Comte,True,False,289.0,VD
1521,302,58219.04761904762,Curtilles,VD,0,1,0,0,0,1,0,46.69956307347996,6.849020124408404,Curtilles,True,False,302.0,VD
1522,4280,52732.58073522569,Lucens,VD,0,0,1,0,0,0,1,46.70569284014964,6.822708455321726,Lucens,True,False,4280.0,VD
1523,1589,58207.76646032639,Valbroye,VD,0,1,0,0,0,1,0,46.76244461819658,6.887039399140806,Granges-près-Marnand,True,False,1589.0,VD
1524,290,58207.76646032639,Valbroye,VD,0,0,0,0,0,0,0,46.75711677816831,6.899685796812438,Marnand,True,False,290.0,VD
1525,824,57953.29922344988,"Henniez, Surpierre, Valbroye","FR, VD",0,0,0,0,0,0,0,46.7328190973466,6.874097315101264,Henniez,True,False,824.0,VD
1526,192,52732.58073522569,Lucens,VD,0,0,0,0,0,0,0,46.72691678903156,6.832400697574559,Forel-sur-Lucens,True,False,192.0,VD
1527,450,57850.95142857144,Surpierre,FR,0,0,0,0,0,0,0,46.74708890287394,6.868744542478282,Villeneuve FR,True,False,450.0,FR
1528,352,57850.95142857144,Surpierre,FR,0,0,0,0,0,0,0,46.74081300258391,6.852553235775932,Surpierre,True,False,352.0,FR
1529,358,57850.95142857144,Surpierre,FR,0,0,0,0,0,0,0,46.75070246230472,6.836746243206342,Cheiry,True,False,358.0,FR
1530,10634,52280.43201542912,Payerne,VD,1,1,1,2,1,4,2,46.82090003536823,6.938150164820821,Payerne,True,True,10634.0,VD
1532,1295,0.0,Fétigny-Ménières,FR,0,0,0,0,0,0,0,46.79711660130801,6.9143221945780455,Fétigny,True,False,1295.0,FR
1533,443,0.0,Fétigny-Ménières,FR,0,0,0,0,0,0,0,46.78308538883476,6.880633475281843,Ménières,True,False,443.0,FR
1534,304,58146.164248431574,"Les Montets, Surpierre, Valbroye","FR, VD",0,0,0,0,0,0,0,46.777468449667744,6.856546808632678,Sassel,True,False,304.0,FR
1535,289,58207.76646032639,Valbroye,VD,0,0,0,0,0,0,0,46.76181488918367,6.818805908820842,Combremont-le-Grand,True,False,289.0,VD
1536,412,58207.76646032639,Valbroye,VD,0,0,0,0,0,0,0,46.7489384204258,6.808314290096143,Combremont-le-Petit,True,False,412.0,VD
1537,184,62846.747126436785,Champtauroz,VD,0,0,0,0,0,0,0,46.760489348582055,6.7891721442389175,Champtauroz,True,False,184.0,VD
1538,108,53535.90625,Treytorrens (Payerne),VD,0,0,0,0,0,0,0,46.77191387455071,6.800307163572261,Treytorrens (Payerne),True,False,108.0,VD
1541,1119,61518.23625944939,"Estavayer, Sévaz",FR,0,0,0,0,0,0,0,46.83935815399272,6.888684045947078,Bussy FR,True,False,1119.0,FR
1542,605,62302.11364843335,Estavayer,FR,0,0,0,0,0,0,0,46.85942363817643,6.9151693070105615,Rueyres-les-Prés,True,False,605.0,FR
1543,970,61101.228937728934,Grandcour,VD,0,0,0,0,0,0,0,46.87195448702311,6.929108590826432,Grandcour,True,False,970.0,VD
1544,1156,68545.36468646865,Gletterens,FR,0,0,0,0,0,0,0,46.90092133622773,6.935526732958359,Gletterens,True,False,1156.0,FR
1545,487,65713.14788732394,Chevroux,VD,0,0,0,0,0,0,0,46.88958035955351,6.904351724849827,Chevroux,True,False,487.0,VD
1551,301,52280.43201542912,Payerne,VD,0,0,0,0,0,0,0,46.7986928501127,6.944985183157878,Vers-chez-Perrin,True,False,301.0,VD
1552,305,63060.29585798817,Trey,VD,0,0,0,0,0,0,0,46.77100225480798,6.922170477541545,Trey,True,False,305.0,VD
1553,852,56961.61730769231,Châtonnaye,FR,0,0,0,0,0,0,0,46.7528495567987,6.938390753490054,Châtonnaye,True,False,852.0,FR
1554,302,63908.788844621515,Villarzel,VD,0,0,0,0,0,0,0,46.74196516273902,6.928351329671127,Sédeilles,True,False,302.0,VD
1555,219,63908.788844621515,Villarzel,VD,0,0,0,0,0,0,0,46.74787642231716,6.912760564574704,Villarzel,True,False,219.0,VD
1562,3115,55285.42908456319,"Corcelles-près-Payerne, Montagny (FR), Payerne","FR, VD",0,0,0,0,0,0,0,46.83397454146743,6.957252063672318,Corcelles-près-Payerne,True,False,3115.0,VD
1563,1616,62375.223397635345,Belmont-Broye,FR,0,0,0,0,0,0,0,46.85201395985528,6.989640050826308,Dompierre FR,True,False,1616.0,FR
1564,3449,62365.75104136751,"Avenches, Belmont-Broye","FR, VD",0,0,1,0,1,0,2,46.87022561069389,7.013208801041339,Domdidier,True,True,3449.0,FR
1565,916,61877.21901920083,"Missy, Vallon","FR, VD",0,0,0,0,0,0,0,46.88039592592928,6.961229148997006,Missy,True,False,916.0,FR
1566,2106,67013.3837535014,Saint-Aubin (FR),FR,0,0,0,0,0,0,0,46.896616478185535,6.984772423864622,St-Aubin FR,True,False,2106.0,FR
1567,484,68745.28761651131,Delley-Portalban,FR,0,0,0,0,0,0,0,46.91197906427579,6.967714951691696,Delley,True,False,484.0,FR
1568,865,68745.28761651131,Delley-Portalban,FR,0,0,0,0,0,0,0,46.918378907395656,6.955777565053797,Portalban,True,False,865.0,FR
1580,4974,54317.32032926159,"Avenches, Belmont-Broye","FR, VD",0,1,0,0,1,1,1,46.869049863705776,7.041223423130022,Avenches,True,True,4974.0,VD
1583,677,63644.548691860466,Courtepin,FR,0,0,0,0,0,0,0,46.88388837789829,7.076699154116529,Villarepos,True,False,677.0,FR
1584,506,67604.24329792615,Vully-les-Lacs,VD,0,0,0,0,0,0,0,46.90571998799828,6.990489735819473,Villars-le-Grand,True,False,506.0,VD
1585,1414,67604.24329792615,Vully-les-Lacs,VD,0,0,1,0,0,0,1,46.92179977693743,7.026871880962134,Salavaux,True,False,1414.0,VD
1586,603,67604.24329792615,Vully-les-Lacs,VD,0,0,0,0,0,0,0,46.92930627267327,7.039074133742231,Vallamand,True,False,603.0,VD
1587,531,67604.24329792615,Vully-les-Lacs,VD,0,0,0,0,0,0,0,46.92208350784315,7.010663821863625,Montmagny,True,False,531.0,VD
1588,1915,71804.9482421875,Cudrefin,VD,0,0,1,0,0,0,1,46.9538124445504,7.022273045643961,Cudrefin,True,False,1915.0,VD
1589,430,67604.24329792615,Vully-les-Lacs,VD,0,0,0,0,0,0,0,46.92614338890463,6.980143038088791,Chabrey,True,False,430.0,VD
1595,945,69237.57471264369,"Faoug, Murten","FR, VD",0,0,0,0,0,0,0,46.90336187543237,7.083477209801755,Faoug,True,False,945.0,FR
1607,1962,61454.92835186177,"Oron, Puidoux",VD,0,0,0,0,0,0,0,46.5447695508673,6.820890236863457,Palézieux,True,False,1962.0,VD
1608,1064,61901.969424278854,"Oron, Rue","FR, VD",0,0,0,0,0,0,0,46.57698491464671,6.847918683317949,Oron-le-Châtel,True,False,1064.0,VD
1609,1059,67666.36886632825,Saint-Martin (FR),FR,0,0,0,0,0,0,0,46.58273139544232,6.877421402865227,St-Martin FR,True,False,1059.0,FR
1610,2884,61175.56189903846,Oron,VD,1,1,1,1,1,3,2,46.569663885502735,6.815398774927142,Oron-la-Ville,True,True,2884.0,VD
1611,582,62386.578231292515,La Verrerie,FR,0,0,0,0,0,0,0,46.606461757764095,6.916175557415914,Le Crêt-près-Semsales,True,False,582.0,FR
1612,490,61175.56189903846,Oron,VD,0,0,0,0,0,0,0,46.54650543843613,6.860639301350852,Ecoteaux,True,False,490.0,VD
1613,562,71222.80471380471,Maracon,VD,0,0,0,0,0,0,0,46.55186046707968,6.871835081919726,Maracon,True,False,562.0,VD
1614,1012,61543.0,Granges (Veveyse),FR,0,0,0,0,0,0,0,46.52536483590072,6.829625002871034,Granges (Veveyse),True,False,1012.0,FR
1615,1661,64033.0401836969,Bossonnens,FR,0,0,1,0,0,0,1,46.525559164375125,6.8511145716735005,Bossonnens,True,False,1661.0,FR
1616,3119,70960.1144427786,Attalens,FR,0,0,0,0,0,0,0,46.50897939182718,6.851034230483681,Attalens,True,False,3119.0,FR
1617,2026,72572.58761212736,"Attalens, Remaufens",FR,0,0,0,0,0,0,0,46.52758466398328,6.874455642121799,Remaufens,True,False,2026.0,FR
1618,7622,65258.46057295744,"Châtel-Saint-Denis, Remaufens",FR,0,1,2,1,1,2,3,46.527566524876384,6.896573611718599,Châtel-St-Denis,True,True,7622.0,FR
1619,1310,65252.028789923526,Châtel-Saint-Denis,FR,0,0,0,0,0,0,0,46.51889236250983,6.951529834601708,Les Paccots,True,False,1310.0,FR
1623,1589,62614.67605633803,Semsales,FR,0,0,0,0,0,0,0,46.572618789836255,6.929834609884603,Semsales,True,False,1589.0,FR
1624,741,62386.578231292515,La Verrerie,FR,0,0,0,0,0,0,0,46.58981709293784,6.916945878601403,La Verrerie,True,False,741.0,FR
1625,972,68669.96254681647,Sâles,FR,0,0,0,0,0,0,0,46.63583149540633,6.98058911055207,Sâles (Gruyère),True,False,972.0,FR
1626,506,68669.96254681647,Sâles,FR,0,0,0,0,0,0,0,46.65058804621965,6.96498344608426,Romanens,True,False,506.0,FR
1627,1117,63774.13025190826,"Semsales, Sâles, Vaulruz",FR,0,0,0,0,0,0,0,46.6093892471051,6.967296669432341,Vaulruz,True,False,1117.0,FR
1628,2581,62545.90142626808,"Echarlens, Riaz, Vaulruz, Vuadens",FR,0,0,0,0,0,0,0,46.61756277953331,7.01433068886717,Vuadens,True,False,2581.0,FR
1630,21401,60538.41298788095,"Bulle, Semsales, Vaulruz, Vuadens",FR,1,0,0,0,1,1,1,46.59609315181172,7.016866665214049,Bulle,True,True,21401.0,FR
1632,2918,68503.48242811502,Riaz,FR,0,0,0,0,0,0,0,46.64006690554473,7.05800228766118,Riaz,True,False,2918.0,FR
1633,2093,71367.7899543379,Marsens,FR,0,0,0,0,0,0,0,46.65805506621967,7.068046473345211,Marsens,True,False,2093.0,FR
1634,2078,65027.08690501293,"Hauteville, La Roche",FR,0,1,0,0,1,1,1,46.68621897727553,7.139172086731465,La Roche FR,True,True,2078.0,FR
1635,5908,60783.88838275915,"Bulle, Gruyères, Le Pâquier (FR)",FR,0,0,0,1,0,1,0,46.60074032622441,7.03737114602691,La Tour-de-Trême,True,False,5908.0,FR
1636,2957,57878.52443610058,"Broc, Gruyères",FR,0,1,0,0,0,1,0,46.59986710518936,7.1274141794099375,Broc,True,False,2957.0,FR
1637,2314,62984.230042688294,"Jaun, Val-de-Charmey",FR,0,1,1,0,0,1,1,46.59969986958242,7.184051425335122,Charmey (Gruyère),True,False,2314.0,FR
1638,790,69295.32114882507,Morlon,FR,0,1,1,0,1,1,2,46.624892218704495,7.083270203765022,Morlon,True,True,790.0,FR
1642,1125,63906.82852564102,Sorens,FR,0,0,0,0,0,0,0,46.67057199024841,7.052938380537871,Sorens,True,False,1125.0,FR
1643,985,70472.59236234459,Pont-en-Ogoz,FR,0,0,0,0,0,0,0,46.67739534116753,7.076218808740256,Gumefens,True,False,985.0,FR
1644,649,70472.59236234459,Pont-en-Ogoz,FR,0,0,0,0,0,0,0,46.68651426084256,7.086837089736016,Avry-devant-Pont,True,False,649.0,FR
1645,416,70472.59236234459,Pont-en-Ogoz,FR,0,0,0,0,0,0,0,46.700801610229504,7.0847039085824175,Le Bry,True,False,416.0,FR
1646,826,67459.4212391897,"Corbières, Echarlens",FR,0,0,0,0,0,0,0,46.65373881773722,7.082597442895613,Echarlens,True,False,826.0,FR
1647,657,67286.92004755429,"Corbières, Hauteville",FR,0,0,0,0,0,0,0,46.660930696332045,7.114109218370224,Corbières,True,False,657.0,FR
1648,750,65765.87743732591,Hauteville,FR,0,0,0,0,0,0,0,46.673609563723765,7.112274721531291,Hauteville,True,False,750.0,FR
1649,649,79519.2040229885,Pont-la-Ville,FR,0,0,0,0,0,0,0,46.69654303786718,7.113586812784549,Pont-la-Ville,True,False,649.0,FR
1651,377,67297.50358422939,Corbières,FR,0,0,0,0,0,0,0,46.64493125164197,7.1090394448944885,Villarvolard,True,False,377.0,FR
1652,748,69093.4907651715,Botterens,FR,0,0,0,0,0,0,0,46.62342714458596,7.112121686941057,Botterens,True,False,748.0,FR
1653,862,67624.15079954157,"Broc, Châtel-sur-Montsalvens, Crésuz",FR,0,0,0,0,0,0,0,46.61490456497175,7.128583745799987,Crésuz,True,False,862.0,FR
1654,411,63049.73942701228,Val-de-Charmey,FR,0,0,0,0,0,0,0,46.64255674652711,7.170663469686689,Cerniat FR,True,False,411.0,FR
1656,659,51908.687671232874,Jaun,FR,0,0,0,0,0,0,0,46.60462137054763,7.260364714299786,Jaun,True,False,659.0,FR
1657,29,76533.9216050079,"Boltigen, Jaun, Saanen","BE, FR",0,0,0,0,0,0,0,46.57426674309374,7.293035946964999,Abländschen,True,False,29.0,BE
1658,506,57799.10101010101,Rossinière,VD,0,0,0,0,0,0,0,46.468961858067104,7.067025228291377,Rossinière,True,False,506.0,VD
1659,883,57935.345386863875,"Château-d'Oex, Rougemont",VD,0,0,0,0,0,0,0,46.49488245347207,7.187435006544732,Rougemont,True,False,883.0,VD
1660,3604,54905.759571827875,"Château-d'Oex, Ormont-Dessous",VD,0,1,0,0,0,1,0,46.44000163054383,7.1108652939477865,Château-d'Oex,True,False,3604.0,VD
1661,1437,70542.75481079666,"Bulle, Gruyères, Le Pâquier (FR)",FR,1,0,2,0,1,1,3,46.59490365851551,7.054040171013315,Le Pâquier-Montbarry,True,True,1437.0,FR
1663,2345,65605.7661446627,"Bas-Intyamon, Gruyères",FR,0,0,0,0,0,0,0,46.576670772091255,7.063329872389177,Gruyères,True,False,2345.0,FR
1665,499,59648.37962962963,Bas-Intyamon,FR,0,0,0,0,0,0,0,46.56376431523527,7.103131879995537,Estavannens,True,False,499.0,FR
1666,1255,63047.51681903422,"Bas-Intyamon, Grandvillard",FR,0,0,0,0,0,0,0,46.53982778370677,7.077207900294522,Grandvillard,True,False,1255.0,FR
1667,930,59648.37962962963,Bas-Intyamon,FR,0,0,0,0,0,0,0,46.565398031362186,7.081379775539304,Enney,True,False,930.0,FR
1669,1772,56994.06747787611,Haut-Intyamon,FR,0,0,0,0,0,0,0,46.50594855328161,7.049702726445654,Albeuve,True,False,1772.0,FR
1670,2101,64715.432739059965,Ursy,FR,0,0,0,0,0,0,0,46.637049092338735,6.845711708532783,Ursy,True,False,2101.0,FR
1673,2218,64081.192,Rue,FR,0,0,0,0,0,0,0,46.60097413193783,6.817913482955314,Promasens,True,False,2218.0,FR
1674,1000,64715.432739059965,Ursy,FR,0,0,0,0,0,0,0,46.64707328176632,6.827040055783621,Vuarmarens,True,False,1000.0,FR
1675,1058,64506.11215381222,"Rue, Ursy",FR,0,0,0,0,0,0,0,46.61244364836452,6.84736522386129,Vauderens,True,False,1058.0,FR
1676,499,64852.46891385768,Siviriez,FR,0,0,0,0,0,0,0,46.6518597089701,6.896218386285137,Chavannes-les-Forts,True,False,499.0,FR
1677,507,64852.46891385768,Siviriez,FR,0,0,0,0,0,0,0,46.637582948594215,6.875766122070291,Prez-vers-Siviriez,True,False,507.0,FR
1678,1332,64852.46891385768,Siviriez,FR,0,0,0,0,0,0,0,46.65783703879923,6.876704306553332,Siviriez,True,False,1332.0,FR
1679,373,64852.46891385768,Siviriez,FR,0,0,0,0,0,0,0,46.66132978595616,6.910992065778803,Villaraboud,True,False,373.0,FR
1680,6601,59774.38899637225,"Mézières (FR), Romont (FR), Siviriez, Villaz",FR,1,1,1,1,1,3,2,46.69163962786554,6.926291780008606,Romont FR,True,True,6601.0,FR
1681,910,58678.371769383695,Billens-Hennens,FR,0,0,0,0,0,0,0,46.686318829784526,6.890839091804931,Billens,True,False,910.0,FR
1682,899,60407.26135657136,"Dompierre (VD), Lovatens, Prévonloup, Valbroye",VD,0,0,0,0,0,0,0,46.70918144533603,6.884990475666823,Prévonloup,True,False,899.0,VD
1683,407,52732.58073522569,Lucens,VD,0,0,0,0,0,0,0,46.67630369109071,6.845741483156168,Brenles,True,False,407.0,VD
1684,918,62126.4694214876,Mézières (FR),FR,0,0,0,0,0,0,0,46.677122948818266,6.92799790457429,Mézières FR,True,False,918.0,FR
1685,367,63559.58547655068,Vuisternens-devant-Romont,FR,0,0,0,0,0,0,0,46.66266145965399,6.940979041864562,Villariaz,True,False,367.0,FR
1686,261,68294.11312662486,"Grangettes, Vuisternens-devant-Romont",FR,0,0,0,0,0,0,0,46.68070840822587,6.959163047733554,Grangettes-près-Romont,True,False,261.0,FR
1687,1232,63559.58547655068,Vuisternens-devant-Romont,FR,0,0,0,0,0,0,0,46.65228274729977,6.939671219824489,Vuisternens-devant-Romont,True,False,1232.0,FR
1688,345,63559.58547655068,Vuisternens-devant-Romont,FR,0,0,0,0,0,0,0,46.63674587570338,6.906498522912094,Sommentier,True,False,345.0,FR
1689,362,57432.35849056605,Le Châtelard,FR,0,0,0,0,0,0,0,46.67793058741248,6.98479192236667,Le Châtelard-près-Romont,True,False,362.0,FR
1690,1869,62556.97733220477,"Villaz, Villorsonnens",FR,0,0,0,0,0,0,0,46.71915258046084,6.957439163665472,Villaz-St-Pierre,True,False,1869.0,FR
1691,557,62573.98512137823,Villaz,FR,0,0,0,0,0,0,0,46.73954234957902,6.962943848898692,Villarimboud,True,False,557.0,FR
1692,605,64309.250825082505,Massonnens,FR,0,0,0,0,0,0,0,46.69843514485265,6.9745122100303645,Massonnens,True,False,605.0,FR
1694,1562,61740.065573770495,Villorsonnens,FR,0,0,0,0,0,0,0,46.71073832216511,6.999353676544173,Villarsiviriaux,True,False,1562.0,FR
1695,1497,65772.38207217694,Gibloux,FR,0,0,0,0,0,0,0,46.71294255886273,7.025193181866051,Villarlod,True,False,1497.0,FR
1696,1351,65772.38207217694,Gibloux,FR,0,0,0,0,0,0,0,46.706028678718816,7.054423385077338,Vuisternens-en-Ogoz,True,False,1351.0,FR
1697,419,63559.58547655068,Vuisternens-devant-Romont,FR,0,0,0,0,0,0,0,46.62342010001201,6.920633892243348,La Joux FR,True,False,419.0,FR
1699,1221,60769.95614035088,Le Flon,FR,0,0,0,0,0,0,0,46.601722320212126,6.867393303934112,Porsel,True,False,1221.0,FR
1700,39340,56610.33618604317,"Düdingen, Fribourg, Tafers",FR,1,2,1,1,2,4,3,46.80881228044368,7.173794451755754,Fribourg,True,True,19670.0,FR
1712,3645,65727.81529622867,"Schmitten (FR), Tafers",FR,0,1,0,0,0,1,0,46.821233993728455,7.233676319991423,Tafers,True,False,3645.0,FR
1713,1719,65736.16612699095,"Schmitten (FR), Tafers",FR,0,0,0,0,0,0,0,46.82736883843425,7.262648073666073,St. Antoni,True,False,1719.0,FR
1714,1838,65435.688839306196,"Heitenried, Tafers",FR,0,0,0,0,0,0,0,46.827519193247184,7.296192605756582,Heitenried,True,False,1838.0,FR
1715,1915,65633.87303959181,"St. Ursen, Tafers",FR,0,0,1,0,0,0,1,46.78605664910404,7.268021679251451,Alterswil FR,True,False,1915.0,FR
1716,3368,56987.01982083341,"Jaun, Plaffeien, Plasselb, Val-de-Charmey",FR,0,1,0,0,0,1,0,46.68912824123432,7.277422558928987,Plaffeien,True,False,3368.0,FR
1717,1297,61959.51659320007,"St. Ursen, Tafers",FR,0,0,0,0,0,0,0,46.79382817873672,7.21806225793553,St. Ursen,True,False,1297.0,FR
1718,1219,64649.147137871565,"Rechthalten, St. Ursen",FR,0,0,0,0,0,0,0,46.77050344550295,7.253802042625642,Rechthalten,True,False,1219.0,FR
1719,1096,60345.89154596174,"Brünisried, Plaffeien",FR,0,0,1,0,1,0,2,46.75327294751663,7.285247597833756,Brünisried,True,True,1096.0,FR
1720,3097,83677.94052219811,"Belfaux, Corminboeuf",FR,0,0,0,0,0,0,0,46.808943415505325,7.085240311637265,Corminboeuf,True,False,3097.0,FR
1721,2393,62611.210448547856,"Avenches, Misery-Courtion","FR, VD",0,0,0,0,0,0,0,46.85792584422924,7.075909670976043,Misery,True,False,2393.0,FR
1722,661,56161.991738969904,Fribourg,FR,0,0,2,0,1,0,3,46.80031176747483,7.174827095608656,Bourguillon,True,True,661.0,FR
1723,9782,75098.9417854173,"Marly, Pierrafortscha, Villarsel-sur-Marly",FR,1,1,2,1,1,3,3,46.77422959157629,7.169290632916586,Marly,True,True,9782.0,FR
1724,3750,65801.60433669975,"Bois-d'Amont, Ferpicloz, Le Mouret, St. Silvester, Treyvaux, Villarsel-sur-Marly",FR,0,0,0,0,0,0,0,46.74247494236412,7.173553824969937,Le Mouret,True,False,3750.0,FR
1725,1460,66411.9439079945,"Bois-d'Amont, Hauterive (FR), Marly",FR,0,0,0,0,0,0,0,46.767246390791534,7.116462941055406,Posieux,True,False,1460.0,FR
1726,3071,65772.38207217694,Gibloux,FR,0,0,0,0,0,0,0,46.72807129511333,7.060947210804313,Farvagny-le-Grand,True,False,3071.0,FR
1727,1374,65772.38207217694,Gibloux,FR,0,0,0,0,0,0,0,46.742533118453146,7.088047261449839,Corpataux,True,False,1374.0,FR
1728,1426,65772.38207217694,Gibloux,FR,0,0,0,0,0,0,0,46.720081638867065,7.10334677246592,Rossens FR,True,False,1426.0,FR
1730,1226,66477.2488418266,Hauterive (FR),FR,0,0,0,0,0,0,0,46.75616454994961,7.0832136583297975,Ecuvillens,True,False,1226.0,FR
1731,1119,66962.47773279352,Bois-d'Amont,FR,0,0,1,0,0,0,1,46.754288505044656,7.147973676522118,Ependes FR,True,False,1119.0,FR
1732,1196,66962.47773279352,Bois-d'Amont,FR,0,0,0,0,0,0,0,46.74395115677749,7.123755571648294,Arconciel,True,False,1196.0,FR
1733,1644,63385.1183042287,"La Roche, Treyvaux",FR,0,1,0,0,0,1,0,46.72113509604823,7.132418075206916,Treyvaux,True,False,1644.0,FR
1734,1378,61780.861339715506,"Le Mouret, St. Silvester, Tentlingen",FR,0,0,0,0,0,0,0,46.759063116187015,7.197094155079703,Tentlingen,True,False,1378.0,FR
1735,1731,63798.72771370056,"Giffers, Rechthalten",FR,0,1,0,0,0,1,0,46.755944940864936,7.231455419367078,Giffers,True,False,1731.0,FR
1736,1045,58369.50830564784,St. Silvester,FR,0,0,0,0,0,0,0,46.741362984294135,7.22078354887642,St. Silvester,True,False,1045.0,FR
1737,1099,58245.484552845526,Plasselb,FR,0,0,0,0,0,0,0,46.73497831786067,7.252288367416216,Plasselb,True,False,1099.0,FR
1738,185,52956.77646183309,"Guggisberg, Plaffeien, Rüschegg","BE, FR",0,0,0,0,0,0,0,46.70799280046965,7.371377450265032,Sangernboden,True,False,185.0,BE
1740,2874,72189.0508361204,Neyruz (FR),FR,0,0,0,0,1,0,1,46.76727005714682,7.065126371453562,Neyruz FR,True,True,2874.0,FR
1741,1605,67872.55392156863,Cottens (FR),FR,0,0,1,0,0,0,1,46.75349404059837,7.03501473298252,Cottens FR,True,False,1605.0,FR
1742,800,64582.16926503341,Autigny,FR,0,0,0,0,0,0,0,46.7376378441704,7.020884958522113,Autigny,True,False,800.0,FR
1744,908,70792.61467889909,Chénens,FR,0,0,0,0,0,0,0,46.74336138360234,6.999994993511822,Chénens,True,False,908.0,FR
1745,1142,69722.11366495425,"Autigny, La Brillaz",FR,0,0,0,0,0,0,0,46.75660660639899,7.009251837705989,Lentigny,True,False,1142.0,FR
1746,1303,68582.0866873065,Prez,FR,0,0,0,0,0,0,0,46.78312633033007,7.013053876639288,Prez-vers-Noréaz,True,False,1303.0,FR
1747,433,68582.0866873065,Prez,FR,0,0,0,0,0,0,0,46.77250925418628,6.993616615982868,Corserey,True,False,433.0,FR
1748,598,63807.89419795221,Torny,FR,0,0,0,0,0,0,0,46.77048483911042,6.966702502788063,Torny-le-Grand,True,False,598.0,FR
1749,514,63807.89419795221,Torny,FR,0,0,0,0,0,0,0,46.77177282574624,6.947929440818426,Middes,True,False,514.0,FR
1752,12644,67665.50263832354,Villars-sur-Glâne,FR,1,1,4,0,2,2,6,46.79302662764731,7.125602650758022,Villars-sur-Glâne,True,True,6322.0,FR
1753,2118,68402.71063219746,"Corminboeuf, Matran",FR,0,1,3,1,2,2,5,46.78891625973967,7.0946462815867655,Matran,True,True,1059.0,FR
1754,1986,71183.74527576634,"Avry, La Brillaz, Prez",FR,1,0,0,0,0,1,0,46.78550193366476,7.044769942319767,Corjolens,True,False,1986.0,FR
1756,1134,70054.5614927905,La Brillaz,FR,0,0,0,0,0,0,0,46.77319577565997,7.029210856957027,Onnens FR,True,False,1134.0,FR
1757,735,68582.0866873065,Prez,FR,0,0,0,0,0,0,0,46.80225204219597,7.028098344339795,Noréaz,True,False,735.0,FR
1762,3507,66799.81121495327,Givisiez,FR,2,1,0,1,1,4,1,46.81270458210977,7.130702643189972,Givisiez,True,True,3507.0,FR
1763,3989,61608.02921914358,Granges-Paccot,FR,0,1,2,0,3,1,5,46.8214617596122,7.1461026806959085,Granges-Paccot,True,True,1329.6666666666667,FR
1772,2904,137.01757406347227,"Belmont-Broye, Grolley-Ponthaux",FR,0,0,1,0,0,0,1,46.827047551204885,7.053148588906047,Grolley,True,False,2904.0,FR
1773,1184,62375.223397635345,Belmont-Broye,FR,0,0,0,0,0,0,0,46.837086067163824,7.020373211372192,Léchelles,True,False,1184.0,FR
1774,1566,60344.518900761344,"Corcelles-près-Payerne, Montagny (FR)","FR, VD",0,0,0,0,0,0,0,46.81760055883643,6.978495854314079,Cousset,True,False,1566.0,FR
1775,958,60353.09814482346,Montagny (FR),FR,0,0,0,0,0,0,0,46.790391144587815,6.976415600570371,Mannens,True,False,958.0,FR
1776,582,60377.82873666535,"Belmont-Broye, Montagny (FR)",FR,0,0,0,0,0,0,0,46.825461756461095,6.993708395725463,Montagny-la-Ville,True,False,582.0,FR
1782,4968,67588.6385587052,"Belfaux, La Sonnaz",FR,0,0,0,0,1,0,1,46.8286860693718,7.110619331510715,Belfaux,True,True,4968.0,FR
1783,523,63644.548691860466,Courtepin,FR,0,0,0,0,0,0,0,46.852563893550496,7.146465413372175,Pensier,True,False,523.0,FR
1784,3009,63644.548691860466,Courtepin,FR,0,0,1,0,1,0,2,46.86790370284189,7.12050875525142,Courtepin,True,True,3009.0,FR
1785,1120,73172.13117870722,Cressier (FR),FR,0,0,0,0,0,0,0,46.89964926672624,7.14253913809519,Cressier FR,True,False,1120.0,FR
1786,2550,78557.83450704225,Mont-Vully,FR,0,1,1,0,0,1,1,46.96319729933835,7.1147396951264685,Sugiez,True,False,2550.0,FR
1787,771,74906.63743733689,"Mont-Vully, Vully-les-Lacs","FR, VD",0,0,0,0,0,0,0,46.94527690597653,7.067921986586573,Môtier (Vully),True,False,771.0,FR
1788,396,78557.83450704225,Mont-Vully,FR,0,0,0,0,0,0,0,46.9542135084707,7.100080611901757,Praz (Vully),True,False,396.0,FR
1789,1039,78557.83450704225,Mont-Vully,FR,0,0,0,0,0,0,0,46.9510978677338,7.07558806111904,Lugnorre,True,False,1039.0,FR
1791,1630,63644.548691860466,Courtepin,FR,0,0,0,0,0,0,0,46.869653059912174,7.130191875265693,Courtaman,True,False,1630.0,FR
1792,1457,70947.66804807294,Gurmels,FR,0,0,0,0,0,0,0,46.87834365157912,7.146008218357753,Cordast,True,False,1457.0,FR
1793,436,66978.27262931035,"Murten, Staatswald Galm",FR,0,0,0,0,0,0,0,46.91053208437141,7.171589699182097,Jeuss,True,False,436.0,FR
1794,708,69138.86206896552,Murten,FR,0,0,0,0,0,0,0,46.91265048008799,7.150737149956159,Salvenach,True,False,708.0,FR
1795,314,68802.50020401915,"Courtepin, Murten",FR,0,0,0,0,0,0,0,46.88734499145342,7.10863138957659,Courlevon,True,False,314.0,FR
1796,1169,71800.2278308322,Courgevaux,FR,0,0,0,0,0,0,0,46.91023019316171,7.110557633244625,Courgevaux,True,False,1169.0,FR
1797,593,72010.86524822695,Münchenwiler,BE,0,0,0,0,0,0,0,46.91320398543863,7.125254753362439,Münchenwiler,True,False,593.0,BE
1800,20147,53401.814001806684,Vevey,VD,1,2,3,0,2,3,5,46.46297468418531,6.847602525475483,Vevey,True,True,10073.5,VD
1801,1133,76381.8036015757,Chardonne,VD,0,0,0,0,0,0,0,46.4844461555122,6.828614240588083,Le Mont-Pèlerin,True,False,1133.0,VD
1802,2323,99032.17327935222,Corseaux,VD,0,0,0,0,0,0,0,46.470836346716,6.828793785962563,Corseaux,True,False,2323.0,VD
1803,2250,76381.8036015757,Chardonne,VD,0,0,0,0,0,0,0,46.47762191607592,6.829290218527669,Chardonne,True,False,2250.0,VD
1804,2452,60062.81367797523,Corsier-sur-Vevey,VD,0,0,1,0,0,0,1,46.47172888062764,6.844395014430262,Corsier-sur-Vevey,True,False,2452.0,VD
1805,1918,85910.42474226802,Jongny,VD,0,0,0,0,0,0,0,46.48273688457521,6.8455502792764165,Jongny,True,False,1918.0,VD
1806,6024,84965.58743822732,Blonay - Saint-Légier,VD,0,1,1,0,0,1,1,46.47237157042338,6.875103043244848,St-Légier-La Chiésaz,True,False,6024.0,VD
1807,6605,84936.30358717655,"Blonay - Saint-Légier, Montreux",VD,0,1,0,0,1,1,1,46.46125121464279,6.895044799613755,Blonay,True,True,6605.0,VD
1808,949,60358.45744772435,"Attalens, Corsier-sur-Vevey","FR, VD",0,0,0,0,0,0,0,46.50356396664198,6.875872050966635,Les Monts-de-Corsier,True,False,949.0,VD
1809,64,60062.81367797523,Corsier-sur-Vevey,VD,0,0,0,0,0,0,0,46.48360290260348,6.865244717604304,Fenil-sur-Corsier,True,False,64.0,VD
1814,13046,67295.63829475535,La Tour-de-Peilz,VD,0,1,1,0,1,1,2,46.454989475448905,6.865717221168029,La Tour-de-Peilz,True,True,13046.0,VD
1815,9519,57339.312862022874,Montreux,VD,0,0,1,0,1,0,2,46.44444123870599,6.893847307170728,Clarens,True,True,9519.0,VD
1816,1257,57339.312862022874,Montreux,VD,0,0,0,0,0,0,0,46.4531399423161,6.891924481291794,Chailly-Montreux,True,False,1257.0,VD
1817,1051,57339.312862022874,Montreux,VD,0,0,0,0,0,0,0,46.45475924608288,6.903232129133645,Brent,True,False,1051.0,VD
1820,11694,58973.10662107997,"Montreux, Veytaux",VD,0,1,1,0,1,1,2,46.42611039504042,6.923284267274809,Montreux,True,True,11694.0,VD
1822,2036,57339.312862022874,Montreux,VD,0,0,1,0,0,0,1,46.44406016062473,6.912174198822672,Chernex,True,False,2036.0,VD
1823,967,57339.312862022874,Montreux,VD,0,0,0,0,0,0,0,46.43302758097124,6.927061884933581,Glion,True,False,967.0,VD
1824,641,57339.312862022874,Montreux,VD,0,0,0,0,0,0,0,46.43520404875076,6.94724796157355,Caux,True,False,641.0,VD
1832,648,57339.312862022874,Montreux,VD,0,0,0,0,0,0,0,46.45939150608075,6.921580526572271,Chamby,True,False,648.0,VD
1833,357,57339.312862022874,Montreux,VD,0,0,0,0,0,0,0,46.457125202328726,6.942753286650989,Les Avants,True,False,357.0,VD
1844,6061,54230.717504898756,Villeneuve (VD),VD,0,1,0,0,1,1,1,46.39679916073157,6.930550719809217,Villeneuve VD,True,True,6061.0,VD
1845,1210,65937.75468483816,Noville,VD,0,0,0,1,0,1,0,46.38204698031597,6.903456964321178,Noville,True,False,1210.0,VD
1846,525,54840.26896551724,Chessel,VD,0,0,0,0,0,0,0,46.35017691932381,6.894496097866917,Chessel,True,False,525.0,VD
1847,935,55379.316326530614,Rennaz,VD,1,1,1,0,0,2,1,46.37688814318116,6.919923668550223,Rennaz,True,False,935.0,VD
1852,2039,54509.62795477903,Roche (VD),VD,0,0,1,0,0,0,1,46.36015513344181,6.92964700501709,Roche VD,True,False,2039.0,VD
1853,1119,63622.00833333333,Yvorne,VD,0,0,1,0,1,0,2,46.33202832092965,6.957027223063356,Yvorne,True,True,1119.0,VD
1854,3704,53424.89565780946,Leysin,VD,0,1,1,0,0,1,1,46.34467256582493,7.014406922202916,Leysin,True,False,3704.0,VD
1856,455,55740.66555663411,"Corbeyrier, Ormont-Dessous",VD,0,0,0,0,0,0,0,46.37668151026951,6.991327263261027,Corbeyrier,True,False,455.0,VD
1860,12041,51721.646806510515,"Aigle, Ollon",VD,0,1,1,1,1,2,2,46.30909724801387,6.969685634125094,Aigle,True,True,12041.0,VD
1862,480,53848.14469914041,Ormont-Dessous,VD,0,0,0,0,0,0,0,46.38414296138012,7.09141137178419,Les Mosses,True,False,480.0,VD
1863,594,53838.64696774624,"Aigle, Ormont-Dessous",VD,0,0,0,0,0,0,0,46.34818633002948,7.039472742987023,Le Sépey,True,False,594.0,VD
1864,296,60880.50122850123,Ormont-Dessus,VD,0,0,0,0,0,0,0,46.35705220797869,7.121797035462239,Vers-l'Eglise,True,False,296.0,VD
1865,1142,60880.50122850123,Ormont-Dessus,VD,0,1,1,0,0,1,1,46.35104798188173,7.161246952049461,Les Diablerets,True,False,1142.0,VD
1866,197,54180.96909630117,"Ollon, Ormont-Dessous",VD,0,0,0,0,0,0,0,46.34332995490805,7.052958311108119,La Forclaz VD,True,False,197.0,VD
1867,4529,67522.11335816924,Ollon,VD,0,0,0,0,0,0,0,46.29859048221201,6.996033734349715,Ollon VD,True,False,4529.0,VD
1868,6723,59065.39668145862,Collombey-Muraz,VS,1,1,1,1,1,3,2,46.27335396624252,6.947792619586523,Collombey,True,True,6723.0,VS
1869,2145,57168.65782493369,Massongex,VS,0,1,1,0,1,1,2,46.241527610925694,6.986703128076743,Massongex,True,True,2145.0,VS
1870,16529,56675.12269103636,Monthey,VS,1,1,0,0,1,2,1,46.253870007741725,6.95215746581405,Monthey,True,True,16529.0,VS
1871,2826,56720.60607242498,"Massongex, Monthey, Troistorrents",VS,0,0,0,0,0,0,0,46.22959471608672,6.953617115175878,Choëx,True,False,2826.0,VS
1872,4241,60452.00304654505,"Collombey-Muraz, Troistorrents",VS,0,0,0,0,0,0,0,46.2454922868738,6.92222275094983,Troistorrents,True,False,4241.0,VS
1873,2149,57500.30247933884,Val-d'Illiez,VS,0,0,0,0,0,0,0,46.19882664959452,6.864399267904779,Val-d'Illiez,True,False,2149.0,VS
1874,1415,65671.87482419128,Champéry,VS,0,1,0,0,0,1,0,46.17572636767191,6.868323099968343,Champéry,True,False,1415.0,VS
1875,834,60458.08911246856,Troistorrents,VS,0,0,0,0,0,0,0,46.23968310983465,6.860546802824668,Morgins,True,False,834.0,VS
1880,8896,52362.112209106504,"Bex, Gryon",VD,0,0,0,0,0,0,0,46.26338474801914,7.052554631641551,Bex,True,False,8896.0,VD
1882,1572,59780.87649207012,"Bex, Gryon",VD,0,0,0,0,0,0,0,46.282220935064274,7.114457227671522,Gryon,True,False,1572.0,VD
1884,1912,67522.11335816924,Ollon,VD,0,1,0,0,0,1,0,46.29349575582063,7.048829953417326,Villars-sur-Ollon,True,False,1912.0,VD
1885,1855,67522.11335816924,Ollon,VD,0,0,0,0,0,0,0,46.30245509908264,7.044057939853243,Chesières,True,False,1855.0,VD
1890,4610,50528.07668108533,Saint-Maurice,VS,0,0,0,0,0,0,0,46.19625795839228,7.001913081551213,St-Maurice,True,False,4610.0,VS
1891,945,59940.53665783581,"Massongex, Vérossaz",VS,0,0,0,0,0,0,0,46.21838713664139,6.986980180006143,Vérossaz,True,False,945.0,VS
1892,1024,55446.0,Lavey-Morcles,VD,0,1,0,0,1,1,1,46.21153423438421,7.0229881894811,Lavey-Village,True,True,1024.0,VD
1893,3458,59061.165896495564,"Collombey-Muraz, Monthey",VS,0,0,0,0,0,0,0,46.28059178305245,6.905819731194136,Muraz (Collombey),True,False,3458.0,VS
1895,2427,59936.63470873787,Vionnaz,VS,0,0,0,0,0,0,0,46.31067834742765,6.902473645561697,Vionnaz,True,False,2427.0,VS
1896,4934,59468.547847889684,Vouvry,VS,0,1,1,0,0,1,1,46.33816428817245,6.875634223364917,Vouvry,True,False,4934.0,VS
1897,4530,61330.047261650434,"Port-Valais, Vouvry",VS,0,0,0,0,1,0,1,46.36676321822415,6.872158231511001,Bouveret,True,True,4530.0,VS
1898,1104,58061.1476069908,"Port-Valais, Saint-Gingolph",VS,0,0,1,0,0,0,1,46.38430635294456,6.8267315424633,St-Gingolph,True,False,1104.0,VS
1899,653,59935.726620227826,"Vionnaz, Vouvry",VS,0,0,0,0,0,0,0,46.32116417046786,6.8740971599223375,Torgon,True,False,653.0,VS
1902,1581,52102.03981794626,"Evionnaz, Saint-Maurice",VS,0,0,0,0,0,0,0,46.17967901390843,7.023335771500847,Evionnaz,True,False,1581.0,VS
1903,866,53768.39679358718,Collonges,VS,0,0,0,0,0,0,0,46.17252382686102,7.034707417163098,Collonges,True,False,866.0,VS
1904,2020,53017.61752937765,"Martigny, Vernayaz",VS,0,0,1,0,0,0,1,46.13291558805288,7.043508950564938,Vernayaz,True,False,2020.0,VS
1905,1120,53131.40680713128,Dorénaz,VS,0,0,0,0,0,0,0,46.1489722698452,7.044615494979548,Dorénaz,True,False,1120.0,VS
1906,2300,56732.047232661425,Martigny,VS,0,0,0,0,0,0,0,46.123637204268015,7.133222550311734,Charrat,True,False,2300.0,VS
1907,7605,51786.2694985242,"Martigny, Saxon",VS,0,1,0,0,1,1,1,46.13968716967922,7.163871946762551,Saxon,True,True,7605.0,VS
1908,3276,54080.11744076245,"Chamoson, Riddes",VS,0,1,1,0,0,1,1,46.17466257894961,7.225960874792937,Riddes,True,False,3276.0,VS
1911,805,57863.223912017165,"Leytron, Saillon",VS,0,1,0,0,0,1,0,46.19528095670111,7.155366561638646,Ovronnaz,True,False,805.0,VS
1912,2789,57856.689417989415,Leytron,VS,0,1,0,0,1,1,1,46.188020187315175,7.193663794148892,Leytron,True,True,2789.0,VS
1913,3226,61408.044867854944,Saillon,VS,0,0,0,0,0,0,0,46.16978108290023,7.186139543108395,Saillon,True,False,3226.0,VS
1914,806,50548.86397162806,"Isérables, Riddes",VS,0,0,0,0,0,0,0,46.15641069653961,7.245979972242651,Isérables,True,False,806.0,VS
1918,510,54048.64212236059,Riddes,VS,0,0,0,0,0,0,0,46.14475009950289,7.236961950328036,La Tzoumaz,True,False,510.0,VS
1920,20005,56663.7346596542,"Martigny, Martigny-Combe, Salvan, Vernayaz",VS,0,0,0,1,0,1,0,46.108454670427065,7.035006553066799,Martigny,True,False,20005.0,VS
1921,1740,58051.26090064332,Martigny-Combe,VS,0,0,0,0,0,0,0,46.08297450585191,7.04814415158208,Martigny-Croix,True,False,1740.0,VS
1922,1056,53441.424864864865,Salvan,VS,0,0,0,0,0,0,0,46.123775311211546,7.0209035516514735,Salvan,True,False,1056.0,VS
1923,465,53441.424864864865,Salvan,VS,0,0,0,0,0,0,0,46.1067648292447,7.002055381508487,Les Marécottes,True,False,465.0,VS
1925,422,53637.04932735427,Finhaut,VS,0,0,0,0,0,0,0,46.07068556062204,6.966002846227825,Finhaut,True,False,422.0,VS
1926,9407,58507.241393114484,Fully,VS,0,1,0,0,1,1,1,46.14096304757023,7.120352428733333,Fully,True,True,9407.0,VS
1927,461,61038.46175986335,"Bovernier, Martigny, Val de Bagnes",VS,0,0,1,0,1,0,2,46.08930102846482,7.09002231337611,Chemin,True,True,461.0,VS
1928,676,58049.770189198505,"Martigny, Martigny-Combe",VS,1,2,1,0,2,3,3,46.10280281192624,7.057332758861953,Ravoire,True,True,338.0,VS
1929,181,51174.4,Trient,VS,0,0,0,0,0,0,0,46.05571489846893,6.9851051217084,Trient,True,False,181.0,VS
1932,903,54297.30136986301,Bovernier,VS,0,0,0,0,0,0,0,46.07570634953254,7.077860400414028,Bovernier,True,False,903.0,VS
1933,1184,55034.057491848005,"Sembrancher, Val de Bagnes",VS,0,2,1,0,1,2,2,46.07279508613539,7.144712199685475,Sembrancher,True,True,1184.0,VS
1934,3175,64662.75688419464,Val de Bagnes,VS,0,0,0,0,1,0,1,46.073091927582894,7.213562829373732,Le Châble VS,True,True,3175.0,VS
1936,3515,64662.75688419464,Val de Bagnes,VS,0,1,1,0,1,1,2,46.09997040942136,7.227326490091004,Verbier,True,True,3515.0,VS
1937,2585,55506.1412803532,Orsières,VS,0,0,0,0,0,0,0,46.02928512662301,7.144251361627649,Orsières,True,False,2585.0,VS
1938,301,55506.1412803532,Orsières,VS,0,0,0,0,0,0,0,46.0303241400384,7.113314959383511,Champex-Lac,True,False,301.0,VS
1941,1541,64662.75688419464,Val de Bagnes,VS,0,0,0,0,0,0,0,46.08859558915297,7.172431379549781,Vollèges,True,False,1541.0,VS
1942,413,64662.75688419464,Val de Bagnes,VS,0,0,0,0,0,0,0,46.09852650948136,7.162988229557445,Levron,True,False,413.0,VS
1943,322,55506.1412803532,Orsières,VS,0,0,0,0,0,0,0,45.98812770737991,7.123309990260317,Praz-de-Fort,True,False,322.0,VS
1944,131,55506.1412803532,Orsières,VS,0,0,0,0,0,0,0,45.94180468554181,7.102896146342006,La Fouly VS,True,False,131.0,VS
1945,790,50450.69406392694,Liddes,VS,0,0,0,0,0,0,0,45.99785484701491,7.173887230758834,Liddes,True,False,790.0,VS
1946,242,49402.807373842414,"Bourg-Saint-Pierre, Liddes",VS,0,0,0,0,0,0,0,45.95781861017176,7.204513727490971,Bourg-St-Pierre,True,False,242.0,VS
1947,1452,64662.75688419464,Val de Bagnes,VS,0,0,0,0,0,0,0,46.06142761277378,7.236398573235773,Versegères,True,False,1452.0,VS
1948,631,64662.75688419464,Val de Bagnes,VS,0,0,0,0,0,0,0,46.04935145671078,7.2748441966331,Lourtier,True,False,631.0,VS
1950,28846,56742.99654350359,"Grimisuat, Savièse, Sion",VS,0,2,3,0,4,2,7,46.24325114394788,7.362923630847234,Sion,True,True,7211.5,VS
1955,4486,58089.11945250933,Chamoson,VS,0,0,0,0,1,0,1,46.20497176069584,7.214933779207502,Chamoson,True,True,4486.0,VS
1957,3938,55157.75556762629,Ardon,VS,0,0,0,0,0,0,0,46.20963742419328,7.259395529140615,Ardon,True,False,3938.0,VS
1958,4389,57183.63530808073,"Ayent, Saint-Léonard, Sierre, Sion",VS,0,1,0,0,0,1,0,46.25623073805319,7.422483905551166,St-Léonard,True,False,4389.0,VS
1961,251,56197.85317460317,Mont-Noble,VS,0,0,0,0,0,0,0,46.21083352735351,7.43426565303141,Vernamiège,True,False,251.0,VS
1962,1106,60227.68663971964,"Savièse, Sion",VS,0,0,0,0,0,0,0,46.231130516692176,7.314569700142663,Pont-de-la-Morge (Sion),True,False,1106.0,VS
1963,6725,58893.55684649299,"Conthey, Vétroz",VS,0,0,0,0,0,0,0,46.22202221827351,7.269064559937491,Vétroz,True,False,6725.0,VS
1964,6565,56864.096684534445,Conthey,VS,1,2,2,1,1,4,3,46.22658505551178,7.304431564980198,Conthey,True,True,6565.0,VS
1965,8271,64733.88015839933,Savièse,VS,0,1,1,0,1,1,2,46.25378590589091,7.347248192104269,Savièse,True,True,8271.0,VS
1966,3967,56355.013969843574,"Ayent, Grimisuat",VS,0,0,1,0,0,0,1,46.27376874686288,7.407886567229246,Fortunau (Ayent),True,False,3967.0,VS
1967,4038,56640.30481812824,"Sion, Vex",VS,1,0,1,0,0,1,1,46.22899005134192,7.403712847818916,Bramois,True,False,4038.0,VS
1968,286,56197.85317460317,Mont-Noble,VS,0,0,0,0,0,0,0,46.19616178792298,7.435808605613705,Mase,True,False,286.0,VS
1969,736,49974.21626617376,Saint-Martin (VS),VS,0,0,0,0,0,0,0,46.168069305416736,7.451474910012699,St-Martin VS,True,False,736.0,VS
1971,3967,68416.20643219106,"Grimisuat, Sion",VS,0,1,0,0,0,1,0,46.249855493589045,7.37441253991918,Grimisuat,True,False,3967.0,VS
1972,528,56300.26734379287,"Arbaz, Ayent",VS,0,1,0,0,0,1,0,46.30122697758989,7.397311707079391,Anzère,True,False,528.0,VS
1973,651,56197.85317460317,Mont-Noble,VS,0,0,0,0,0,0,0,46.22814085913502,7.431140223071805,Nax,True,False,651.0,VS
1974,1482,56530.37925949947,"Arbaz, Ayent",VS,0,0,0,0,0,0,0,46.28281920389132,7.390560670597381,Arbaz,True,False,1482.0,VS
1975,558,56864.096684534445,Conthey,VS,0,0,0,0,0,0,0,46.239513301642944,7.305734771386993,St-Séverin,True,False,558.0,VS
1976,2538,56875.63386692983,"Conthey, Vétroz",VS,0,0,0,0,0,0,0,46.25318675981641,7.277025076903098,Erde,True,False,2538.0,VS
1977,486,54021.47408277636,"Icogne, Saint-Léonard",VS,0,0,0,0,0,0,0,46.28080089313724,7.431282912746733,Icogne,True,False,486.0,VS
1978,1665,62206.7551257895,"Icogne, Lens",VS,0,0,0,0,0,0,0,46.28520000939818,7.447784999465153,Lens,True,False,1665.0,VS
1981,1672,61747.473877176904,Vex,VS,0,0,0,0,0,0,0,46.21119470324443,7.397686454173677,Vex,True,False,1672.0,VS
1982,583,53953.211447338326,"Hérémence, Saint-Martin (VS)",VS,0,0,0,0,0,0,0,46.16368684365712,7.430630882489396,Euseigne,True,False,583.0,VS
1983,796,52233.084315503176,Evolène,VS,0,1,0,0,0,1,0,46.11700127524588,7.481856065045973,Evolène,True,False,796.0,VS
1984,505,52233.084315503176,Evolène,VS,0,0,1,0,0,0,1,46.091888686023054,7.505362049045514,Les Haudères,True,False,505.0,VS
1985,314,52233.084315503176,Evolène,VS,0,0,0,0,0,0,0,46.097645554570114,7.517376325885551,La Sage,True,False,314.0,VS
1986,58,52233.084315503176,Evolène,VS,0,0,0,0,0,0,0,46.03310067499872,7.482469854906808,Arolla,True,False,58.0,VS
1987,1075,56280.971875,Hérémence,VS,0,0,0,0,0,0,0,46.16615293717743,7.395338871344131,Hérémence,True,False,1075.0,VS
1988,187,61747.473877176904,Vex,VS,0,0,0,0,0,0,0,46.18171660018159,7.379293716556841,Thyon,True,False,187.0,VS
1991,1223,56660.925072059305,"Sion, Veysonnaz",VS,0,0,0,0,0,0,0,46.21025862024601,7.350488327450688,Salins,True,False,1223.0,VS
1992,532,57613.169165895175,"Sion, Vex",VS,0,0,0,0,0,0,0,46.20700753684523,7.37615137993743,Les Agettes,True,False,532.0,VS
1993,816,57068.79055950223,"Nendaz, Sion, Veysonnaz",VS,0,0,0,0,0,0,0,46.19298474491436,7.342105296423642,Veysonnaz,True,False,816.0,VS
1994,2059,55995.34651757501,"Nendaz, Sion",VS,0,0,0,0,0,0,0,46.20674322666879,7.314425015222908,Aproz (Nendaz),True,False,2059.0,VS
1996,2930,55819.521226993864,Nendaz,VS,0,1,0,0,1,1,1,46.18765747273404,7.301317340478786,Basse-Nendaz,True,True,2930.0,VS
1997,2838,55819.521226993864,Nendaz,VS,0,0,0,0,0,0,0,46.166801051360615,7.305662474547391,Haute-Nendaz,True,False,2838.0,VS
2000,34033,59240.70506330364,"Milvignes, Neuchâtel",NE,2,4,2,1,3,7,5,46.987948406196935,6.91018830169927,Neuchâtel,True,True,11344.333333333334,NE
2012,1547,68618.07193015753,Milvignes,NE,0,0,0,0,0,0,0,46.97718495717254,6.877704840725241,Auvernier,True,False,1547.0,NE
2013,5623,68463.58419222866,"Boudry, Milvignes",NE,0,1,0,0,0,1,0,46.96336532019663,6.862686331828703,Colombier NE,True,False,5623.0,NE
2014,2062,68607.24458442234,"Boudry, Milvignes",NE,0,0,0,0,0,0,0,46.96645250603437,6.835137769799905,Bôle,True,False,2062.0,NE
2015,871,59913.50214947575,"Boudry, Milvignes",NE,0,0,1,0,0,0,1,46.95680061276636,6.854197753046206,Areuse,True,False,871.0,NE
2016,4766,65302.67129796534,"Boudry, Cortaillod",NE,0,0,0,0,2,0,2,46.94627524429259,6.841899530525748,Cortaillod,True,True,2383.0,NE
2017,5451,59815.35182025028,Boudry,NE,0,1,0,0,1,1,1,46.95262452733181,6.833033827642273,Boudry,True,True,5451.0,NE
2019,949,66526.70392750361,"Boudry, Rochefort, Val-de-Ruz",NE,0,0,0,0,0,0,0,46.98399052382476,6.811998084992154,Rochefort,True,False,949.0,NE
2022,3813,66195.25039348242,"Boudry, Cortaillod, La Grande Béroche",NE,0,1,0,1,0,2,0,46.93461833699374,6.819723359460728,Bevaix,True,False,3813.0,NE
2023,989,66201.69982814588,La Grande Béroche,NE,0,0,0,0,0,0,0,46.90591124607008,6.777895873053393,Gorgier,True,False,989.0,NE
2024,2786,66201.69982814588,La Grande Béroche,NE,0,1,0,0,0,1,0,46.8921837673902,6.770125947092937,St-Aubin-Sauges,True,False,2786.0,NE
2025,967,66201.69982814588,La Grande Béroche,NE,0,0,0,0,1,0,1,46.9059529435156,6.789878982798731,Chez-le-Bart,True,True,967.0,NE
2027,530,66201.69982814588,La Grande Béroche,NE,0,0,0,0,0,0,0,46.89439105876744,6.745046981072427,Montalchez,True,False,530.0,NE
2028,281,66119.33478356621,"Concise, La Grande Béroche","NE, VD",0,0,0,0,0,0,0,46.87376442089668,6.751800437029573,Vaumarcus,True,False,281.0,NE
2034,5716,59237.79717813051,Neuchâtel,NE,0,1,2,0,1,1,3,46.987866548654814,6.891553445096306,Peseux,True,True,5716.0,NE
2035,3018,59503.267222543866,"Milvignes, Neuchâtel, Rochefort",NE,0,0,0,0,0,0,0,46.98190599095127,6.857716503652576,Corcelles NE,True,False,3018.0,NE
2036,1975,60490.06385752611,"Milvignes, Neuchâtel",NE,0,0,0,0,0,0,0,46.98099535540591,6.871513645894398,Cormondrèche,True,False,1975.0,NE
2037,1064,64646.45561958085,"Neuchâtel, Rochefort, Val-de-Ruz",NE,0,0,0,0,0,0,0,46.99316380771258,6.851039301776722,Montmollin,True,False,1064.0,NE
2042,521,59252.49060789127,"Neuchâtel, Val-de-Ruz",NE,0,0,0,0,0,0,0,47.01763273431651,6.898377896170174,Valangin,True,False,521.0,NE
2043,920,62957.65281376308,Val-de-Ruz,NE,0,0,0,0,0,0,0,47.03080624273607,6.885141650928042,Boudevilliers,True,False,920.0,NE
2046,1110,62957.65281376308,Val-de-Ruz,NE,0,0,0,0,0,0,0,47.0425885274051,6.899915599504086,Fontaines NE,True,False,1110.0,NE
2052,1670,62957.65281376308,Val-de-Ruz,NE,0,1,0,0,0,1,0,47.06210640058525,6.881716959943573,Fontainemelon,True,False,1670.0,NE
2053,2642,62957.65281376308,Val-de-Ruz,NE,0,0,1,0,1,0,2,47.05923630327907,6.901327466529169,Cernier,True,True,2642.0,NE
2054,2031,62957.65281376308,Val-de-Ruz,NE,0,0,0,0,0,0,0,47.07555397789102,6.928058928811058,Chézard-St-Martin,True,False,2031.0,NE
2056,1553,62957.65281376308,Val-de-Ruz,NE,0,0,0,0,0,0,0,47.07159756601569,6.956315930305642,Dombresson,True,False,1553.0,NE
2057,565,62957.65281376308,Val-de-Ruz,NE,0,0,0,0,0,0,0,47.07515132901114,6.971675841984544,Villiers,True,False,565.0,NE
2058,228,62957.65281376308,Val-de-Ruz,NE,0,0,0,0,0,0,0,47.10186119756118,6.981454132912659,Le Pâquier NE,True,False,228.0,NE
2063,957,62957.65281376308,Val-de-Ruz,NE,0,0,0,0,0,0,0,47.03330040450438,6.927805981175355,Vilars NE,True,False,957.0,NE
2065,1244,62957.65281376308,Val-de-Ruz,NE,0,0,0,0,0,0,0,47.04998214254135,6.954168277226709,Savagnier,True,False,1244.0,NE
2067,451,59747.674369173095,"Laténa, Neuchâtel, Val-de-Ruz",NE,0,0,0,0,0,0,0,47.04321865634201,6.970726195104061,Chaumont,True,False,451.0,NE
2068,2646,251.76063800705467,"Laténa, Neuchâtel",NE,0,0,0,0,1,0,1,47.010858784373625,6.969715251475577,Hauterive NE,True,True,2646.0,NE
2072,3229,3101.5821220864964,"Cornaux, Cressier (NE), Laténa",NE,0,1,0,0,0,1,0,47.02882389372609,7.000738431323886,St-Blaise,True,False,3229.0,NE
2073,269,918.7041045654565,"Laténa, Le Landeron",NE,0,0,0,0,0,0,0,47.06573406495999,7.023278110888617,Enges,True,False,269.0,NE
2074,4798,0.0,Laténa,NE,0,0,0,0,1,0,1,47.008427085780205,7.0088949681929,Marin-Epagnier,True,True,4798.0,NE
2075,864,556.1324417023555,"Cornaux, Laténa",NE,0,0,0,0,0,0,0,47.02304228306362,7.026294158404467,Thielle,True,False,864.0,NE
2087,1654,55908.48938013083,"Cornaux, Cressier (NE)",NE,0,0,0,0,0,0,0,47.04050694958643,7.016972801985132,Cornaux NE,True,False,1654.0,NE
2088,2048,58262.32803180914,Cressier (NE),NE,0,0,0,0,0,0,0,47.04961094244355,7.034674320900649,Cressier NE,True,False,2048.0,NE
2103,485,51682.10454816613,"La Grande Béroche, Rochefort, Val-de-Travers",NE,0,0,0,0,0,0,0,46.95028312607744,6.734725443275799,Noiraigue,True,False,485.0,NE
2105,1152,51345.16892355703,"Les Ponts-de-Martel, Val-de-Travers",NE,0,0,0,0,0,0,0,46.95679574997854,6.6695019896599685,Travers,True,False,1152.0,NE
2108,2925,51248.09969126189,"Provence, Val-de-Travers","NE, VD",0,1,0,0,0,1,0,46.91912208969581,6.653919026980347,Couvet,True,False,2925.0,NE
2112,766,51314.799455390035,Val-de-Travers,NE,0,0,0,0,0,0,0,46.90967389959945,6.612388871029424,Môtiers NE,True,False,766.0,NE
2113,345,51314.799455390035,Val-de-Travers,NE,0,0,0,0,0,0,0,46.91683164572519,6.599649052612366,Boveresse,True,False,345.0,NE
2114,3408,51314.799455390035,Val-de-Travers,NE,0,1,1,0,1,1,2,46.90225013260377,6.582748913643795,Fleurier,True,True,3408.0,NE
2115,550,51275.62118261632,"La Côte-aux-Fées, Val-de-Travers",NE,0,0,0,0,0,0,0,46.87316606963299,6.533834923522209,Buttes,True,False,550.0,NE
2116,82,51314.799455390035,Val-de-Travers,NE,0,0,0,0,0,0,0,46.88356757201759,6.517063885816128,Mont-de-Buttes,True,False,82.0,NE
2117,467,47772.460144927536,La Côte-aux-Fées,NE,0,0,0,0,0,0,0,46.86635360659446,6.489027881434127,La Côte-aux-Fées,True,False,467.0,NE
2123,585,51314.799455390035,Val-de-Travers,NE,0,0,0,0,0,0,0,46.91031503640666,6.563179277486591,St-Sulpice NE,True,False,585.0,NE
2124,43,51397.026594012925,"La Brévine, Val-de-Travers",NE,0,0,0,0,0,0,0,46.94338980242081,6.600035265559301,Les Sagnettes,True,False,43.0,NE
2126,653,47337.909936785334,"Les Verrières, Val-de-Travers",NE,0,0,0,0,0,0,0,46.92972189506396,6.474660794820739,Les Verrières,True,False,653.0,NE
2127,363,51314.799455390035,Val-de-Travers,NE,0,0,0,0,0,0,0,46.91850564044652,6.5224244874786566,Les Bayards,True,False,363.0,NE
2149,116,66213.48531298543,"Boudry, Rochefort",NE,0,0,0,0,0,0,0,46.95858572289251,6.763921154691389,Champ-du-Moulin,True,False,116.0,NE
2206,2075,62957.65281376308,Val-de-Ruz,NE,0,0,0,0,0,0,0,47.01535271995362,6.850934705485761,Les Geneveys-sur-Coffrane,True,False,2075.0,NE
2207,723,62957.65281376308,Val-de-Ruz,NE,0,0,0,0,0,0,0,47.00925908302544,6.860785737827581,Coffrane,True,False,723.0,NE
2208,977,62957.65281376308,Val-de-Ruz,NE,0,0,0,0,0,0,0,47.04707288097615,6.872918811079441,Les Hauts-Geneveys,True,False,977.0,NE
2300,37516,50929.4246359513,La Chaux-de-Fonds,NE,0,5,3,1,2,6,5,47.10938549999222,6.851709585343937,La Chaux-de-Fonds,True,True,18758.0,NE
2314,1096,59420.91925679517,"La Chaux-de-Fonds, La Sagne, Les Ponts-de-Martel, Val-de-Ruz",NE,0,0,0,0,0,0,0,47.0487268167844,6.808330838181351,La Sagne NE,True,False,1096.0,NE
2316,1232,55667.61758536265,"Les Ponts-de-Martel, Val-de-Travers",NE,0,0,0,0,0,0,0,46.99413895412408,6.723617919377175,Les Ponts-de-Martel,True,False,1232.0,NE
2318,321,61427.562177346656,"Brot-Plamboz, Les Ponts-de-Martel, Rochefort, Val-de-Travers",NE,0,0,0,0,0,0,0,46.97757297097144,6.734162840878943,Brot-Plamboz,True,False,321.0,NE
2322,334,50923.66938699763,"La Chaux-de-Fonds, Le Locle",NE,0,0,1,0,1,0,2,47.07800392559537,6.775835515001993,Le Crêt-du-Locle,True,True,334.0,NE
2325,187,57677.61983471074,Les Planchettes,NE,0,0,0,0,0,0,0,47.110126587297664,6.773566360467408,Les Planchettes,True,False,187.0,NE
2333,639,57377.698845530664,"La Ferrière, Les Bois, Sonvilier","BE, JU",0,0,0,0,0,0,0,47.14559934120485,6.906621922158049,La Ferrière,True,False,639.0,BE
2336,1249,58905.1341258222,"Le Noirmont, Les Bois",JU,0,0,1,0,0,0,1,47.19082413877255,6.909893705968777,Les Bois,True,False,1249.0,JU
2338,361,63852.39873417721,Muriaux,JU,0,0,0,0,0,0,0,47.23886886707008,6.984174069681156,Les Emibois,True,False,361.0,JU
2340,1926,59416.02430243024,Le Noirmont,JU,0,1,0,0,0,1,0,47.22324016437572,6.955432409582778,Le Noirmont,True,False,1926.0,JU
2345,1843,59135.543448245495,"Le Noirmont, Les Breuleux, Muriaux, Saint-Imier, Sonvilier, Villeret","BE, JU",0,1,0,0,0,1,0,47.19725788279954,6.980368030902249,Les Breuleux,True,False,1843.0,JU
2350,2217,55945.58884172226,Saignelégier,JU,0,2,1,0,1,2,2,47.25684743913057,6.996334541339322,Saignelégier,True,True,2217.0,JU
2353,257,56327.810904793885,"Les Enfers, Saignelégier",JU,0,0,0,0,0,0,0,47.28135789988029,6.997672798077501,Les Pommerats,True,False,257.0,JU
2354,79,55945.58884172226,Saignelégier,JU,0,0,0,0,0,0,0,47.26444626002546,6.953552260959295,Goumois,True,False,79.0,JU
2360,293,58396.13020833334,Le Bémont (JU),JU,0,0,0,0,0,0,0,47.26316642274404,7.02165126484962,Le Bémont JU,True,False,293.0,JU
2362,562,56127.28368260238,"Lajoux (JU), Le Bémont (JU), Montfaucon",JU,0,0,0,0,0,0,0,47.27924398115931,7.077933448803115,Montfaucon,True,False,562.0,JU
2363,126,61360.61210510659,"Le Bémont (JU), Les Enfers",JU,0,0,0,0,0,0,0,47.28485161151176,7.040463509545537,Les Enfers,True,False,126.0,JU
2364,241,53267.98561151079,Saint-Brais,JU,0,0,0,0,0,0,0,47.30471099254663,7.113069428104236,St-Brais,True,False,241.0,JU
2400,9896,52383.97535272762,"La Chaux-du-Milieu, Le Cerneux-Péquignot, Le Locle",NE,1,1,1,0,1,2,2,47.04030835078024,6.721421150222188,Le Locle,True,True,9896.0,NE
2405,491,61921.61347735277,"La Chaux-du-Milieu, Le Cerneux-Péquignot",NE,0,0,0,0,0,0,0,47.01807678687302,6.70537385226903,La Chaux-du-Milieu,True,False,491.0,NE
2406,652,59590.923058763015,"La Brévine, La Chaux-du-Milieu, Le Cerneux-Péquignot, Les Verrières, Val-de-Travers",NE,0,0,0,0,0,0,0,46.96894949984133,6.578517047546818,La Brévine,True,False,652.0,NE
2414,280,66410.07222222222,Le Cerneux-Péquignot,NE,0,0,0,0,0,0,0,47.01577187388451,6.663007649313412,Le Cerneux-Péquignot,True,False,280.0,NE
2416,1036,50633.67700215553,Le Locle,NE,0,0,0,0,0,0,0,47.06758819570908,6.707163309960978,Les Brenets,True,False,1036.0,NE
2500,657,,,,0,0,0,0,0,0,0,,,,False,False,657.0,
2502,18672,52392.976752953,Biel/Bienne,BE,1,1,2,1,2,3,4,47.14205806240832,7.248094712478739,Biel/Bienne,True,True,9336.0,BE
2503,19083,52439.71671665678,"Biel/Bienne, Brügg, Nidau",BE,0,2,3,1,2,3,5,47.12776217719057,7.253602063387823,Biel/Bienne,True,True,9541.5,BE
2504,18274,52439.92701330032,"Biel/Bienne, Brügg, Orpund",BE,1,3,2,0,1,4,3,47.14473714735232,7.282206073266034,Biel/Bienne,True,True,18274.0,BE
2505,795,52596.27881940956,"Biel/Bienne, Twann-Tüscherz",BE,0,0,0,0,0,0,0,47.12794871560152,7.210853953072014,Biel/Bienne,True,False,795.0,BE
2512,330,74011.11499272198,Twann-Tüscherz,BE,0,0,0,0,0,0,0,47.11670649964981,7.198232092152707,Tüscherz-Alfermée,True,False,330.0,BE
2513,870,74298.06989993645,"Ligerz, Twann-Tüscherz",BE,0,0,0,0,0,0,0,47.09535760944941,7.157141070645094,Twann,True,False,870.0,BE
2514,551,78035.09817899416,"La Neuveville, Ligerz",BE,0,0,0,0,0,0,0,47.085481701885016,7.134535644169636,Ligerz,True,False,551.0,BE
2515,1145,61526.43554843875,Plateau de Diesse,BE,0,0,0,0,0,0,0,47.09586837416469,7.128502718866872,Prêles,True,False,1145.0,BE
2516,754,63169.169669717536,"Plateau de Diesse, Twann-Tüscherz",BE,0,0,0,0,0,0,0,47.11886244756092,7.154342083252629,Lamboing,True,False,754.0,BE
2517,422,61526.43554843875,Plateau de Diesse,BE,0,0,0,0,0,0,0,47.11344768521404,7.116607958569197,Diesse,True,False,422.0,BE
2518,761,61484.09970903899,"Nods, Val-de-Ruz","BE, NE",0,0,0,0,0,0,0,47.11796170735349,7.054323411074502,Nods,True,False,761.0,BE
2520,3689,66778.65448134513,"La Neuveville, Le Landeron","BE, NE",0,1,0,0,1,1,1,47.06593654125308,7.08780764354082,La Neuveville,True,True,3689.0,BE
2523,1126,61907.910121545356,"La Neuveville, Le Landeron, Lignières, Nods, Val-de-Ruz","BE, NE",0,0,0,0,0,0,0,47.08530954827906,7.059579636635064,Lignières,True,False,1126.0,NE
2525,4685,60171.630006442385,"Gals, Le Landeron","BE, NE",0,1,0,0,1,1,1,47.051117094043946,7.069117903315165,Le Landeron,True,True,4685.0,NE
2532,600,84954.7178312013,"Biel/Bienne, Evilard",BE,0,0,0,0,0,0,0,47.13956986697588,7.212880117940989,Magglingen/Macolin,True,False,600.0,BE
2533,2107,85604.33193863319,Evilard,BE,0,0,0,0,0,0,0,47.15056982723264,7.239098333530531,Evilard,True,False,2107.0,BE
2534,1289,64879.16572652041,"Corgémont, Nods, Orvin",BE,0,0,0,0,0,0,0,47.15635032066968,7.164831335702491,Orvin,True,False,1289.0,BE
2535,194,59842.564654646136,"Orvin, Péry-La Heutte, Sauge",BE,0,0,0,0,0,0,0,47.16896185756633,7.253766647460361,Frinvillier,True,False,194.0,BE
2536,449,60101.50115542059,"Romont (BE), Sauge",BE,0,0,0,0,0,0,0,47.19598154952796,7.306389726872976,Plagne,True,False,449.0,BE
2537,202,59919.951120162936,Sauge,BE,0,0,0,0,0,0,0,47.18787027417092,7.299137828602951,Vauffelin,True,False,202.0,BE
2538,225,70102.23015873016,Romont (BE),BE,0,0,0,0,0,0,0,47.189550023200034,7.340076708148609,Romont BE,True,False,225.0,BE
2540,18973,58094.58482320223,Grenchen,SO,1,1,2,1,2,3,4,47.194315325128514,7.394171073984532,Grenchen,True,True,9486.5,SO
2542,5255,59001.64908167252,Pieterlen,BE,0,1,1,0,0,1,1,47.174265644502064,7.337440582120855,Pieterlen,True,False,5255.0,BE
2543,5808,60394.6776119403,Lengnau (BE),BE,0,1,1,0,0,1,1,47.18080105015901,7.368193185746565,Lengnau BE,True,False,5808.0,BE
2544,4935,72761.84439041333,Bettlach,SO,0,1,0,0,0,1,0,47.20215731924064,7.421932672306915,Bettlach,True,False,4935.0,SO
2545,3747,66671.13035019455,Selzach,SO,0,1,0,0,0,1,0,47.204910279874746,7.452882299058798,Selzach,True,False,3747.0,SO
2552,3370,59800.000747147016,"Brügg, Orpund",BE,0,1,0,0,0,1,0,47.138063199140674,7.296935594898104,Orpund,True,False,3370.0,BE
2553,2049,68393.64234234234,Safnern,BE,0,0,0,0,0,0,0,47.15028062169496,7.322824607481679,Safnern,True,False,2049.0,BE
2554,1513,66319.50064516129,Meinisberg,BE,0,0,0,0,0,0,0,47.16025255947621,7.349098733329577,Meinisberg,True,False,1513.0,BE
2555,4704,58357.32138492872,Brügg,BE,0,0,1,0,1,0,2,47.1245950963271,7.27454105490296,Brügg BE,True,True,4704.0,BE
2556,1235,68041.30797934366,"Scheuren, Schwadernau",BE,0,0,1,0,0,0,1,47.13012829966446,7.310940907660904,Scheuren,True,False,1235.0,BE
2557,3604,63155.34683683324,"Büetigen, Lyss, Studen (BE)",BE,0,1,0,0,0,1,0,47.111111780219325,7.31246188390676,Studen BE,True,False,3604.0,BE
2558,2499,59383.91575091575,Aegerten,BE,0,0,0,1,0,1,0,47.12028845534918,7.289023428251527,Aegerten,True,False,2499.0,BE
2560,7569,57361.2750036653,"Nidau, Port",BE,0,1,0,0,1,1,1,47.123022085100246,7.246456123299248,Nidau,True,True,7569.0,BE
2562,3674,72966.27822858898,"Bellmund, Port",BE,0,0,1,0,0,0,1,47.11354887152864,7.250864896557656,Port,True,False,3674.0,BE
2563,3880,69511.08968185577,"Bellmund, Ipsach",BE,0,0,0,0,1,0,1,47.112035972144696,7.235950596552787,Ipsach,True,True,3880.0,BE
2564,1688,88179.88204592903,Bellmund,BE,0,0,0,0,0,0,0,47.10558237063758,7.247237138149829,Bellmund,True,False,1688.0,BE
2565,663,69862.83967391304,Jens,BE,0,0,0,0,0,0,0,47.099830344909,7.261313025409893,Jens,True,False,663.0,BE
2572,2271,84334.73626102215,"Mörigen, Sutz-Lattrigen",BE,0,0,0,0,0,0,0,47.0921232341741,7.213667410390722,Sutz,True,False,2271.0,BE
2575,3517,69232.85327276896,"Hagneck, Lüscherz, Täuffelen",BE,0,1,1,0,0,1,1,47.06285816651438,7.192049334181384,Täuffelen,True,False,3517.0,BE
2576,579,70489.52837042941,"Lüscherz, Vinelz",BE,0,0,1,0,0,0,1,47.04356509696144,7.143935535870085,Lüscherz,True,False,579.0,BE
2577,1210,63300.07272481563,"Finsterhennen, Siselen",BE,0,0,0,0,0,0,0,47.02837649829245,7.184159437797129,Siselen BE,True,False,1210.0,BE
2603,1471,56662.68177622047,"Péry-La Heutte, Romont (BE)",BE,0,0,0,0,0,0,0,47.20342586905191,7.290539940573877,Péry,True,False,1471.0,BE
2604,480,56475.58797909408,Péry-La Heutte,BE,0,0,0,0,0,0,0,47.19068731721154,7.224565229700823,La Heutte,True,False,480.0,BE
2605,1842,60291.795918367345,Sonceboz-Sombeval,BE,0,1,0,0,0,1,0,47.196461736810136,7.172917294707319,Sonceboz-Sombeval,True,False,1842.0,BE
2606,1743,62215.383510051026,"Corgémont, Sonceboz-Sombeval",BE,0,0,1,0,0,0,1,47.18596308499002,7.153731093772537,Corgémont,True,False,1743.0,BE
2607,628,54752.312182741116,Cortébert,BE,0,0,0,0,0,0,0,47.190137404243686,7.1069344129067,Cortébert,True,False,628.0,BE
2608,1449,60696.798824218284,"Corgémont, Cormoret, Cortébert, Courtelary",BE,0,0,0,0,0,0,0,47.16617657555475,7.0940311937727,Courtelary,True,False,1449.0,BE
2610,5283,53277.69551240966,"Cormoret, Courtelary, La Ferrière, Saint-Imier, Sonvilier, Villeret",BE,0,1,1,0,1,1,2,47.15757146585529,6.99994401774395,St-Imier,True,True,5283.0,BE
2612,475,58438.09929078015,Cormoret,BE,0,0,0,0,0,0,0,47.17285905685948,7.052550939906513,Cormoret,True,False,475.0,BE
2613,907,57445.05229294125,"Cormoret, Villeret",BE,0,0,0,0,0,0,0,47.15593205584179,7.031106149248346,Villeret,True,False,907.0,BE
2615,1032,53797.163447251114,Sonvilier,BE,0,0,0,0,0,0,0,47.130843123777936,6.961587337966952,Sonvilier,True,False,1032.0,BE
2616,947,56197.15866309013,"La Chaux-de-Fonds, Renan (BE), Val-de-Ruz","BE, NE",0,0,0,0,0,0,0,47.10565570061327,6.888495594902748,Renan BE,True,False,947.0,BE
2710,3442,52072.28353034789,"Reconvilier, Tavannes",BE,1,0,1,0,1,1,2,47.22900714376447,7.192256994199086,Tavannes,True,True,3442.0,BE
2712,355,54268.39736428098,"Petit-Val, Saicourt",BE,0,0,0,0,0,0,0,47.25271050127807,7.185067788302444,Le Fuet,True,False,355.0,BE
2713,187,54803.06936416184,Saicourt,BE,0,0,0,0,0,0,0,47.26288682862398,7.165001178000476,Bellelay,True,False,187.0,BE
2714,518,56535.024844720494,Les Genevez (JU),JU,0,0,0,0,0,0,0,47.25540833751296,7.116978004284548,Les Genevez JU,True,False,518.0,JU
2715,63,50991.87826086956,Petit-Val,BE,0,0,0,0,0,0,0,47.274832274082925,7.197384884812627,Châtelat,True,False,63.0,BE
2716,223,50991.87826086956,Petit-Val,BE,0,0,0,0,0,0,0,47.27435178949536,7.217818454436468,Sornetan,True,False,223.0,BE
2717,66,48760.28003952569,"Petit-Val, Rebévelier",BE,0,0,0,0,0,0,0,47.28462603579015,7.176283717945605,Fornet-Dessous,True,False,66.0,BE
2718,722,56566.63486422459,"Lajoux (JU), Montfaucon, Saulcy",JU,0,0,0,0,0,0,0,47.27898663107206,7.13701979854604,Lajoux JU,True,False,722.0,JU
2720,4346,59435.33214421622,"Corgémont, Mont-Tramelan, Saicourt, Sonceboz-Sombeval, Tavannes, Tramelan",BE,0,1,1,0,1,1,2,47.22326227182553,7.140758055465505,Tramelan,True,True,4346.0,BE
2722,439,59420.496258369436,Tramelan,BE,0,0,0,0,0,0,0,47.22581035657371,7.07993489078347,Les Reussilles,True,False,439.0,BE
2723,119,55840.350333197624,"Cortébert, Courtelary, Mont-Tramelan, Tramelan",BE,0,0,0,0,0,0,0,47.20677280790361,7.065682134386974,Mont-Tramelan,True,False,119.0,BE
2732,3112,56757.377185080244,"Loveresse, Péry-La Heutte, Reconvilier, Saicourt, Saules (BE)",BE,0,1,0,1,0,2,0,47.23473703675326,7.222406184823795,Reconvilier,True,False,3112.0,BE
2733,202,55824.335930659196,"Loveresse, Valbirse",BE,0,0,0,0,0,0,0,47.23950817331056,7.251515971371511,Pontenet,True,False,202.0,BE
2735,4008,57615.019283607995,"Champoz, Court, Péry-La Heutte, Valbirse",BE,0,1,0,0,0,1,0,47.23965859334509,7.28208480011769,Bévilard,True,False,4008.0,BE
2736,311,57279.64,Sorvilier,BE,0,0,0,0,0,0,0,47.23903061179216,7.305514299361901,Sorvilier,True,False,311.0,BE
2738,1381,58313.006493506495,Court,BE,0,0,0,0,0,0,0,47.24105176425788,7.3381052637768125,Court,True,False,1381.0,BE
2740,7055,190.34728195121951,"Moutier, Roches (BE)","BE, JU",0,2,1,1,1,3,2,47.28643024644762,7.356998934164008,Moutier,True,True,7055.0,JU
2742,486,60886.75968992248,Perrefitte,BE,0,0,0,0,0,0,0,47.2755493481719,7.342057318821896,Perrefitte,True,False,486.0,BE
2743,370,51549.50617283951,Eschert,BE,0,0,0,0,0,0,0,47.27630258856851,7.397722524049101,Eschert,True,False,370.0,BE
2744,264,59192.28571428572,Belprahon,BE,0,0,0,0,0,0,0,47.28293408593176,7.405436530800087,Belprahon,True,False,264.0,BE
2745,398,63171.12918660287,Grandval,BE,0,0,0,0,0,0,0,47.2828392022814,7.424364484175051,Grandval,True,False,398.0,BE
2746,527,57430.42808219178,Crémines,BE,0,0,0,0,0,0,0,47.2838116123089,7.4401862035211295,Crémines,True,False,527.0,BE
2747,255,49516.870436627134,"Aedermannsdorf, Corcelles (BE), Seehof","BE, SO",0,0,0,0,0,0,0,47.30227940159034,7.512779127302153,Corcelles BE,True,False,255.0,BE
2748,127,51403.81516197152,"Haute-Sorne, Petit-Val","BE, JU",0,0,0,0,0,0,0,47.28129276316591,7.254027403040634,Souboz,True,False,127.0,BE
2762,202,57506.73170731708,Roches (BE),BE,0,0,0,0,0,0,0,47.30244139391663,7.379309281075304,Roches BE,True,False,202.0,BE
2800,12994,53738.907380280514,"Courrendlin, Delémont, Develier",JU,1,1,2,1,1,3,3,47.35905339371076,7.3405539636758945,Delémont,True,True,12994.0,JU
2802,1391,57469.72693266833,Develier,JU,0,0,0,0,0,0,0,47.35848278853785,7.295246528250772,Develier,True,False,1391.0,JU
2803,262,54871.80774678618,"Bourrignon, Pleigne",JU,0,0,0,0,0,0,0,47.39672275090379,7.264345899528823,Bourrignon,True,False,262.0,JU
2805,484,53640.674037487326,"Courroux, Soyhières",JU,0,0,0,0,0,0,0,47.39060231863131,7.376507404633839,Soyhières,True,False,484.0,JU
2806,120,59677.75420152364,"Delémont, Mettembert, Pleigne",JU,0,0,0,0,0,0,0,47.39440759157639,7.307083820889062,Mettembert,True,False,120.0,JU
2807,359,53303.34921078163,"La Baroche, Pleigne",JU,0,0,0,0,0,0,0,47.41565371555279,7.258852441999582,Pleigne,True,False,359.0,JU
2812,416,51421.863813229575,Movelier,JU,0,0,0,0,0,0,0,47.40969303375034,7.315909080076364,Movelier,True,False,416.0,JU
2813,116,52782.48710353796,"Ederswiler, Movelier, Pleigne",JU,0,0,0,0,0,0,0,47.42476536256376,7.329377483085374,Ederswiler,True,False,116.0,JU
2814,248,55375.46255223431,"Ederswiler, Kleinlützel, Pleigne, Roggenburg","BL, JU, SO",0,0,0,0,0,0,0,47.428254048303806,7.351433423493888,Roggenburg,True,False,248.0,BL
2822,2966,58235.308004052684,Courroux,JU,0,1,1,0,0,1,1,47.35967120414482,7.376650097888571,Courroux,True,False,2966.0,JU
2823,437,58235.308004052684,Courroux,JU,0,0,0,0,0,0,0,47.362475701944966,7.391803795716266,Courcelon,True,False,437.0,JU
2824,1910,56045.70472781153,"Courchapoix, Val Terbi",JU,0,0,0,0,0,0,0,47.35380444520247,7.428481457156394,Vicques,True,False,1910.0,JU
2825,456,54011.70143884892,Courchapoix,JU,0,0,0,0,0,0,0,47.34933496739263,7.454374104052988,Courchapoix,True,False,456.0,JU
2826,516,56047.47585155059,Val Terbi,JU,0,0,0,0,0,0,0,47.3471716751303,7.475534286333771,Corban,True,False,516.0,JU
2827,568,48688.99051938284,"Beinwil (SO), Mervelier, Schelten","BE, JU, SO",0,0,0,0,0,0,0,47.33997848881006,7.538093708169185,Mervelier,True,False,568.0,JU
2828,445,56047.47585155059,Val Terbi,JU,0,0,0,0,0,0,0,47.36082923176124,7.506505207775696,Montsevelier,True,False,445.0,JU
2829,363,56047.47585155059,Val Terbi,JU,0,0,0,0,0,0,0,47.32515284174433,7.477503683372481,Vermes,True,False,363.0,JU
2830,3340,55442.61736349039,"Courrendlin, Courroux",JU,0,0,1,0,0,0,1,47.333816380710566,7.379376792113722,Courrendlin,True,False,3340.0,JU
2832,413,55430.77975332819,"Courrendlin, Val Terbi",JU,0,0,0,0,0,0,0,47.32804496755255,7.424464435688101,Rebeuvelier,True,False,413.0,JU
2842,767,66491.07110091743,Rossemaison,JU,0,0,0,0,0,0,0,47.346149202105046,7.345104143300659,Rossemaison,True,False,767.0,JU
2843,500,57378.272425249175,Châtillon (JU),JU,0,0,0,0,0,0,0,47.32841148769903,7.344103713818483,Châtillon JU,True,False,500.0,JU
2852,2785,61843.878764259,"Courtételle, Delémont",JU,0,0,0,0,0,0,0,47.34768043427755,7.323061060073584,Courtételle,True,False,2785.0,JU
2853,1884,53303.198255596915,"Courtételle, Haute-Sorne",JU,0,0,0,0,0,0,0,47.33285391229107,7.292411653888033,Courfaivre,True,False,1884.0,JU
2854,3931,53288.71071752952,Haute-Sorne,JU,0,0,1,0,0,0,1,47.33769133794433,7.242853425863057,Bassecourt,True,False,3931.0,JU
2855,1198,53288.71071752952,Haute-Sorne,JU,0,0,0,0,0,0,0,47.33458579243851,7.203212528392825,Glovelier,True,False,1198.0,JU
2856,793,56926.932862190806,Boécourt,JU,0,0,0,0,0,0,0,47.35016795731247,7.214141320686489,Boécourt,True,False,793.0,JU
2857,153,56926.932862190806,Boécourt,JU,0,0,0,0,0,0,0,47.36960186336602,7.231786594252734,Montavon,True,False,153.0,JU
2863,306,53288.71071752952,Haute-Sorne,JU,0,0,0,0,0,0,0,47.30291287867952,7.224403659719276,Undervelier,True,False,306.0,JU
2864,201,53288.71071752952,Haute-Sorne,JU,0,0,0,0,0,0,0,47.30392449846631,7.270058827841352,Soulce,True,False,201.0,JU
2873,267,53382.865616248135,"Saint-Brais, Saulcy",JU,0,0,0,0,0,0,0,47.30003060031116,7.140442293895358,Saulcy,True,False,267.0,JU
2882,688,51167.128476784004,"Clos du Doubs, Saint-Brais",JU,0,0,0,0,0,0,0,47.34258471780959,7.132901286974581,St-Ursanne,True,False,688.0,JU
2883,86,51467.5103611978,"Boécourt, Clos du Doubs, Saint-Brais",JU,0,0,0,0,0,0,0,47.345446008013006,7.169117712900781,Montmelon,True,False,86.0,JU
2884,96,51145.393129771,Clos du Doubs,JU,0,1,0,0,0,1,0,47.35108215288268,7.148426660714487,Montenol,True,False,96.0,JU
2885,161,51145.393129771,Clos du Doubs,JU,0,0,0,0,0,0,0,47.335441512357065,7.114971653431656,Epauvillers,True,False,161.0,JU
2886,100,51225.7969329793,"Clos du Doubs, Saint-Brais",JU,0,0,0,0,0,0,0,47.32347052408136,7.085207261049783,Epiquerez,True,False,100.0,JU
2887,123,47431.3717948718,Soubey,JU,0,0,0,0,0,0,0,47.30882029841781,7.046419840411336,Soubey,True,False,123.0,JU
2888,48,51145.393129771,Clos du Doubs,JU,0,0,0,0,0,0,0,47.366718752898485,7.113099720950418,Seleute,True,False,48.0,JU
2889,124,51145.393129771,Clos du Doubs,JU,0,0,0,0,0,0,0,47.353195586918375,7.07265584517985,Ocourt,True,False,124.0,JU
2900,6597,53434.21000629211,"Courtedoux, Fontenais, Porrentruy",JU,1,1,2,0,1,2,3,47.41048117746138,7.066940325661423,Porrentruy,True,True,6597.0,JU
2902,1029,57257.03042198233,Fontenais,JU,0,0,0,0,0,0,0,47.40328462724,7.081093876717262,Fontenais,True,False,1029.0,JU
2903,210,57257.03042198233,Fontenais,JU,0,0,0,0,0,0,0,47.3870543115433,7.079613899373065,Villars-sur-Fontenais,True,False,210.0,JU
2904,406,57257.03042198233,Fontenais,JU,0,0,0,0,0,0,0,47.38809113338349,7.036802006700709,Bressaucourt,True,False,406.0,JU
2905,749,61299.00871459695,Courtedoux,JU,0,0,0,0,0,0,0,47.40783811686968,7.040680264011014,Courtedoux,True,False,749.0,JU
2906,657,52549.06176470588,Haute-Ajoie,JU,0,0,0,0,0,0,0,47.39279501062475,6.999785570543979,Chevenez,True,False,657.0,JU
2907,138,52549.06176470588,Haute-Ajoie,JU,0,0,0,0,0,0,0,47.39049429994336,6.957447851488636,Rocourt,True,False,138.0,JU
2908,362,53579.88986784141,Grandfontaine,JU,0,0,0,0,0,0,0,47.39290950238454,6.937451935267355,Grandfontaine,True,False,362.0,JU
2912,174,52549.06176470588,Haute-Ajoie,JU,0,0,0,0,0,0,0,47.37081274053805,6.94040593449499,Réclère,True,False,174.0,JU
2914,94,52549.06176470588,Haute-Ajoie,JU,0,0,0,0,0,0,0,47.37197379683556,6.896472257100615,Damvant,True,False,94.0,JU
2915,666,62367.70631261494,"Basse-Allaine, Bure",JU,0,0,0,0,0,0,0,47.45012104327382,7.012087885267814,Bure,True,False,666.0,JU
2916,328,50945.78787878788,Fahy,JU,0,0,0,0,0,0,0,47.41859451942651,6.949348192233394,Fahy,True,False,328.0,JU
2922,332,68252.86285714286,Courchavon,JU,0,0,0,0,0,0,0,47.43967367269253,7.052717434089763,Courchavon,True,False,332.0,JU
2923,604,52766.45504087194,Basse-Allaine,JU,0,0,0,0,0,0,0,47.45788790105048,7.047691424642753,Courtemaîche,True,False,604.0,JU
2924,192,52766.45504087194,Basse-Allaine,JU,0,0,0,0,0,0,0,47.48631023022875,7.058760106741155,Montignez,True,False,192.0,JU
2925,380,52766.45504087194,Basse-Allaine,JU,0,0,0,0,0,0,0,47.480915139237325,7.03019462497346,Buix,True,False,380.0,JU
2926,1159,56591.05519053876,Boncourt,JU,0,1,0,0,0,1,0,47.49476556806447,7.012663472256543,Boncourt,True,False,1159.0,JU
2932,720,62012.96534653465,Coeuve,JU,0,0,0,0,0,0,0,47.45149375447755,7.099001176912218,Coeuve,True,False,720.0,JU
2933,376,0.0,Damphreux-Lugnez,JU,0,0,0,0,0,0,0,47.48005189449937,7.101199424576224,Damphreux,True,False,376.0,JU
2935,113,0.0,Basse-Vendline,JU,0,0,0,0,0,0,0,47.49250637043376,7.137752287616903,Beurnevésin,True,False,113.0,JU
2942,1965,54733.27415143603,Alle,JU,0,0,1,0,0,0,1,47.425630139086586,7.129000117395564,Alle,True,False,1965.0,JU
2943,554,52345.3284457478,Vendlincourt,JU,0,0,0,0,0,0,0,47.451948362457415,7.150314229350863,Vendlincourt,True,False,554.0,JU
2944,628,0.0,Basse-Vendline,JU,0,0,0,0,0,0,0,47.47769253073415,7.151580350160527,Bonfol,True,False,628.0,JU
2946,438,48750.03739612188,La Baroche,JU,0,0,0,0,0,0,0,47.42804771153873,7.175242339864675,Miécourt,True,False,438.0,JU
2947,275,48750.03739612188,La Baroche,JU,0,0,0,0,0,0,0,47.42290875770207,7.207180281325466,Charmoille,True,False,275.0,JU
2950,2463,53869.01495448635,Courgenay,JU,0,0,0,0,0,0,0,47.39966831990184,7.130780202255442,Courgenay,True,False,2463.0,JU
2952,1082,55796.59330143541,Cornol,JU,0,0,0,0,0,0,0,47.40722427649647,7.162918419742232,Cornol,True,False,1082.0,JU
2953,231,48750.03739612188,La Baroche,JU,0,0,0,0,0,0,0,47.41189332916254,7.2040351181255815,Fregiécourt,True,False,231.0,JU
2954,176,48750.03739612188,La Baroche,JU,0,0,0,0,0,0,0,47.39917798949246,7.2051644106069865,Asuel,True,False,176.0,JU
3000,740,,,,0,0,0,0,0,0,0,,,,False,False,740.0,
3004,4137,63636.523329721924,Bern,BE,0,0,0,0,0,0,0,46.972014327222496,7.445886016534759,Bern,True,False,4137.0,BE
3005,4646,63636.523329721924,Bern,BE,0,0,0,0,1,0,1,46.94075588085664,7.4494940860873315,Bern,True,True,4646.0,BE
3006,19374,63636.523329721924,Bern,BE,0,1,0,0,3,1,3,46.94328932662408,7.468394687985996,Bern,True,True,6458.0,BE
3007,16450,63665.3682735365,"Bern, Köniz",BE,1,3,1,0,1,4,2,46.93654186738043,7.433084082977263,Bern,True,True,16450.0,BE
3008,11463,63636.523329721924,Bern,BE,1,1,0,2,0,4,0,46.94237338128092,7.417854603100085,Bern,True,False,11463.0,BE
3010,12,63636.523329721924,Bern,BE,0,0,1,0,0,0,1,46.947663563395615,7.424104857438346,Bern,True,False,12.0,BE
3011,4883,63636.523329721924,Bern,BE,1,6,1,2,4,9,5,46.94815899841554,7.448484026447827,Bern,True,True,1220.75,BE
3012,14109,63636.523329721924,Bern,BE,0,3,1,0,2,3,3,46.954563634397,7.431696037930349,Bern,True,True,7054.5,BE
3013,11353,63636.523329721924,Bern,BE,0,1,0,0,2,1,2,46.9550671015261,7.450639655455189,Bern,True,True,5676.5,BE
3014,14192,63636.523329721924,Bern,BE,0,2,1,0,1,2,2,46.961966029474745,7.453886356126405,Bern,True,True,14192.0,BE
3015,3140,63636.523329721924,Bern,BE,0,1,1,0,0,1,1,46.93920190379399,7.480278054897,Bern,True,False,3140.0,BE
3018,18158,63636.523329721924,Bern,BE,0,1,2,0,1,1,3,46.94070087780991,7.390655631570496,Bern,True,True,18158.0,BE
3019,923,63636.523329721924,Bern,BE,0,0,0,0,0,0,0,46.935405630532856,7.350685762854031,Bern,True,False,923.0,BE
3020,533,65012.465562701094,"Bern, Frauenkappelen",BE,0,0,0,0,0,0,0,46.94396953106637,7.335277974770213,Bern,True,False,533.0,BE
3027,13589,63636.523329721924,Bern,BE,0,2,2,1,3,3,5,46.948651273419706,7.387600943885746,Bern,True,True,4529.666666666667,BE
3032,4775,76227.58568406399,"Bern, Wohlen bei Bern",BE,0,0,1,0,1,0,2,46.96499713129677,7.38171160406195,Hinterkappelen,True,True,4775.0,BE
3033,1707,77735.92392627467,"Frauenkappelen, Wohlen bei Bern",BE,0,0,0,0,0,0,0,46.96874675549381,7.357391330813244,Wohlen b. Bern,True,False,1707.0,BE
3034,252,77871.91587722622,Wohlen bei Bern,BE,0,0,0,0,0,0,0,46.97881983096577,7.315732522598614,Murzelen,True,False,252.0,BE
3035,255,71492.51377736323,"Seedorf (BE), Wohlen bei Bern",BE,0,0,0,0,0,0,0,46.992899945314704,7.291628729072576,Frieswil,True,False,255.0,BE
3036,926,68720.49689960244,"Radelfingen, Wohlen bei Bern",BE,0,0,0,0,0,0,0,46.98672003046268,7.278249455006616,Detligen,True,False,926.0,BE
3037,1966,85469.5010940022,"Bern, Kirchlindach, Wohlen bei Bern",BE,0,0,0,0,0,0,0,46.97256371614645,7.418322292925407,Herrenschwanden,True,False,1966.0,BE
3038,1445,86578.49695964622,Kirchlindach,BE,0,0,0,0,0,0,0,47.00059880492671,7.41729193747385,Kirchlindach,True,False,1445.0,BE
3042,730,79905.02678324122,"Kirchlindach, Meikirch, Wohlen bei Bern",BE,0,0,0,0,0,0,0,46.992839548508094,7.398591805073559,Ortschwaben,True,False,730.0,BE
3043,1570,77871.91587722622,Wohlen bei Bern,BE,0,1,0,0,0,1,0,46.98691420623011,7.382516230983868,Uettligen,True,False,1570.0,BE
3044,593,77871.91587722622,Wohlen bei Bern,BE,0,0,0,0,0,0,0,46.99496802242905,7.309371588610992,Innerberg,True,False,593.0,BE
3045,1404,79706.62980917604,"Meikirch, Wohlen bei Bern",BE,0,0,0,0,0,0,0,47.004670101161096,7.373772147106061,Meikirch,True,False,1404.0,BE
3046,526,79806.43146853147,Meikirch,BE,0,0,0,0,0,0,0,47.00600633167926,7.337274511778371,Wahlendorf,True,False,526.0,BE
3047,4462,86402.23994974876,Bremgarten bei Bern,BE,0,0,0,0,1,0,1,46.97644900595441,7.434899549602384,Bremgarten b. Bern,True,True,4462.0,BE
3048,1949,68363.01116116522,"Bern, Ittigen",BE,0,0,0,0,0,0,0,46.97602332276426,7.465665323805066,Worblaufen,True,False,1949.0,BE
3049,558,77871.91587722622,Wohlen bei Bern,BE,0,0,0,0,0,0,0,46.99297241965695,7.337259930254668,Säriswil,True,False,558.0,BE
3052,12941,67989.87168686771,"Münchenbuchsee, Zollikofen",BE,1,1,1,0,1,2,2,47.00024416514613,7.457289142587515,Zollikofen,True,True,12941.0,BE
3053,10329,70901.23008054418,"Deisswil bei Münchenbuchsee, Moosseedorf, Münchenbuchsee, Rapperswil (BE), Schüpfen, Wiggiswil",BE,0,1,1,0,1,1,2,47.02749869336209,7.445390391054331,Münchenbuchsee,True,True,10329.0,BE
3054,3757,68163.64557542412,Schüpfen,BE,0,1,0,0,0,1,0,47.04142981439792,7.375865892395873,Schüpfen,True,False,3757.0,BE
3063,9753,69335.83465048685,"Bern, Ittigen, Ostermundigen",BE,1,1,1,0,1,2,2,46.97163835785775,7.480131951767642,Ittigen,True,True,9753.0,BE
3065,6146,82872.29291594287,"Bolligen, Ostermundigen",BE,0,1,0,0,0,1,0,46.9714308250582,7.495617063674196,Bolligen,True,False,6146.0,BE
3066,3649,78162.46935883084,"Bolligen, Ostermundigen, Stettlen, Vechigen",BE,0,1,0,0,0,1,0,46.96529231269244,7.530078711469535,Stettlen,True,False,3649.0,BE
3067,3963,73618.24321094468,"Stettlen, Vechigen",BE,0,0,0,0,0,0,0,46.95872920849324,7.540274003369944,Boll,True,False,3963.0,BE
3068,2035,73520.17555343999,"Vechigen, Walkringen, Worb",BE,0,0,0,0,0,0,0,46.956555049774174,7.589108608972647,Utzigen,True,False,2035.0,BE
3072,18406,59277.38145382342,"Bern, Ostermundigen",BE,1,2,1,1,2,4,3,46.96092277628267,7.4865875298494755,Ostermundigen,True,True,9203.0,BE
3073,7507,93163.28862374579,"Allmendingen, Bern, Muri bei Bern, Ostermundigen",BE,0,1,0,0,1,1,1,46.93761108421275,7.50568197190762,Gümligen,True,True,7507.0,BE
3074,6436,93447.57280883368,Muri bei Bern,BE,0,1,1,0,0,1,1,46.92925060196277,7.487059129689846,Muri b. Bern,True,False,6436.0,BE
3075,3877,65350.74698427241,Worb,BE,0,2,0,0,0,2,0,46.923345663939,7.54134295399135,Rüfenacht BE,True,False,3877.0,BE
3076,6789,65814.80291609665,"Muri bei Bern, Stettlen, Vechigen, Worb",BE,1,0,0,0,1,1,1,46.93919558148572,7.536633978122829,Worb,True,True,6789.0,BE
3077,402,65350.74698427241,Worb,BE,0,0,0,0,0,0,0,46.93242578239231,7.597485304979081,Enggistein,True,False,402.0,BE
3078,412,65350.74698427241,Worb,BE,0,0,0,0,0,0,0,46.91810742428253,7.582227772401683,Richigen,True,False,412.0,BE
3082,793,66737.22123056666,"Grosshöchstetten, Worb",BE,0,0,0,0,0,0,0,46.91439503750847,7.61286971481206,Schlosswil,True,False,793.0,BE
3083,521,71234.81953976584,Münsingen,BE,0,0,0,0,0,0,0,46.90376403156398,7.578961051300161,Trimstein,True,False,521.0,BE
3084,8215,69407.41919635847,"Bern, Köniz",BE,0,1,1,0,1,1,2,46.93026725925259,7.451231903650003,Wabern,True,True,8215.0,BE
3086,1185,69963.61733654924,"Belp, Niedermuhlern, Oberbalm, Wald (BE)",BE,0,0,0,0,0,0,0,46.88124702171814,7.466149647551665,Zimmerwald,True,False,1185.0,BE
3087,570,62592.846255923985,"Niedermuhlern, Rüeggisberg, Wald (BE)",BE,0,0,0,0,0,0,0,46.85814312727109,7.447298235803271,Niedermuhlern,True,False,570.0,BE
3088,998,55478.10580524345,Rüeggisberg,BE,0,0,0,0,0,0,0,46.83124735260272,7.447220902571539,Rüeggisberg,True,False,998.0,BE
3089,300,55478.10580524345,Rüeggisberg,BE,0,0,0,0,0,0,0,46.83842180695453,7.407855386664498,Hinterfultigen,True,False,300.0,BE
3095,3248,69596.2224649629,Köniz,BE,0,0,0,0,0,0,0,46.925707215837456,7.434208088826766,Spiegel b. Bern,True,False,3248.0,BE
3096,856,58473.92933840031,"Oberbalm, Wald (BE)",BE,0,0,0,0,0,0,0,46.86928655142833,7.420927950128492,Oberbalm,True,False,856.0,BE
3097,9174,69570.29777372461,"Bern, Köniz",BE,0,1,2,0,0,1,2,46.932258777225215,7.4208790578087775,Liebefeld,True,False,9174.0,BE
3098,11925,69596.2224649629,Köniz,BE,1,2,1,0,1,3,2,46.916610483197545,7.414766866592254,Köniz,True,True,11925.0,BE
3099,321,62087.56328871254,"Riggisberg, Rüeggisberg, Rüschegg",BE,0,0,0,0,0,0,0,46.74606083125703,7.449513933787696,Rüti b. Riggisberg,True,False,321.0,BE
3110,12097,71234.81953976584,Münsingen,BE,1,1,1,0,1,2,2,46.873867876993536,7.5594306338846415,Münsingen,True,True,12097.0,BE
3111,385,71234.81953976584,Münsingen,BE,0,0,0,0,0,0,0,46.87647478106845,7.584255530815985,Tägertschi,True,False,385.0,BE
3112,544,84822.4664472343,"Allmendingen, Rubigen",BE,0,0,0,0,0,0,0,46.91210897371688,7.527020642129125,Allmendingen b. Bern,True,False,544.0,BE
3113,2892,70195.05300519799,"Rubigen, Worb",BE,0,0,1,0,0,0,1,46.90501301328507,7.551278344461813,Rubigen,True,False,2892.0,BE
3114,4513,65763.67195252287,"Kiesen, Wichtrach",BE,0,1,0,0,0,1,0,46.83590694490277,7.576051916331803,Wichtrach,True,False,4513.0,BE
3115,1332,76258.93949057472,"Belp, Gerzensee, Kirchdorf (BE)",BE,0,0,0,0,0,0,0,46.84681064008726,7.537637939006831,Gerzensee,True,False,1332.0,BE
3116,1501,65955.02481617648,Kirchdorf (BE),BE,0,0,0,0,0,0,0,46.81819623792743,7.5435643073216,Kirchdorf BE,True,False,1501.0,BE
3122,4681,71315.14518458613,"Belp, Kehrsatz",BE,0,1,0,1,0,2,0,46.90470256800519,7.474351621438724,Kehrsatz,True,False,4681.0,BE
3123,11256,68212.1982797609,"Belp, Kehrsatz, Toffen",BE,1,1,2,0,1,2,3,46.89040047193942,7.492512974190203,Belp,True,True,11256.0,BE
3124,309,68205.8835201454,Belp,BE,0,0,0,0,0,0,0,46.86740395619604,7.525302318082652,Belpberg,True,False,309.0,BE
3125,2816,68630.2059997917,"Belp, Kirchdorf (BE), Toffen",BE,0,1,0,0,0,1,0,46.85872124762083,7.501458423713204,Toffen,True,False,2816.0,BE
3126,1450,68263.95104822092,"Kaufdorf, Kirchdorf (BE)",BE,0,0,0,0,0,0,0,46.83950242923908,7.508426318310539,Kaufdorf,True,False,1450.0,BE
3127,1733,65641.19304347826,Thurnen,BE,0,0,0,0,0,0,0,46.81125668191723,7.5097656619971165,Mühlethurnen,True,False,1733.0,BE
3128,673,64016.60265670845,"Riggisberg, Thurnen",BE,0,0,0,0,0,0,0,46.82619058257467,7.498894137847007,Kirchenthurnen,True,False,673.0,BE
3132,2432,62349.28432798684,"Riggisberg, Rüeggisberg",BE,0,1,0,0,0,1,0,46.8156649592362,7.476696322869833,Riggisberg,True,False,2432.0,BE
3144,1100,69596.2224649629,Köniz,BE,0,0,0,0,0,0,0,46.89773484042712,7.401534414796516,Gasel,True,False,1100.0,BE
3145,2670,69571.00843426381,"Köniz, Oberbalm",BE,0,1,0,0,0,1,0,46.88314880638157,7.389356727611758,Niederscherli,True,False,2670.0,BE
3147,964,69384.35766718592,"Köniz, Oberbalm",BE,0,0,0,0,0,0,0,46.86476520067602,7.377476790938687,Mittelhäusern,True,False,964.0,BE
3148,962,59567.86056268509,Schwarzenburg,BE,0,0,0,0,0,0,0,46.84418983203392,7.357653711106916,Lanzenhäusern,True,False,962.0,BE
3150,4490,59542.40281703498,"Guggisberg, Schwarzenburg",BE,0,1,0,0,1,1,1,46.806952078758925,7.344176707613148,Schwarzenburg,True,True,4490.0,BE
3152,674,59556.051060108584,"Rüschegg, Schwarzenburg",BE,0,0,0,0,0,0,0,46.811225370499386,7.387549194620181,Mamishaus,True,False,674.0,BE
3153,452,55523.51036525173,Rüschegg,BE,0,0,0,0,0,0,0,46.77689997868698,7.379334389467757,Rüschegg Gambach,True,False,452.0,BE
3154,1328,55595.62188312934,"Rüeggisberg, Rüschegg, Schwarzenburg",BE,0,1,0,0,0,1,0,46.790908169973726,7.408481082898802,Rüschegg Heubach,True,False,1328.0,BE
3155,392,55478.10580524345,Rüeggisberg,BE,0,0,0,0,0,0,0,46.812041560536734,7.422375058449928,Helgisried-Rohrbach,True,False,392.0,BE
3156,344,52133.58190499179,"Guggisberg, Rüschegg",BE,0,0,0,0,0,0,0,46.757136088109874,7.365099749130547,Riffenmatt,True,False,344.0,BE
3157,337,58077.7488438615,"Guggisberg, Rüschegg, Schwarzenburg",BE,0,0,0,0,0,0,0,46.7884732993476,7.3586896373052575,Milken,True,False,337.0,BE
3158,681,51193.60212514758,Guggisberg,BE,0,0,0,0,0,0,0,46.76139856019429,7.319491693220816,Guggisberg,True,False,681.0,BE
3159,218,51193.60212514758,Guggisberg,BE,0,0,0,0,0,0,0,46.78565672495269,7.325854534146894,Riedstätt,True,False,218.0,BE
3172,4143,69575.1847270155,"Bern, Köniz",BE,0,1,0,0,0,1,0,46.928101780452,7.378593723388535,Niederwangen b. Bern,True,False,4143.0,BE
3173,1459,69596.2224649629,Köniz,BE,0,0,0,0,0,0,0,46.913571743984924,7.359490697241771,Oberwangen b. Bern,True,False,1459.0,BE
3174,2397,67976.10397304586,"Köniz, Neuenegg",BE,0,0,1,0,0,0,1,46.89603787939751,7.350659255884795,Thörishaus,True,False,2397.0,BE
3175,2531,61605.84972069529,"Ueberstorf, Wünnewil-Flamatt",FR,0,1,0,0,1,1,1,46.88879123204892,7.315716983307609,Flamatt,True,True,2531.0,FR
3176,4578,65682.70371546522,Neuenegg,BE,0,1,0,0,0,1,0,46.89637652178623,7.305726125716548,Neuenegg,True,False,4578.0,BE
3177,3348,64662.91064074051,"Ferenbalm, Laupen, Neuenegg",BE,0,1,1,0,0,1,1,46.91252163979988,7.242834727735944,Laupen BE,True,False,3348.0,BE
3178,3318,67588.42842049657,Bösingen,FR,0,0,0,0,0,0,0,46.89383586354755,7.2309623863998,Bösingen,True,False,3318.0,FR
3179,422,61714.062654525114,"Gurmels, Kriechenwil","BE, FR",0,0,0,0,0,0,0,46.91424578792187,7.214316165411605,Kriechenwil,True,False,422.0,BE
3182,2432,69145.04540430491,"Schmitten (FR), Tafers, Ueberstorf",FR,0,0,0,0,0,0,0,46.859105752757976,7.296645835760313,Ueberstorf,True,False,2432.0,FR
3183,391,59567.86056268509,Schwarzenburg,BE,0,0,0,0,0,0,0,46.85244949440714,7.319209733754916,Albligen,True,False,391.0,BE
3184,3318,61627.85727397025,"Bösingen, Wünnewil-Flamatt",FR,0,0,0,0,0,0,0,46.881325550012,7.273470450724636,Wünnewil,True,False,3318.0,FR
3185,4317,66835.06439949898,"Bösingen, Schmitten (FR), Tafers, Wünnewil-Flamatt",FR,0,1,0,0,0,1,0,46.8574676092537,7.254630963154641,Schmitten FR,True,False,4317.0,FR
3186,9266,66156.13600473746,Düdingen,FR,1,1,1,1,1,3,2,46.84790810073143,7.191610904203364,Düdingen,True,True,9266.0,FR
3202,1437,72480.76754882165,"Frauenkappelen, Mühleberg",BE,0,0,0,0,0,0,0,46.952792869250665,7.317730695723031,Frauenkappelen,True,False,1437.0,BE
3203,1307,69336.03770399549,Mühleberg,BE,0,0,0,0,0,0,0,46.95952682712392,7.26813788705622,Mühleberg,True,False,1307.0,BE
3204,1058,68446.19514440917,"Mühleberg, Neuenegg",BE,0,0,0,0,0,0,0,46.92761339097745,7.27861376503062,Rosshäusern,True,False,1058.0,BE
3205,1173,68554.05188748994,"Ferenbalm, Gurmels, Mühleberg","BE, FR",0,0,0,0,0,0,0,46.94037219841319,7.241809856662113,Gümmenen,True,False,1173.0,BE
3206,1218,66631.89724597822,"Ferenbalm, Gurmels","BE, FR",0,0,0,0,0,0,0,46.93791717875666,7.220974680275193,Rizenbach,True,False,1218.0,BE
3207,676,67165.29457048379,"Ferenbalm, Kallnach, Kerzers, Wileroltigen","BE, FR",0,0,0,0,0,0,0,46.975717494599714,7.234933555821888,Wileroltigen,True,False,676.0,BE
3208,249,62357.05442176871,Gurbrü,BE,0,0,0,0,0,0,0,46.964401521933205,7.215630326898807,Gurbrü,True,False,249.0,BE
3210,5557,70521.38821251638,"Gurbrü, Kerzers, Ried bei Kerzers","BE, FR",0,1,0,0,1,1,1,46.96740219943633,7.196183639703127,Kerzers,True,True,5557.0,FR
3212,2292,70858.05877357221,"Courtepin, Gurmels",FR,0,0,0,0,0,0,0,46.88635881951757,7.181553546112892,Gurmels,True,False,2292.0,FR
3213,1456,76583.54426662407,"Gurmels, Kleinbösingen",FR,0,0,0,0,0,0,0,46.89813024147692,7.194272464731918,Liebistorf,True,False,1456.0,FR
3214,429,70947.66804807294,Gurmels,FR,0,0,0,0,0,0,0,46.933432753226334,7.198766840435499,Ulmiz,True,False,429.0,FR
3215,664,69138.86206896552,Murten,FR,0,0,0,0,0,0,0,46.93827020797298,7.182872400237113,Gempenach,True,False,664.0,FR
3216,1270,73554.8502994012,Ried bei Kerzers,FR,0,0,0,0,0,0,0,46.95573980365309,7.191992855904648,Ried b. Kerzers,True,False,1270.0,FR
3225,1683,68680.54266666666,Müntschemier,BE,0,0,0,0,0,0,0,46.99565012353023,7.143953314637367,Müntschemier,True,False,1683.0,BE
3226,440,66866.89110657561,"Kallnach, Treiten",BE,0,0,0,0,0,0,0,47.005252382186704,7.169567591482583,Treiten,True,False,440.0,BE
3232,3789,70042.63832748108,"Erlach, Ins",BE,0,1,0,1,0,2,0,47.01470858652796,7.099400747022641,Ins,True,False,3789.0,BE
3233,489,70640.5402862654,"Erlach, Tschugg",BE,0,0,0,0,0,0,0,47.0291321772096,7.084084111882785,Tschugg,True,False,489.0,BE
3234,902,71058.07249070633,Vinelz,BE,0,0,0,0,0,0,0,47.03344102750326,7.111735360022949,Vinelz,True,False,902.0,BE
3235,1398,69211.01770716271,"Erlach, Gals, Twann-Tüscherz",BE,0,0,0,0,0,0,0,47.04715171032006,7.10267927543476,Erlach,True,False,1398.0,BE
3236,1063,67411.10465165957,"Gampelen, Ins, Laténa, Mont-Vully","BE, FR, NE",0,0,0,0,0,0,0,46.987553862695314,7.056804766827206,Gampelen,True,False,1063.0,BE
3237,625,64427.61607142857,Brüttelen,BE,0,0,0,0,0,0,0,47.02223875070933,7.147068812187315,Brüttelen,True,False,625.0,BE
3238,851,72440.96739130435,Gals,BE,1,0,1,0,0,1,1,47.02645543748726,7.0470305138978855,Gals,True,False,851.0,BE
3250,14504,64811.53504176058,"Aarberg, Kappelen, Lyss",BE,1,1,2,1,1,3,3,47.06652130932144,7.302395325361281,Lyss,True,True,14504.0,BE
3251,864,71599.83822209189,"Rapperswil (BE), Wengi",BE,0,0,0,0,0,0,0,47.08400896474112,7.409726521358547,Wengi b. Büren,True,False,864.0,BE
3252,2703,65736.67144629592,"Kappelen, Worben",BE,0,0,0,0,0,0,0,47.09646796262511,7.294484456444403,Worben,True,False,2703.0,BE
3253,1159,72820.68174962292,Schnottwil,SO,0,0,0,0,0,0,0,47.11049138943616,7.390763932612185,Schnottwil,True,False,1159.0,SO
3254,1253,73224.07255029307,"Messen, Rapperswil (BE)","BE, SO",0,0,1,0,0,0,1,47.096691419045534,7.437641408796204,Messen,True,False,1253.0,SO
3255,1272,78750.71559633028,Rapperswil (BE),BE,0,1,0,0,0,1,0,47.0646051439528,7.407497647648356,Rapperswil BE,True,False,1272.0,BE
3256,727,78750.71559633028,Rapperswil (BE),BE,0,0,0,0,0,0,0,47.05273454395827,7.4275544073364195,Dieterswil,True,False,727.0,BE
3257,2396,66736.96108968856,"Grossaffoltern, Wengi",BE,0,0,0,0,0,0,0,47.07288143338834,7.361966097533116,Grossaffoltern,True,False,2396.0,BE
3262,660,66740.32169433314,Grossaffoltern,BE,0,0,0,0,0,0,0,47.05822447126398,7.339451896428412,Suberg,True,False,660.0,BE
3263,920,68263.75975359343,Büetigen,BE,0,0,0,0,0,0,0,47.10512550862156,7.34103725570835,Büetigen,True,False,920.0,BE
3264,1064,71398.8014571949,Diessbach bei Büren,BE,0,0,0,0,0,0,0,47.10798298038623,7.360543624505268,Diessbach b. Büren,True,False,1064.0,BE
3266,606,69137.07717215327,Seedorf (BE),BE,0,0,0,0,0,0,0,47.04823864175892,7.319296354452241,Wiler b. Seedorf,True,False,606.0,BE
3267,1974,69126.52372080885,"Aarberg, Seedorf (BE)",BE,0,0,0,0,0,0,0,47.03542278458866,7.30527959131558,Seedorf BE,True,False,1974.0,BE
3268,485,69137.07717215327,Seedorf (BE),BE,0,0,0,0,0,0,0,47.02413212018745,7.296002024955776,Lobsigen,True,False,485.0,BE
3270,4580,65803.4890302396,"Aarberg, Seedorf (BE)",BE,0,1,0,1,0,2,0,47.03807919454016,7.276037650530366,Aarberg,True,False,4580.0,BE
3271,394,68037.81351351351,Radelfingen,BE,0,0,0,0,0,0,0,47.02181776804186,7.274041918082121,Radelfingen b. Aarberg,True,False,394.0,BE
3272,1411,63968.88590904973,"Epsach, Walperswil",BE,0,0,0,0,0,0,0,47.064428005455575,7.223228614412756,Walperswil,True,False,1411.0,BE
3273,1400,71876.01811260263,"Aarberg, Kappelen",BE,0,0,1,0,0,0,1,47.058983787945806,7.269978154756851,Kappelen,True,False,1400.0,BE
3274,1204,73319.0328555974,"Bühl, Hermrigen, Merzligen",BE,0,0,0,0,0,0,0,47.080231801422855,7.245590316186419,Hermrigen,True,False,1204.0,BE
3280,7582,97636.49911924111,"Courgevaux, Greng, Meyriez, Murten",FR,1,1,2,1,1,3,3,46.92002212195106,7.105715186971687,Murten,True,True,7582.0,FR
3282,1099,63736.61379310345,Bargen (BE),BE,0,0,0,0,0,0,0,47.03882703542458,7.261765921942633,Bargen BE,True,False,1099.0,BE
3283,1973,66409.29607619862,"Bargen (BE), Kallnach",BE,0,0,2,0,0,0,2,47.02235606142157,7.237752514891036,Kallnach,True,False,1973.0,BE
3284,435,72980.4246031746,Fräschels,FR,0,0,0,0,0,0,0,46.99704873622383,7.208473295512707,Fräschels,True,False,435.0,FR
3285,807,69138.86206896552,Murten,FR,0,0,0,0,0,0,0,46.94899785840115,7.15695182460389,Galmiz,True,False,807.0,FR
3286,1020,106716.9926199262,Muntelier,FR,0,0,1,0,0,0,1,46.93748012555024,7.127765503779768,Muntelier,True,False,1020.0,FR
3292,2101,64747.458565955116,Lyss,BE,0,1,1,0,0,1,1,47.1002344085118,7.324027093677957,Busswil BE,True,False,2101.0,BE
3293,1583,63564.634345794395,Dotzigen,BE,0,0,0,0,0,0,0,47.11943618451775,7.340813241766167,Dotzigen,True,False,1583.0,BE
3294,3839,74497.72188216078,"Büren an der Aare, Dotzigen, Meienried",BE,0,1,1,0,0,1,1,47.13839341367378,7.355805970855158,Büren an der Aare,True,False,3839.0,BE
3295,872,60417.94214876033,Rüti bei Büren,BE,0,0,0,0,0,0,0,47.15143228335629,7.4056259813081375,Rüti b. Büren,True,False,872.0,BE
3296,1713,62767.97154072621,Arch,BE,0,0,0,0,0,0,0,47.166296177699785,7.428776410362463,Arch,True,False,1713.0,BE
3297,1377,63862.4376693767,Leuzigen,BE,0,0,0,0,0,0,0,47.17462445821705,7.457372913987232,Leuzigen,True,False,1377.0,BE
3298,895,69543.41142857143,Oberwil bei Büren,BE,0,0,0,0,0,0,0,47.12903562140835,7.407195413475048,Oberwil b. Büren,True,False,895.0,BE
3302,4099,65819.69591926283,Moosseedorf,BE,0,0,2,0,1,0,3,47.01368029264632,7.483780256053582,Moosseedorf,True,True,4099.0,BE
3303,6363,75826.9971291401,"Jegenstorf, Zuzwil (BE)",BE,0,1,0,0,0,1,0,47.04718331971161,7.492746596215632,Jegenstorf,True,False,6363.0,BE
3305,511,76180.82619897451,"Iffwil, Jegenstorf",BE,0,0,0,0,0,0,0,47.06651705904719,7.467920732598106,Iffwil,True,False,511.0,BE
3306,355,71090.12711583139,Fraubrunnen,BE,0,0,0,0,0,0,0,47.08574121607889,7.478387697117402,Etzelkofen,True,False,355.0,BE
3307,188,73005.73454545454,Messen,SO,0,0,0,0,0,0,0,47.08665270064371,7.468182090471669,Brunnenthal,True,False,188.0,SO
3308,1003,71090.12711583139,Fraubrunnen,BE,0,0,0,0,0,0,0,47.07836916901668,7.508588238985051,Grafenried,True,False,1003.0,BE
3309,836,69944.62074745818,"Fraubrunnen, Kernenried",BE,0,0,0,0,0,0,0,47.073268158873205,7.545137271182808,Kernenried,True,False,836.0,BE
3312,2195,71090.12711583139,Fraubrunnen,BE,0,0,0,0,0,0,0,47.08581443280128,7.525678253829738,Fraubrunnen,True,False,2195.0,BE
3313,484,71090.12711583139,Fraubrunnen,BE,0,0,0,0,0,0,0,47.09488022869443,7.514404935853062,Büren zum Hof,True,False,484.0,BE
3314,583,70563.47221958158,"Bätterkinden, Fraubrunnen",BE,0,0,0,0,0,0,0,47.112176305787486,7.528573235446558,Schalunen,True,False,583.0,BE
3315,3363,65893.72952086553,Bätterkinden,BE,0,1,0,0,0,1,0,47.13926775901872,7.535459490455697,Bätterkinden,True,False,3363.0,BE
3317,624,71090.12711583139,Fraubrunnen,BE,0,0,0,0,0,0,0,47.104766570663934,7.486569915701223,Limpach,True,False,624.0,BE
3322,7244,70810.38246309407,"Mattstetten, Moosseedorf, Urtenen-Schönbühl",BE,0,2,1,0,0,2,1,47.02106765627786,7.50620658211235,Urtenen-Schönbühl,True,False,7244.0,BE
3323,1124,70434.41176470589,Bäriswil,BE,0,0,0,0,0,0,0,47.01963629875472,7.528176271707488,Bäriswil BE,True,False,1124.0,BE
3324,2735,66912.56180012088,"Hindelbank, Lyssach",BE,0,0,0,0,0,0,0,47.04980163641191,7.555595693658472,Hindelbank,True,False,2735.0,BE
3325,938,66692.43751953832,"Hindelbank, Krauchthal",BE,0,0,0,0,0,0,0,47.035626414064495,7.56487155396132,Hettiswil b. Hindelbank,True,False,938.0,BE
3326,1483,66863.46949662935,"Bolligen, Krauchthal",BE,0,0,0,0,0,0,0,47.00232915346906,7.5488647613044275,Krauchthal,True,False,1483.0,BE
3360,6574,60043.36341864348,"Herzogenbuchsee, Thörigen",BE,0,1,1,0,1,1,2,47.18598408384235,7.711437717378132,Herzogenbuchsee,True,True,6574.0,BE
3362,1782,62225.947265625,Niederönz,BE,0,0,0,0,0,0,0,47.18643908169411,7.691398579199845,Niederönz,True,False,1782.0,BE
3363,1046,60042.906015945875,Herzogenbuchsee,BE,0,0,0,0,0,0,0,47.18115260559734,7.694368424586618,Oberönz,True,False,1046.0,BE
3365,1102,60251.8515752208,"Aeschi (SO), Seeberg","BE, SO",0,0,0,0,0,0,0,47.150812656169386,7.674679108631501,Grasswil,True,False,1102.0,BE
3366,706,58470.21921182265,Bettenhausen,BE,0,0,0,0,0,0,0,47.17048046775018,7.71193960016468,Bettenhausen,True,False,706.0,BE
3367,1461,56890.660891806474,"Ochlenberg, Thörigen",BE,0,0,0,0,0,0,0,47.16394329559749,7.734701231875122,Thörigen,True,False,1461.0,BE
3368,793,60512.7524555066,"Bleienbach, Lotzwil",BE,0,0,0,0,0,0,0,47.18718067622424,7.760230009074508,Bleienbach,True,False,793.0,BE
3372,236,62626.75443786982,Heimenhausen,BE,0,0,0,0,0,0,0,47.20041452985638,7.692493841776456,Wanzwil,True,False,236.0,BE
3373,963,62626.75443786982,Heimenhausen,BE,0,0,0,0,0,0,0,47.2068764212123,7.690663784290775,Röthenbach Herzogenbuchsee,True,False,963.0,BE
3374,398,64891.03002144389,Wangen an der Aare,BE,0,0,0,0,0,0,0,47.21890032182642,7.656434181946685,Wangenried,True,False,398.0,BE
3375,668,63132.775656324586,Inkwil,BE,0,0,0,0,0,0,0,47.199422657957065,7.672350172858209,Inkwil,True,False,668.0,BE
3376,379,53872.08501344086,"Berken, Graben",BE,0,0,0,0,0,0,0,47.22242583593779,7.715372774173464,Graben,True,False,379.0,BE
3377,614,66843.53333333334,Walliswil bei Wangen,BE,0,0,0,0,0,0,0,47.23038064220562,7.681926590485459,Walliswil b. Wangen,True,False,614.0,BE
3380,2879,63217.21556238455,"Walliswil bei Niederbipp, Wangen an der Aare, Wiedlisbach",BE,0,1,0,0,0,1,0,47.23585919502728,7.666156939779697,Wangen an der Aare,True,False,2879.0,BE
3400,17063,60264.36420782742,"Burgdorf, Kirchberg (BE)",BE,0,2,3,0,1,2,4,47.06255821756185,7.621655437385497,Burgdorf,True,True,17063.0,BE
3412,965,58204.71428571428,Heimiswil,BE,0,0,0,0,0,0,0,47.05933466331752,7.659513401640983,Heimiswil,True,False,965.0,BE
3413,518,58043.14564231112,"Affoltern im Emmental, Burgdorf, Heimiswil",BE,0,0,0,0,0,0,0,47.07390322464087,7.672350227371672,Kaltacker,True,False,518.0,BE
3414,3935,56070.73139615711,"Burgdorf, Lützelflüh, Oberburg",BE,1,1,0,0,0,2,0,47.023610373323656,7.614675470197443,Oberburg,True,False,3935.0,BE
3415,4419,59074.20681800347,"Hasle bei Burgdorf, Heimiswil, Lützelflüh, Rüegsau, Walkringen",BE,0,1,0,0,1,1,1,47.00875441535746,7.65198418447068,Hasle b. Burgdorf,True,True,4419.0,BE
3416,634,53803.08279757759,"Affoltern im Emmental, Heimiswil, Rüegsau, Sumiswald",BE,0,0,0,0,0,0,0,47.06560845290213,7.72212456290076,Affoltern im Emmental,True,False,634.0,BE
3417,490,59383.670335429764,Rüegsau,BE,0,0,0,0,0,0,0,47.02516350391791,7.672645940549092,Rüegsau,True,False,490.0,BE
3418,694,59207.992259755665,"Affoltern im Emmental, Heimiswil, Lützelflüh, Rüegsau",BE,0,0,0,0,0,0,0,47.04945154767373,7.705909055774155,Rüegsbach,True,False,694.0,BE
3419,495,58865.74113517361,"Hasle bei Burgdorf, Lützelflüh",BE,0,0,0,0,0,0,0,46.99469824033261,7.613373402165978,Biembach im Emmental,True,False,495.0,BE
3421,1714,66584.05345501333,"Hindelbank, Lyssach, Oberburg, Rüti bei Lyssach",BE,0,0,0,0,0,0,0,47.05599666770803,7.583328372312346,Lyssach,True,False,1714.0,BE
3422,7950,60726.15217957621,"Ersigen, Kirchberg (BE), Lyssach, Rüdtligen-Alchenflüh",BE,1,1,1,0,1,2,2,47.086235344824,7.5786169459152175,Kirchberg BE,True,True,7950.0,BE
3423,1675,67763.91845493563,Ersigen,BE,0,0,0,0,0,0,0,47.09368536462065,7.600568740322639,Ersigen,True,False,1675.0,BE
3424,319,67763.91845493563,Ersigen,BE,0,0,0,0,0,0,0,47.1128011146953,7.611885180337609,Niederösch,True,False,319.0,BE
3425,2463,66936.5564843474,"Ersigen, Koppigen, Willadingen",BE,0,0,0,0,0,0,0,47.13358436561606,7.608673250162778,Koppigen,True,False,2463.0,BE
3426,1154,61238.573619631905,Aefligen,BE,0,0,0,0,0,0,0,47.09473657365489,7.557053644636065,Aefligen,True,False,1154.0,BE
3427,4537,63739.31321523838,"Utzenstorf, Wiler bei Utzenstorf",BE,0,1,0,0,1,1,1,47.13595273687886,7.555476726111001,Utzenstorf,True,True,4537.0,BE
3428,1003,65169.82698961938,Wiler bei Utzenstorf,BE,0,0,0,0,0,0,0,47.15197973971941,7.557232109020975,Wiler b. Utzenstorf,True,False,1003.0,BE
3429,464,62168.87912319845,"Hellsau, Höchstetten",BE,0,0,0,0,0,0,0,47.14459669369187,7.640246791736692,Höchstetten,True,False,464.0,BE
3432,3508,58149.815245723934,"Hasle bei Burgdorf, Lützelflüh, Rüderswil",BE,0,1,0,0,0,1,0,46.99968026879626,7.683550286521283,Lützelflüh-Goldbach,True,False,3508.0,BE
3433,485,57036.770752204,"Hasle bei Burgdorf, Lützelflüh, Rüderswil",BE,0,0,0,0,0,0,0,46.98069474187282,7.686752950073616,Schwanden im Emmental,True,False,485.0,BE
3434,649,51793.61255852466,"Landiswil, Lauperswil, Lützelflüh",BE,0,0,0,0,0,0,0,46.95820614321732,7.68070302434044,Obergoldbach,True,False,649.0,BE
3435,266,57804.21532258065,Lützelflüh,BE,0,0,0,0,0,0,0,46.99838547605796,7.709356502270706,Ramsei,True,False,266.0,BE
3436,2758,55312.23857627822,"Lauperswil, Rüderswil",BE,0,0,0,0,0,0,0,46.97301807640018,7.74718805420224,Zollbrück,True,False,2758.0,BE
3437,551,56795.892679459845,Rüderswil,BE,0,0,0,0,0,0,0,46.98384006654168,7.720679408660197,Rüderswil,True,False,551.0,BE
3438,535,54797.27340182849,"Lauperswil, Rüderswil",BE,0,0,0,0,0,0,0,46.96296777635402,7.727323492025572,Lauperswil,True,False,535.0,BE
3439,549,57316.86273948107,"Lützelflüh, Rüderswil",BE,0,0,0,0,0,0,0,46.9881551525346,7.744554092374869,Ranflüh,True,False,549.0,BE
3452,798,57804.21532258065,Lützelflüh,BE,0,0,0,0,0,0,0,47.00984338199879,7.724997597130652,Grünenmatt,True,False,798.0,BE
3453,859,53860.148785358426,"Lützelflüh, Rüderswil, Trachselwald",BE,0,0,0,0,0,0,0,47.00247191009448,7.765824311100391,Heimisbach,True,False,859.0,BE
3454,2745,54341.127645706336,"Lützelflüh, Rüegsau, Sumiswald",BE,0,0,0,0,0,0,0,47.03722725112629,7.729506399870647,Sumiswald,True,False,2745.0,BE
3455,609,54018.99966021066,Sumiswald,BE,0,1,0,0,0,1,0,47.02448614511056,7.739597782354089,Grünen,True,False,609.0,BE
3456,130,54733.08305499194,"Lützelflüh, Trachselwald",BE,0,0,0,0,0,0,0,47.01620387858539,7.738729447276329,Trachselwald,True,False,130.0,BE
3457,1807,54015.38206771471,"Sumiswald, Wyssachen",BE,0,0,0,0,0,0,0,47.049139786376,7.81065656630228,Wasen im Emmental,True,False,1807.0,BE
3462,523,53727.61696528655,"Affoltern im Emmental, Sumiswald",BE,0,0,0,0,0,0,0,47.06028045331624,7.7615562617103375,Weier im Emmental,True,False,523.0,BE
3463,340,53050.026827131216,"Affoltern im Emmental, Dürrenroth, Walterswil (BE)",BE,0,0,0,0,0,0,0,47.08401005985326,7.756037303397115,Häusernmoos im Emmental,True,False,340.0,BE
3464,334,55206.2525826296,"Affoltern im Emmental, Dürrenroth, Walterswil (BE), Wynigen",BE,0,0,0,0,0,0,0,47.09120980222064,7.742704198948488,Schmidigen-Mühleweg,True,False,334.0,BE
3465,887,52379.99666666667,Dürrenroth,BE,0,0,0,0,0,0,0,47.0863121036076,7.789408441511175,Dürrenroth,True,False,887.0,BE
3472,1766,60217.339679582525,"Burgdorf, Ersigen, Heimiswil, Rumendingen, Wynigen",BE,0,0,0,0,0,0,0,47.09663458148263,7.661560984902903,Wynigen,True,False,1766.0,BE
3473,630,60722.45027624309,Alchenstorf,BE,0,0,0,0,0,0,0,47.12391423949369,7.6370852740694914,Alchenstorf,True,False,630.0,BE
3474,388,61110.50453932266,"Seeberg, Wynigen",BE,0,0,0,0,0,0,0,47.127540676912574,7.697572570631152,Rüedisbach,True,False,388.0,BE
3475,334,60239.64756756756,Seeberg,BE,0,0,0,0,0,0,0,47.14742529135661,7.696937033911872,Riedtwil,True,False,334.0,BE
3476,380,54844.023712398215,"Ochlenberg, Seeberg, Thörigen",BE,0,0,0,0,0,0,0,47.14293101434432,7.7199250392773,Oschwand,True,False,380.0,BE
3503,397,65189.537593984955,Konolfingen,BE,0,0,0,0,0,0,0,46.89340268174095,7.592121837111352,Gysenstein,True,False,397.0,BE
3504,1000,58815.341419732984,"Niederhünigen, Oberhünigen",BE,0,0,0,0,0,0,0,46.877660714529206,7.648853009615886,Niederhünigen,True,False,1000.0,BE
3506,3652,66745.03844372554,"Grosshöchstetten, Mirchel, Oberthal, Zäziwil",BE,0,1,0,0,0,1,0,46.904698438907154,7.643983950612763,Grosshöchstetten,True,False,3652.0,BE
3507,2029,63342.234227742134,"Arni (BE), Biglen",BE,0,1,0,0,0,1,0,46.932946418949015,7.629719737335865,Biglen,True,False,2029.0,BE
3508,873,57744.51958374213,"Arni (BE), Landiswil, Oberthal",BE,0,0,0,0,0,0,0,46.93413772646428,7.66372537425985,Arni BE,True,False,873.0,BE
3510,5805,66037.98278852658,"Freimettigen, Häutligen, Konolfingen, Wichtrach",BE,0,1,2,0,1,1,3,46.86412661573823,7.614385026545201,Konolfingen,True,True,5805.0,BE
3512,1230,57306.94900849858,Walkringen,BE,0,0,0,0,0,0,0,46.94624226254789,7.616072509742473,Walkringen,True,False,1230.0,BE
3513,593,57433.371203045775,"Hasle bei Burgdorf, Vechigen, Walkringen",BE,0,0,0,0,0,0,0,46.97401869024674,7.620233266316277,Bigenthal,True,False,593.0,BE
3531,609,57582.0150297523,"Bowil, Oberthal, Zäziwil",BE,0,0,0,0,0,0,0,46.91058829015192,7.678836704846412,Oberthal,True,False,609.0,BE
3532,2211,62536.99396001366,"Mirchel, Oberhünigen, Zäziwil",BE,0,0,0,0,0,0,0,46.88948793193108,7.661533681086922,Zäziwil,True,False,2211.0,BE
3533,1190,55961.71497719442,"Bowil, Oberhünigen, Röthenbach im Emmental, Zäziwil",BE,0,0,0,0,0,0,0,46.88478266640651,7.6971265124726465,Bowil,True,False,1190.0,BE
3534,1783,53602.69220355703,"Bowil, Signau",BE,0,1,0,0,0,1,0,46.910196624769526,7.724068371456584,Signau,True,False,1783.0,BE
3535,991,53407.701707294334,"Langnau im Emmental, Signau",BE,0,0,0,0,0,0,0,46.93036588622829,7.749268740394649,Schüpbach,True,False,991.0,BE
3536,555,51622.09396485867,Eggiwil,BE,0,0,0,0,0,0,0,46.904367303424046,7.774101606578002,Aeschau,True,False,555.0,BE
3537,1836,51616.73891382475,"Eggiwil, Röthenbach im Emmental, Trub, Trubschachen",BE,0,0,0,0,0,0,0,46.867366319587006,7.82196359687843,Eggiwil,True,False,1836.0,BE
3538,916,52558.46320635404,"Bowil, Linden, Röthenbach im Emmental",BE,0,0,0,0,0,0,0,46.86431183001039,7.721256272446658,Röthenbach im Emmental,True,False,916.0,BE
3543,512,54534.449598069084,"Langnau im Emmental, Lauperswil, Signau",BE,0,0,0,0,0,0,0,46.9481910442693,7.747814747930161,Emmenmatt,True,False,512.0,BE
3550,7544,55867.58749601499,"Eggiwil, Langnau im Emmental, Lauperswil",BE,1,1,0,0,1,2,1,46.93434132505447,7.779261303284347,Langnau im Emmental,True,True,7544.0,BE
3551,322,55820.81139919754,"Langnau im Emmental, Lauperswil, Trachselwald",BE,0,0,0,0,0,0,0,46.98288430832705,7.797695144124209,Oberfrittenbach,True,False,322.0,BE
3552,1357,55883.51490013016,"Langnau im Emmental, Trub",BE,0,0,0,0,0,0,0,46.94166705420385,7.827706100983848,Bärau,True,False,1357.0,BE
3553,494,55930.852941176476,Langnau im Emmental,BE,0,0,0,0,0,0,0,46.96561154986874,7.816149657263095,Gohl,True,False,494.0,BE
3555,1741,49639.17261638323,"Escholzmatt-Marbach, Langnau im Emmental, Trub, Trubschachen","BE, LU",0,0,0,0,0,0,0,46.91166447771239,7.853965684679592,Trubschachen,True,False,1741.0,BE
3556,790,48591.25366888456,"Trub, Trubschachen",BE,0,0,0,0,0,0,0,46.94196442300307,7.863189666450409,Trub,True,False,790.0,BE
3557,288,48580.22544951591,Trub,BE,0,0,0,0,0,0,0,46.97222143003771,7.917832332800686,Fankhaus (Trub),True,False,288.0,BE
3600,17943,61778.07886097317,"Hilterfingen, Thun",BE,1,5,2,1,1,7,3,46.75140359905512,7.632421512783376,Thun,True,True,17943.0,BE
3603,2907,61773.42893145337,"Thun, Uetendorf",BE,0,1,0,0,0,1,0,46.76814292010708,7.601027996632276,Thun,True,False,2907.0,BE
3604,15610,61771.26475440569,Thun,BE,0,1,1,0,2,1,3,46.74061166075019,7.619939621294768,Thun,True,True,7805.0,BE
3608,2367,61771.26475440569,Thun,BE,0,1,1,0,1,1,2,46.74209683482778,7.594860232593963,Thun,True,True,2367.0,BE
3612,11594,64298.63273426876,"Fahrni, Steffisburg, Thun",BE,0,1,1,0,1,1,2,46.7761029152722,7.642265476986826,Steffisburg,True,True,11594.0,BE
3613,5404,64138.74460993227,"Heimberg, Steffisburg",BE,0,0,1,0,0,0,1,46.77119827848645,7.612723331792848,Steffisburg,True,False,5404.0,BE
3614,813,58725.865230390176,"Buchholterberg, Unterlangenegg",BE,0,0,0,0,0,0,0,46.800828258353626,7.690714726520392,Unterlangenegg,True,False,813.0,BE
3615,1547,59721.90156303689,"Buchholterberg, Linden, Röthenbach im Emmental",BE,0,0,0,0,0,0,0,46.83105379584445,7.693895628042359,Heimenschwand,True,False,1547.0,BE
3616,706,56515.26168406288,"Eriz, Oberlangenegg, Unterlangenegg",BE,0,0,0,0,0,0,0,46.79242091155242,7.723687388602897,Schwarzenegg,True,False,706.0,BE
3617,842,65792.20269047844,"Fahrni, Steffisburg",BE,0,0,0,0,0,0,0,46.79289536264783,7.6573312907298,Fahrni b. Thun,True,False,842.0,BE
3618,608,52057.5804581462,"Buchholterberg, Eggiwil, Oberlangenegg, Röthenbach im Emmental, Wachseldorn",BE,0,0,0,0,0,0,0,46.81732817352782,7.757351177071996,Süderen,True,False,608.0,BE
3619,535,49996.1716779788,"Eriz, Horrenbach-Buchen, Sigriswil",BE,0,0,0,0,0,0,0,46.77589596424175,7.785275790410577,Eriz,True,False,535.0,BE
3622,499,57441.48717948718,Homberg,BE,0,0,0,0,0,0,0,46.77612472524278,7.679136404496695,Homberg b. Thun,True,False,499.0,BE
3623,383,46877.958302799394,"Horrenbach-Buchen, Sigriswil, Teuffenthal (BE)",BE,0,0,0,0,0,0,0,46.77467566863573,7.728379466703178,Teuffenthal b. Thun,True,False,383.0,BE
3624,1468,63037.189844870765,"Steffisburg, Thun",BE,0,0,0,0,0,0,0,46.76712954586156,7.663491392768281,Goldiwil (Thun),True,False,1468.0,BE
3625,741,58733.19081605325,"Heiligenschwendi, Hilterfingen",BE,0,0,0,0,0,0,0,46.75067702995302,7.665471277336787,Heiligenschwendi,True,False,741.0,BE
3626,3000,74251.98234339255,"Hilterfingen, Thun",BE,0,1,1,0,1,1,2,46.74792304801332,7.64749179512709,Hünibach,True,True,3000.0,BE
3627,6500,63187.44058850715,"Heimberg, Steffisburg",BE,1,2,1,0,1,3,2,46.78929761791814,7.606357659107788,Heimberg,True,True,6500.0,BE
3628,2170,70095.53372189842,Uttigen,BE,0,0,0,0,0,0,0,46.79409474862035,7.577485267426155,Uttigen,True,False,2170.0,BE
3629,1951,68672.14525088284,"Jaberg, Kiesen, Kirchdorf (BE), Oppligen",BE,0,0,0,0,0,0,0,46.81673277257983,7.577851808705937,Kiesen,True,False,1951.0,BE
3631,451,59603.831783714166,"Stocken-Höfen, Uebeschi",BE,0,0,0,0,0,0,0,46.7258440749211,7.554895294486129,Höfen b. Thun,True,False,451.0,BE
3632,574,59588.62994836489,Stocken-Höfen,BE,0,0,0,0,0,0,0,46.71308331273711,7.567906624788286,Niederstocken,True,False,574.0,BE
3633,867,65367.05136374616,"Amsoldingen, Thierachern",BE,0,0,0,0,0,0,0,46.73118317186496,7.582766643854784,Amsoldingen,True,False,867.0,BE
3634,2545,67133.88157894737,Thierachern,BE,0,0,0,0,0,0,0,46.75471332831328,7.577044186062504,Thierachern,True,False,2545.0,BE
3635,700,60248.83464064234,"Thierachern, Uebeschi",BE,0,0,0,0,0,0,0,46.74477697572076,7.548687617760301,Uebeschi,True,False,700.0,BE
3636,765,63290.05546994059,"Forst-Längenbühl, Thierachern",BE,0,0,0,0,0,0,0,46.75894428062342,7.537370878910599,Längenbühl,True,False,765.0,BE
3638,1530,57155.21138545954,"Blumenstein, Pohlern",BE,0,0,0,0,0,0,0,46.73312882044448,7.526514049251682,Blumenstein,True,False,1530.0,BE
3645,4393,61541.64987700104,"Reutigen, Spiez, Thun",BE,0,0,0,1,0,1,0,46.71741279790034,7.623328225822822,Gwatt (Thun),True,False,4393.0,BE
3646,1262,65616.22857142857,Spiez,BE,0,0,0,0,0,0,0,46.710331104370034,7.642397069842743,Einigen,True,False,1262.0,BE
3647,1085,60505.01554404145,Reutigen,BE,0,0,0,0,0,0,0,46.69493964965192,7.621146594612411,Reutigen,True,False,1085.0,BE
3652,1801,78811.2016208583,"Hilterfingen, Oberhofen am Thunersee",BE,0,0,1,0,1,0,2,46.736033578383655,7.660490445819389,Hilterfingen,True,True,1801.0,BE
3653,2464,79654.16234652115,Oberhofen am Thunersee,BE,0,0,0,0,0,0,0,46.73194680934861,7.670985755407139,Oberhofen am Thunersee,True,False,2464.0,BE
3654,966,64239.97182796389,"Oberhofen am Thunersee, Sigriswil",BE,0,0,0,0,0,0,0,46.71607349324438,7.694466088488991,Gunten,True,False,966.0,BE
3655,1548,62988.01050135502,Sigriswil,BE,0,1,0,0,0,1,0,46.71644825724886,7.718866975269619,Sigriswil,True,False,1548.0,BE
3656,930,62988.01050135502,Sigriswil,BE,0,0,0,0,0,0,0,46.725859624428296,7.698909728013099,Tschingel ob Gunten,True,False,930.0,BE
3657,612,62988.01050135502,Sigriswil,BE,0,0,0,0,0,0,0,46.74006792041539,7.723542865685108,Schwanden (Sigriswil),True,False,612.0,BE
3658,922,62988.01050135502,Sigriswil,BE,0,0,0,0,0,0,0,46.70017567371609,7.736525636874416,Merligen,True,False,922.0,BE
3661,6072,63669.665673420735,Uetendorf,BE,0,1,1,0,1,1,2,46.77407545389222,7.581165512722864,Uetendorf,True,True,6072.0,BE
3662,2175,60704.52652414885,Seftigen,BE,0,0,0,0,0,0,0,46.78864683312943,7.539831941045842,Seftigen,True,False,2175.0,BE
3663,865,59451.15112605503,"Forst-Längenbühl, Gurzelen",BE,0,0,0,0,0,0,0,46.77494312680636,7.53000915986498,Gurzelen,True,False,865.0,BE
3664,1092,61202.65365430843,"Burgistein, Gurzelen, Riggisberg, Wattenwil",BE,0,0,0,0,0,0,0,46.78552830423686,7.507810232346288,Burgistein,True,False,1092.0,BE
3665,3218,58078.29863184346,"Burgistein, Forst-Längenbühl, Wattenwil",BE,0,1,1,0,0,1,1,46.772604521737584,7.507667013270786,Wattenwil,True,False,3218.0,BE
3671,1172,63843.10887849584,"Brenzikofen, Heimberg, Herbligen",BE,0,0,0,0,0,0,0,46.81695940350972,7.611782831959119,Brenzikofen,True,False,1172.0,BE
3672,3419,64961.95939611774,"Linden, Oberdiessbach",BE,0,1,0,0,0,1,0,46.83971864631326,7.638436524667621,Oberdiessbach,True,False,3419.0,BE
3673,1280,54668.51621937405,"Bowil, Linden, Oberhünigen",BE,0,0,0,0,0,0,0,46.85775339184348,7.685475583979499,Linden,True,False,1280.0,BE
3674,373,64819.171560583694,"Buchholterberg, Oberdiessbach",BE,0,0,0,0,0,0,0,46.81908672137448,7.6468369514015535,Bleiken b. Oberdiessbach,True,False,373.0,BE
3700,9432,65616.22857142857,Spiez,BE,0,1,1,1,1,2,2,46.685876491820856,7.6774416114102735,Spiez,True,True,9432.0,BE
3702,699,65590.65543275072,"Aeschi bei Spiez, Spiez",BE,0,0,0,0,0,0,0,46.670052791733056,7.6810671671222845,Hondrich,True,False,699.0,BE
3703,2125,60288.491346877345,Aeschi bei Spiez,BE,0,0,1,0,0,0,1,46.65043255116107,7.711940609293183,Aeschi b. Spiez,True,False,2125.0,BE
3704,1160,61278.15732672958,"Aeschi bei Spiez, Krattigen, Spiez",BE,0,0,0,0,0,0,0,46.6605687261446,7.718442761239086,Krattigen,True,False,1160.0,BE
3705,1271,65610.97681646391,"Krattigen, Spiez",BE,0,0,0,0,0,0,0,46.67057268591388,7.714240917089517,Faulensee,True,False,1271.0,BE
3706,1205,66308.33212816477,"Krattigen, Leissigen",BE,0,0,0,0,0,0,0,46.6554344016602,7.760840288089392,Leissigen,True,False,1205.0,BE
3707,423,57360.930735930735,Därligen,BE,0,0,0,0,0,0,0,46.66111099455245,7.806460327770553,Därligen,True,False,423.0,BE
3711,332,60209.639470990114,"Aeschi bei Spiez, Reichenbach im Kandertal, Wimmis",BE,0,0,0,0,0,0,0,46.64722831348499,7.6816956878408575,Emdthal,True,False,332.0,BE
3713,2503,59720.18539926131,"Frutigen, Reichenbach im Kandertal",BE,0,1,0,0,0,1,0,46.60887413509941,7.677105788416979,Reichenbach im Kandertal,True,False,2503.0,BE
3714,6867,58036.100215024686,"Frutigen, Reichenbach im Kandertal",BE,0,1,1,0,1,1,2,46.59662300279933,7.654447709528164,Frutigen,True,True,6867.0,BE
3715,3422,57037.561545250355,"Adelboden, Frutigen",BE,0,1,0,0,0,1,0,46.509053030659786,7.557872024055131,Adelboden,True,False,3422.0,BE
3716,702,52480.374730067284,"Frutigen, Kandergrund",BE,0,0,0,0,0,0,0,46.56312950139005,7.663789702428611,Kandergrund,True,False,702.0,BE
3717,97,52447.59259259259,Kandergrund,BE,0,0,0,0,0,0,0,46.525557487489785,7.672892215650374,Blausee-Mitholz,True,False,97.0,BE
3718,1298,59723.42200557103,Kandersteg,BE,0,1,0,0,0,1,0,46.49450218021867,7.674034885626827,Kandersteg,True,False,1298.0,BE
3722,582,59721.97242380262,Reichenbach im Kandertal,BE,0,0,0,0,0,0,0,46.61692714696564,7.701276601623532,Scharnachtal,True,False,582.0,BE
3723,285,59721.97242380262,Reichenbach im Kandertal,BE,0,0,0,0,0,0,0,46.578167412345714,7.733455085839588,Kiental,True,False,285.0,BE
3724,226,56350.228006246754,Frutigen,BE,0,0,0,0,0,0,0,46.56152974511191,7.60731806416396,Ried (Frutigen),True,False,226.0,BE
3725,419,56366.928013911296,"Adelboden, Frutigen",BE,0,0,0,0,0,0,0,46.52277032930371,7.589240029976593,Achseten,True,False,419.0,BE
3752,2732,57993.58627717392,Wimmis,BE,0,1,0,0,0,1,0,46.67744584950731,7.641071072003488,Wimmis,True,False,2732.0,BE
3753,849,57248.27237949503,Diemtigen,BE,0,0,0,0,0,0,0,46.65485680251133,7.58239439905301,Oey,True,False,849.0,BE
3754,500,57204.06940204647,"Diemtigen, Erlenbach im Simmental",BE,0,0,0,0,0,0,0,46.653806465103,7.565323778495821,Diemtigen,True,False,500.0,BE
3755,511,57248.27237949503,Diemtigen,BE,0,0,0,0,0,0,0,46.62154895746451,7.564863517499106,Horboden,True,False,511.0,BE
3756,217,57248.27237949503,Diemtigen,BE,0,0,0,0,0,0,0,46.60836154050331,7.51337876709107,Zwischenflüh,True,False,217.0,BE
3757,238,57248.27237949503,Diemtigen,BE,0,0,0,0,0,0,0,46.57275308374737,7.487189574454608,Schwenden im Diemtigtal,True,False,238.0,BE
3758,560,54648.09723546235,Erlenbach im Simmental,BE,0,0,0,0,0,0,0,46.66540850715044,7.582435385249359,Latterbach,True,False,560.0,BE
3762,1141,54648.09723546235,Erlenbach im Simmental,BE,0,1,0,0,0,1,0,46.66234620319835,7.544627721504649,Erlenbach im Simmental,True,False,1141.0,BE
3763,474,53315.6091954023,Därstetten,BE,0,0,0,0,0,0,0,46.65956347478106,7.499155457896204,Därstetten,True,False,474.0,BE
3764,462,53114.68403089615,"Därstetten, Oberwil im Simmental",BE,0,0,0,0,0,0,0,46.6569282410338,7.476616311846737,Weissenburg,True,False,462.0,BE
3765,779,51385.49234135667,Oberwil im Simmental,BE,0,0,0,0,0,0,0,46.65404677445397,7.43646904221124,Oberwil im Simmental,True,False,779.0,BE
3766,1252,49779.29449161101,"Boltigen, Oberwil im Simmental",BE,0,0,0,0,0,0,0,46.624882417999416,7.397847053212912,Boltigen,True,False,1252.0,BE
3770,2540,59103.3025502683,"Boltigen, Zweisimmen",BE,1,0,0,0,0,1,0,46.57559980833871,7.381791231288124,Zweisimmen,True,False,2540.0,BE
3771,351,59156.01272411799,Zweisimmen,BE,0,1,1,0,1,1,2,46.54259875569184,7.389320866672102,Blankenburg,True,True,351.0,BE
3772,818,54804.280945758,St. Stephan,BE,0,0,0,0,0,0,0,46.510324385602544,7.393637424956873,St. Stephan,True,False,818.0,BE
3773,501,54816.803889578645,"Lenk, St. Stephan",BE,0,0,0,0,0,0,0,46.49185132256097,7.426384972684379,Matten (St. Stephan),True,False,501.0,BE
3775,2349,60022.174204355106,Lenk,BE,0,1,0,0,0,1,0,46.45471367910402,7.445305178537427,Lenk im Simmental,True,False,2349.0,BE
3776,192,59156.01272411799,Zweisimmen,BE,0,0,0,0,0,0,0,46.52850975320709,7.344237898105278,Oeschseite,True,False,192.0,BE
3777,342,79856.3363730065,"Saanen, Zweisimmen",BE,0,0,0,0,0,0,0,46.511609173281286,7.32074686734724,Saanenmöser,True,False,342.0,BE
3778,1036,80065.4305512781,Saanen,BE,0,0,0,0,0,0,0,46.50413454360328,7.288795921344276,Schönried,True,False,1036.0,BE
3780,2958,80065.4305512781,Saanen,BE,0,1,0,0,1,1,1,46.47246917809204,7.288220041775797,Gstaad,True,True,2958.0,BE
3781,228,80065.4305512781,Saanen,BE,0,0,0,0,0,0,0,46.47620925087951,7.334043398258548,Turbach,True,False,228.0,BE
3782,851,63252.332541567695,Lauenen,BE,0,0,0,0,0,0,0,46.42112256232539,7.327308553237491,Lauenen b. Gstaad,True,False,851.0,BE
3783,466,80065.4305512781,Saanen,BE,0,0,0,0,0,0,0,46.44700922675473,7.273702499353089,Grund b. Gstaad,True,False,466.0,BE
3784,495,99739.71969696968,Gsteig,BE,0,0,0,0,0,0,0,46.41233549311664,7.270635185112996,Feutersoey,True,False,495.0,BE
3785,541,99739.71969696968,Gsteig,BE,0,0,0,0,0,0,0,46.38555932892877,7.267234771264907,Gsteig b. Gstaad,True,False,541.0,BE
3792,1914,80065.4305512781,Saanen,BE,0,0,0,0,0,0,0,46.48909989348726,7.261877941767564,Saanen,True,False,1914.0,BE
3800,16162,57178.49879760003,"Beatenberg, Interlaken, Matten bei Interlaken, Unterseen",BE,1,5,1,1,1,7,2,46.684091845332254,7.840979990215613,Interlaken,True,True,16162.0,BE
3803,1117,50281.64660493827,Beatenberg,BE,0,0,0,0,0,0,0,46.69675570347351,7.796661673504018,Beatenberg,True,False,1117.0,BE
3804,625,47224.847887323944,Habkern,BE,0,0,0,0,0,0,0,46.72834570865022,7.863065888176068,Habkern,True,False,625.0,BE
3805,859,57478.51211525868,Ringgenberg (BE),BE,0,1,0,0,0,1,0,46.695815044276976,7.878015751853053,Goldswil b. Interlaken,True,False,859.0,BE
3806,2771,59863.94029850746,Bönigen,BE,0,0,0,0,0,0,0,46.68603043645375,7.895674676153372,Bönigen b. Interlaken,True,False,2771.0,BE
3807,399,60337.63247863248,Iseltwald,BE,0,0,0,0,0,0,0,46.70780319111519,7.965873727474659,Iseltwald,True,False,399.0,BE
3812,2760,58433.53106341117,"Gsteigwiler, Gündlischwand, Matten bei Interlaken, Wilderswil",BE,0,0,0,0,0,0,0,46.65881926322798,7.893404673610152,Wilderswil,True,False,2760.0,BE
3813,92,42407.467741935485,Saxeten,BE,0,0,0,0,0,0,0,46.63605484323408,7.831743355042551,Saxeten,True,False,92.0,BE
3814,437,61161.804,Gsteigwiler,BE,0,0,1,0,1,0,2,46.65505377167652,7.873843807397646,Gsteigwiler,True,True,437.0,BE
3815,352,51617.036082474224,Gündlischwand,BE,0,0,0,0,0,0,0,46.63321420999284,7.908477182081315,Zweilütschinen,True,False,352.0,BE
3816,384,57025.7506430321,"Grindelwald, Lütschental",BE,0,0,0,0,0,0,0,46.6386217747355,7.967384877771489,Lütschental,True,False,384.0,BE
3818,3793,62944.8059159315,Grindelwald,BE,0,1,0,0,0,1,0,46.6263772294052,8.031151206521756,Grindelwald,True,False,3793.0,BE
3822,837,57208.55894826124,Lauterbrunnen,BE,0,1,0,0,0,1,0,46.607218396627225,7.899144914926586,Lauterbrunnen,True,False,837.0,BE
3823,880,58126.35846308849,"Grindelwald, Lauterbrunnen",BE,0,1,0,0,0,1,0,46.5876092036322,7.954146890951833,Wengen,True,False,880.0,BE
3824,189,57208.55894826124,Lauterbrunnen,BE,0,0,0,0,0,0,0,46.55118479426316,7.904590844738726,Stechelberg,True,False,189.0,BE
3825,358,57208.55894826124,Lauterbrunnen,BE,0,1,0,0,0,1,0,46.560466507271386,7.891681358953009,Mürren,True,False,358.0,BE
3826,99,57208.55894826124,Lauterbrunnen,BE,0,0,0,0,0,0,0,46.54760182183427,7.887336370192637,Gimmelwald,True,False,99.0,BE
3852,1788,57478.51211525868,Ringgenberg (BE),BE,0,0,0,0,0,0,0,46.70330885023346,7.896226141387235,Ringgenberg BE,True,False,1788.0,BE
3853,348,54691.1341991342,Niederried bei Interlaken,BE,0,0,0,0,0,0,0,46.71799383244896,7.929886538806359,Niederried b. Interlaken,True,False,348.0,BE
3854,450,53509.4657980456,Oberried am Brienzersee,BE,0,0,0,0,0,0,0,46.73707904068429,7.96109596249596,Oberried am Brienzersee,True,False,450.0,BE
3855,3977,57888.32346285379,"Brienz (BE), Oberried am Brienzersee, Schwanden bei Brienz",BE,0,1,0,0,1,1,1,46.73449177217603,8.028513731834723,Brienz BE,True,True,3977.0,BE
3856,500,54387.605763995176,"Brienzwiler, Meiringen",BE,0,0,0,0,0,0,0,46.74948984304847,8.102094879210316,Brienzwiler,True,False,500.0,BE
3857,269,59359.87024952015,Meiringen,BE,0,0,0,0,0,0,0,46.73899816469704,8.117844513524458,Unterbach BE,True,False,269.0,BE
3858,551,52974.36416184971,Hofstetten bei Brienz,BE,0,0,0,0,0,0,0,46.75391803549363,8.076423910463404,Hofstetten b. Brienz,True,False,551.0,BE
3860,5101,57486.207946159135,"Brienzwiler, Meiringen, Schattenhalb",BE,0,1,0,0,1,1,1,46.71882466093915,8.151124297713082,Meiringen,True,True,5101.0,BE
3862,852,57278.46843853821,Innertkirchen,BE,0,0,0,0,0,0,0,46.70369966993616,8.234591778655467,Innertkirchen,True,False,852.0,BE
3863,227,57278.46843853821,Innertkirchen,BE,0,0,0,0,0,0,0,46.72931769493291,8.331010740814484,Gadmen,True,False,227.0,BE
3864,236,56716.30714285714,Guttannen,BE,0,0,0,0,0,0,0,46.6559323164452,8.286814705700452,Guttannen,True,False,236.0,BE
3900,5386,65310.49865365676,"Brig-Glis, Naters, Ried-Brig, Termen",VS,1,2,1,1,0,4,1,46.31387372622013,7.978848335120728,Brig,True,False,5386.0,VS
3901,1,68808.76419213974,Ried-Brig,VS,0,0,0,0,0,0,0,46.27945536332943,8.045760193079019,Rothwald,True,False,1.0,VS
3902,8850,65272.5772669221,Brig-Glis,VS,0,0,1,0,1,0,2,46.310808940555226,7.981357514976526,Glis,True,True,8850.0,VS
3903,847,62270.96581480252,Naters,VS,0,0,0,0,0,0,0,46.31791026746505,7.94942508662697,Mund,True,False,847.0,VS
3904,9694,62270.96581480252,Naters,VS,0,1,1,0,2,1,3,46.32690059363844,7.992906301939553,Naters,True,True,4847.0,VS
3905,376,51596.54587155963,Saas-Almagell,VS,0,0,0,0,0,0,0,46.0950747742309,7.957750269882901,Saas-Almagell,True,False,376.0,VS
3906,1634,57892.20123975876,"Saas-Balen, Saas-Fee",VS,0,1,0,0,1,1,1,46.11731369929228,7.929244969803735,Saas-Fee,True,True,1634.0,VS
3907,362,61571.47838577833,"Simplon, Zwischbergen",VS,0,0,0,0,0,0,0,46.20012931860001,8.076539682169411,Simplon Dorf,True,False,362.0,VS
3908,340,51859.22656072283,"Eisten, Saas-Balen",VS,0,0,0,0,0,0,0,46.1595498470454,7.921603457727961,Saas-Balen,True,False,340.0,VS
3910,1046,54040.96852828074,"Saas-Balen, Saas-Fee, Saas-Grund",VS,0,1,1,0,0,1,1,46.12277320961252,7.93658181849937,Saas-Grund,True,False,1046.0,VS
3911,2308,68808.76419213974,Ried-Brig,VS,0,0,0,0,0,0,0,46.31387717827708,8.015817377587501,Ried-Brig,True,False,2308.0,VS
3912,1160,68444.53419257115,"Ried-Brig, Termen",VS,0,0,0,0,0,0,0,46.32492639748865,8.024068297486188,Termen,True,False,1160.0,VS
3913,13,68443.59570957096,Termen,VS,0,0,0,0,0,0,0,46.30482728546922,8.043421253549838,Rosswald,True,False,13.0,VS
3914,250,62274.400388751885,"Bitsch, Naters",VS,0,0,0,0,0,0,0,46.365147761179855,7.984818831577505,Blatten b. Naters,True,False,250.0,VS
3916,240,54310.950617283954,Ferden,VS,0,0,0,0,0,0,0,46.39279395841051,7.75669774744329,Ferden,True,False,240.0,VS
3917,342,53063.60735279059,"Ferden, Gampel-Bratsch, Kippel",VS,0,0,0,0,0,0,0,46.37642274804687,7.760525138073092,Kippel,True,False,342.0,VS
3918,522,56600.98270893372,Wiler (Lötschen),VS,0,0,0,0,0,0,0,46.408331588421305,7.78076940148866,Wiler (Lötschen),True,False,522.0,VS
3919,291,55189.54009064676,"Blatten, Wiler (Lötschen)",VS,0,0,0,0,0,0,0,46.421160004275606,7.803503017302151,Blatten (Lötschen),True,False,291.0,VS
3920,6113,67188.95519775989,Zermatt,VS,0,1,1,0,1,1,2,46.01875930789341,7.748676848695404,Zermatt,True,True,6113.0,VS
3922,1399,55366.78487649852,"Eisten, Embd, Grächen, Stalden (VS), Staldenried, Törbel, Visperterminen",VS,0,0,0,0,0,0,0,46.21957883828424,7.865771026707226,Stalden VS,True,False,1399.0,VS
3923,514,55297.75787706312,"Stalden (VS), Törbel",VS,0,0,0,0,1,0,1,46.24345874311172,7.859349996225808,Törbel,True,True,514.0,VS
3924,1997,55289.076341647764,St. Niklaus,VS,0,0,1,0,1,0,2,46.17914595337116,7.810012180814156,St. Niklaus VS,True,True,1997.0,VS
3925,1321,50917.69852941176,Grächen,VS,0,1,0,0,0,1,0,46.19590872234252,7.83795158539904,Grächen,True,False,1321.0,VS
3926,236,60977.11299435028,Embd,VS,0,0,0,0,0,0,0,46.21700821431204,7.828905084685013,Embd,True,False,236.0,VS
3927,350,55289.076341647764,St. Niklaus,VS,0,0,1,0,0,0,1,46.13515921951075,7.792542335987513,Herbriggen,True,False,350.0,VS
3928,448,49681.39615384615,Randa,VS,0,0,0,0,0,0,0,46.09901732662182,7.782985144802691,Randa,True,False,448.0,VS
3929,1341,56059.76243093923,Täsch,VS,0,1,0,0,1,1,1,46.06820124274476,7.779082094178016,Täsch,True,True,1341.0,VS
3930,9138,66222.83795928679,"Baltschieder, Raron, Visp, Visperterminen",VS,1,1,0,0,1,2,1,46.29028904034831,7.869645713092612,Visp,True,True,9138.0,VS
3931,777,68286.9273477,"Baltschieder, Lalden",VS,0,1,1,1,0,2,1,46.30176217648702,7.889164936524166,Lalden,True,False,777.0,VS
3932,1232,66918.12301587302,Visperterminen,VS,0,0,0,0,0,0,0,46.26178951425307,7.898276936359371,Visperterminen,True,False,1232.0,VS
3933,559,56837.505681818184,Staldenried,VS,0,0,0,0,0,0,0,46.22751850318256,7.888616731611994,Staldenried,True,False,559.0,VS
3934,369,59328.079545454544,Zeneggen,VS,0,0,0,0,0,0,0,46.27222771037245,7.865285628958774,Zeneggen,True,False,369.0,VS
3935,774,53619.69484536083,Bürchen,VS,0,0,0,0,0,0,0,46.27709251374637,7.82308222999526,Bürchen,True,False,774.0,VS
3937,1402,69120.16315592856,"Baltschieder, Eggerberg",VS,0,0,0,0,0,0,0,46.305903395648485,7.868901417998122,Baltschieder,True,False,1402.0,VS
3938,639,63365.12533333333,Ausserberg,VS,0,0,0,0,0,0,0,46.31428926694217,7.851399601911145,Ausserberg,True,False,639.0,VS
3939,345,58089.81122448979,Eggerberg,VS,0,0,0,0,0,0,0,46.30818001960035,7.882650185531582,Eggerberg,True,False,345.0,VS
3940,1595,57197.75243979757,"Gampel-Bratsch, Niedergesteln, Steg-Hohtenn, Turtmann-Unterems",VS,0,1,0,0,1,1,1,46.31845654390773,7.7509529742351155,Steg VS,True,True,1595.0,VS
3942,2755,66743.61466969874,"Ausserberg, Bürchen, Niedergesteln, Raron, Unterbäch",VS,0,0,0,0,0,0,0,46.31418836899445,7.80558607142191,Raron,True,False,2755.0,VS
3943,460,58407.39176699823,"Eischoll, Niedergesteln, Turtmann-Unterems",VS,0,0,0,0,0,0,0,46.29579159490569,7.756957496650362,Eischoll,True,False,460.0,VS
3944,483,65554.02749140894,Unterbäch,VS,0,0,0,0,0,0,0,46.28319583808871,7.797084747345367,Unterbäch VS,True,False,483.0,VS
3945,2162,57102.50508445025,"Gampel-Bratsch, Leuk",VS,0,0,1,0,0,0,1,46.31402127694188,7.713860673665882,Gampel,True,False,2162.0,VS
3946,1083,52060.651689055216,"Agarn, Ergisch, Gampel-Bratsch, Oberems, Turtmann-Unterems",VS,0,0,0,0,0,0,0,46.25860538400508,7.702228267434326,Turtmann,True,False,1083.0,VS
3947,184,50510.47787610619,Ergisch,VS,0,0,0,0,0,0,0,46.29086516296955,7.718600488689593,Ergisch,True,False,184.0,VS
3948,251,47676.70171513304,"Agarn, Ergisch, Oberems, Turtmann-Unterems",VS,0,0,0,0,0,0,0,46.27967383664289,7.69442491109248,Unterems,True,False,251.0,VS
3949,177,58174.17208054829,"Niedergesteln, Steg-Hohtenn",VS,0,0,0,0,0,0,0,46.323062091076565,7.77265172642717,Hohtenn,True,False,177.0,VS
3951,743,55909.626644070806,"Agarn, Leuk",VS,0,0,0,0,0,0,0,46.29711819707064,7.668005060630389,Agarn,True,False,743.0,VS
3952,2934,57031.5877448937,Leuk,VS,0,1,1,0,1,1,2,46.304012060785965,7.645254547468094,Susten,True,True,2934.0,VS
3953,1966,53705.68672544493,"Inden, Leuk, Leukerbad, Varen",VS,0,0,0,0,0,0,0,46.33075767615799,7.619506176750105,Leuk Stadt,True,False,1966.0,VS
3954,1401,50782.741140215716,Leukerbad,VS,0,1,0,0,1,1,1,46.37968616312683,7.628228300653983,Leukerbad,True,True,1401.0,VS
3955,245,48008.0,Albinen,VS,0,0,0,0,0,0,0,46.34084411853787,7.632860135967509,Albinen,True,False,245.0,VS
3956,426,52795.32083025894,"Guttet-Feschel, Leuk",VS,0,0,0,0,0,0,0,46.32205795229344,7.665161936766134,Guttet-Feschel,True,False,426.0,VS
3957,366,57069.800371358084,"Gampel-Bratsch, Leuk",VS,0,0,0,0,0,0,0,46.32944693895272,7.703686571616866,Erschmatt,True,False,366.0,VS
3960,15868,57782.25136693656,"Anniviers, Crans-Montana, Noble-Contrée, Sierre",VS,0,1,2,1,2,2,4,46.2898296175179,7.527514835285513,Sierre,True,True,7934.0,VS
3961,2613,59479.135549872124,Anniviers,VS,0,1,0,0,0,1,0,46.19657995247038,7.59429860617666,Vissoie,True,False,2613.0,VS
3963,7679,61417.32801938035,"Crans-Montana, Icogne, Lens",VS,1,2,1,0,1,3,2,46.32015383634653,7.483570284709184,Crans-Montana,True,True,7679.0,VS
3965,1666,53587.42276860522,"Chippis, Sierre",VS,0,0,0,0,0,0,0,46.28016973416304,7.537590239828633,Chippis,True,False,1666.0,VS
3966,3320,53767.78385612202,"Chalais, Sierre",VS,0,0,0,0,1,0,1,46.26647991518136,7.5036830668964996,Chalais,True,True,3320.0,VS
3967,708,53780.059445507,"Chalais, Grône, Mont-Noble",VS,0,0,0,0,0,0,0,46.23278491762557,7.518509185343728,Vercorin,True,False,708.0,VS
3968,1890,62205.09152288072,Noble-Contrée,VS,0,0,0,0,0,0,0,46.30281663547108,7.537131412385621,Veyras,True,False,1890.0,VS
3970,1778,63689.949746323255,"Crans-Montana, Leuk, Noble-Contrée, Salgesch, Varen",VS,0,0,0,0,0,0,0,46.31279331035135,7.571173580033938,Salgesch,True,False,1778.0,VS
3971,1900,61568.08294875715,"Crans-Montana, Lens, Sierre",VS,0,0,0,0,0,0,0,46.278301946825934,7.476909628249632,Chermignon,True,False,1900.0,VS
3972,1545,62117.80074358282,"Crans-Montana, Noble-Contrée, Salgesch",VS,0,0,0,0,0,0,0,46.32692201542765,7.560775709006033,Miège,True,False,1545.0,VS
3973,1380,62171.19069533908,"Crans-Montana, Noble-Contrée",VS,0,0,0,0,0,0,0,46.30328336480042,7.521141909893382,Venthône,True,False,1380.0,VS
3974,890,61568.09739395092,Crans-Montana,VS,0,0,0,0,0,0,0,46.31319310025759,7.519962028496085,Mollens VS,True,False,890.0,VS
3975,1570,61568.09739395092,Crans-Montana,VS,0,0,0,0,0,0,0,46.31015452904259,7.502705573548747,Randogne,True,False,1570.0,VS
3976,1025,56416.73686274294,"Crans-Montana, Sierre",VS,0,1,1,0,0,1,1,46.28046011928119,7.502295007608281,Noës,True,False,1025.0,VS
3977,2053,53038.648712424336,Sierre,VS,0,0,1,0,0,0,1,46.261520546234216,7.4669309829660735,Granges VS,True,False,2053.0,VS
3978,913,62193.75350187183,"Lens, Saint-Léonard",VS,0,0,0,0,0,0,0,46.26446040527749,7.441394950921952,Flanthey,True,False,913.0,VS
3979,2598,52024.35930147327,"Chalais, Grône",VS,0,0,0,0,0,0,0,46.25369651033171,7.47435157295067,Grône,True,False,2598.0,VS
3982,1228,64285.71600484156,"Bitsch, Riederalp, Termen",VS,0,0,0,0,1,0,1,46.33826734709536,8.017687122197716,Bitsch,True,True,1228.0,VS
3983,824,52968.771962605046,"Bettmeralp, Bister, Mörel-Filet, Riederalp",VS,0,1,0,0,0,1,0,46.36509239949495,8.050498639247644,Mörel,True,False,824.0,VS
3984,1255,55716.183322252335,"Fiesch, Fieschertal, Lax",VS,0,1,0,0,1,1,1,46.41481618519057,8.126446306095348,Fiesch,True,True,1255.0,VS
3985,413,51072.873469387756,Goms,VS,0,1,0,0,0,1,0,46.49155645260856,8.273894895862671,Münster VS,True,False,413.0,VS
3986,205,57147.98818897638,Riederalp,VS,0,0,0,0,0,0,0,46.35715047934894,8.030906611643964,Ried-Mörel,True,False,205.0,VS
3987,198,57147.98818897638,Riederalp,VS,0,1,0,0,0,1,0,46.37857754602794,8.034558576345281,Riederalp,True,False,198.0,VS
3988,425,51991.15990453461,Obergoms,VS,0,0,0,0,0,0,0,46.51023591718544,8.31641915719575,Ulrichen,True,False,425.0,VS
3989,310,51073.374885481804,"Ernen, Goms",VS,0,0,0,0,0,0,0,46.44286556155123,8.208011123233172,Biel VS,True,False,310.0,VS
3991,122,66476.5898221475,"Bettmeralp, Riederalp",VS,0,0,0,0,0,0,0,46.37359509875628,8.061840722684407,Betten,True,False,122.0,VS
3992,329,66557.89138576778,Bettmeralp,VS,0,1,0,0,0,1,0,46.38942905874583,8.062550704861769,Bettmeralp,True,False,329.0,VS
3993,409,47268.992122219955,"Grengiols, Lax",VS,0,0,0,0,0,0,0,46.37680685771136,8.102334469481017,Grengiols,True,False,409.0,VS
3994,355,60415.68565794123,"Bettmeralp, Grengiols, Lax",VS,0,0,0,0,0,0,0,46.38590417120387,8.10443901346739,Lax,True,False,355.0,VS
3995,538,51461.568115942035,Ernen,VS,0,0,0,0,0,0,0,46.402386129488455,8.157343728764065,Ernen,True,False,538.0,VS
3996,126,49145.820756134264,"Binn, Grengiols",VS,0,0,0,0,0,0,0,46.35300185828763,8.182965818097445,Binn,True,False,126.0,VS
3997,364,52511.4821513019,"Bellwald, Fieschertal",VS,0,0,0,0,0,0,0,46.43003257591663,8.152521607138922,Bellwald,True,False,364.0,VS
3998,440,51072.873469387756,Goms,VS,0,0,0,0,0,0,0,46.46692006005463,8.238375489459653,Reckingen VS,True,False,440.0,VS
3999,237,51991.15990453461,Obergoms,VS,0,0,0,0,0,0,0,46.53289606232879,8.353702082633973,Oberwald,True,False,237.0,VS
4000,64,,,,0,0,0,0,0,0,0,,,,False,False,64.0,
4001,316,68125.75489692613,Basel,BS,0,3,1,0,0,3,1,47.55627327044449,7.588938268483581,Basel,True,False,316.0,BS
4051,9627,68125.75489692613,Basel,BS,0,1,2,0,4,1,6,47.5551451180776,7.584962687692576,Basel,True,True,2406.75,BS
4052,22566,68218.85114278932,"Basel, Münchenstein","BL, BS",0,4,2,0,3,4,5,47.543268314121846,7.61154135805635,Basel,True,True,7522.0,BS
4053,21945,68211.97872063857,"Basel, Binningen","BL, BS",1,3,1,0,2,4,3,47.541248335477896,7.589821496876597,Basel,True,True,10972.5,BS
4054,19391,68125.75489692613,Basel,BS,0,2,0,1,3,3,3,47.55017494772074,7.566815880240022,Basel,True,True,6463.666666666667,BS
4055,23506,68125.75489692613,Basel,BS,1,5,2,0,3,6,5,47.56028981775187,7.569590522532975,Basel,True,True,7835.333333333333,BS
4056,21524,68125.75489692613,Basel,BS,0,2,2,0,2,2,4,47.56708251865497,7.575294695813292,Basel,True,True,10762.0,BS
4057,27276,68125.75489692613,Basel,BS,0,3,4,0,3,3,7,47.56983137413242,7.5923253400079505,Basel,True,True,9092.0,BS
4058,27031,68136.15836359469,"Basel, Riehen",BS,1,4,1,1,4,6,5,47.56666992733517,7.61739861564479,Basel,True,True,6757.75,BS
4059,6863,68125.75489692613,Basel,BS,0,1,0,0,0,1,0,47.53315452200904,7.5925783976913905,Basel,True,False,6863.0,BS
4101,43,99548.36710903436,"Binningen, Bottmingen",BL,0,0,0,0,0,0,0,47.52828621511821,7.580493835951287,Bruderholz,True,False,43.0,BL
4102,16257,97357.45220774571,"Binningen, Bottmingen",BL,0,1,1,0,2,1,3,47.53330054709656,7.567194902823113,Binningen,True,True,8128.5,BL
4103,6952,104814.3811737362,Bottmingen,BL,0,1,0,0,0,1,0,47.52336751209186,7.572102563634663,Bottmingen,True,False,6952.0,BL
4104,11459,90451.19986574928,Oberwil (BL),BL,0,2,0,0,1,2,1,47.51566720331338,7.556895885423167,Oberwil BL,True,True,11459.0,BL
4105,3550,100890.68690213471,"Biel-Benken, Bättwil","BL, SO",0,0,0,0,0,0,0,47.50498876034418,7.517212609474463,Biel-Benken BL,True,False,3550.0,BL
4106,10118,82356.47423055909,Therwil,BL,1,1,2,0,1,2,3,47.49919957415567,7.556726810250885,Therwil,True,True,10118.0,BL
4107,5625,78081.07400130975,Ettingen,BL,0,1,1,0,1,1,2,47.48221078389104,7.546672482277253,Ettingen,True,True,5625.0,BL
4108,1475,83355.60459183673,Witterswil,SO,0,0,0,0,0,0,0,47.48626788205207,7.523938608701291,Witterswil,True,False,1475.0,SO
4112,2434,83502.06365251282,"Bättwil, Hofstetten-Flüh, Witterswil",SO,0,1,0,0,0,1,0,47.49009576778551,7.510707261464966,Bättwil,True,False,2434.0,SO
4114,2157,89701.13405590417,Hofstetten-Flüh,SO,0,0,0,0,0,0,0,47.47652485060121,7.5146237019055935,Hofstetten SO,True,False,2157.0,SO
4115,221,78499.02060583707,"Hofstetten-Flüh, Metzerlen-Mariastein",SO,0,0,0,0,0,0,0,47.4797231367681,7.487484434170752,Mariastein,True,False,221.0,SO
4116,753,78426.29791271347,Metzerlen-Mariastein,SO,0,0,0,0,0,0,0,47.46437707683977,7.467019142825888,Metzerlen,True,False,753.0,SO
4117,279,84339.58333333331,Burg im Leimental,BL,0,0,0,0,0,0,0,47.45797659281465,7.4395913966851985,Burg im Leimental,True,False,279.0,BL
4118,1398,80790.29062087186,Rodersdorf,SO,0,0,0,0,0,0,0,47.48163826779898,7.458258404316522,Rodersdorf,True,False,1398.0,SO
4123,22374,75607.29447439354,Allschwil,BL,2,2,2,0,3,4,5,47.55171543403259,7.54649387132828,Allschwil,True,True,7458.0,BL
4124,1503,89427.85145888593,Schönenbuch,BL,0,0,0,0,0,0,0,47.53771691371416,7.503434393351976,Schönenbuch,True,False,1503.0,BL
4125,22774,89357.31952662724,Riehen,BS,0,2,1,0,3,2,4,47.57781267717344,7.647587078405401,Riehen,True,True,7591.333333333333,BS
4126,1286,90140.54865771811,Bettingen,BS,0,0,0,0,0,0,0,47.57027774544192,7.66583054151261,Bettingen,True,False,1286.0,BS
4127,10784,62625.901276368604,"Birsfelden, Muttenz",BL,0,1,1,0,1,1,2,47.54768203672194,7.640427459172069,Birsfelden,True,True,10784.0,BL
4132,17907,75419.15385388403,Muttenz,BL,0,3,1,0,2,3,3,47.528502994119016,7.64074114967124,Muttenz,True,True,8953.5,BL
4133,16614,62511.55340620389,"Augst, Frenkendorf, Muttenz, Pratteln",BL,0,2,1,1,2,3,3,47.52324677075428,7.691566786265954,Pratteln,True,True,8307.0,BL
4142,12659,72199.71308351388,"Muttenz, Münchenstein",BL,0,1,1,0,2,1,3,47.52193501654148,7.617414857938797,Münchenstein,True,True,6329.5,BL
4143,6898,78936.49474818206,Dornach,SO,1,1,1,0,1,2,2,47.480235859968566,7.616797404226324,Dornach,True,True,6898.0,SO
4144,9309,92173.79324612008,"Arlesheim, Reinach (BL)",BL,0,2,1,0,1,2,2,47.49908169812132,7.612603375437951,Arlesheim,True,True,9309.0,BL
4145,919,80794.35087719298,Gempen,SO,0,0,0,0,0,0,0,47.47502503030493,7.660516823692543,Gempen,True,False,919.0,SO
4146,1278,88923.21671388103,Hochwald,SO,0,0,0,0,0,0,0,47.4549274820541,7.643592330672495,Hochwald,True,False,1278.0,SO
4147,11336,73551.86419110188,"Aesch (BL), Pfeffingen",BL,0,1,0,0,1,1,1,47.46790338828646,7.581501883025746,Aesch BL,True,True,11336.0,BL
4148,2414,104006.33333333331,Pfeffingen,BL,0,0,0,0,0,0,0,47.45925482212744,7.590005184513041,Pfeffingen,True,False,2414.0,BL
4153,21035,73325.29774128666,"Aesch (BL), Münchenstein, Reinach (BL), Therwil",BL,0,1,3,0,2,1,5,47.49382457358064,7.591279153158778,Reinach BL,True,True,10517.5,BL
4202,1648,78868.15761875638,"Aesch (BL), Duggingen",BL,1,0,1,0,0,1,1,47.46014248155885,7.605165856756834,Duggingen,True,False,1648.0,BL
4203,2012,64146.59300184161,Grellingen,BL,0,1,0,0,0,1,0,47.44082988094933,7.5869834933637055,Grellingen,True,False,2012.0,BL
4204,974,74277.52483115163,"Himmelried, Nunningen, Seewen",SO,0,0,0,0,0,0,0,47.41853380870421,7.602041564187495,Himmelried,True,False,974.0,SO
4206,1090,67810.32626655302,"Himmelried, Seewen",SO,0,0,0,0,0,0,0,47.43274913417878,7.636562614687949,Seewen SO,True,False,1090.0,SO
4207,740,65441.86602870814,Bretzwil,BL,0,0,0,0,0,0,0,47.39853870509078,7.651085738527023,Bretzwil,True,False,740.0,BL
4208,1946,66804.23504273505,Nunningen,SO,0,1,0,0,0,1,0,47.3949056271393,7.618844598686586,Nunningen,True,False,1946.0,SO
4222,2828,64683.99470899471,Zwingen,BL,0,0,1,1,0,1,1,47.43720834910852,7.5320001018449885,Zwingen,True,False,2828.0,BL
4223,729,84632.39074550128,Blauen,BL,0,0,0,0,0,0,0,47.44985464512809,7.5190544625082785,Blauen,True,False,729.0,BL
4224,464,70089.96138996139,Nenzlingen,BL,0,0,0,0,0,0,0,47.44724589273359,7.5610010025624765,Nenzlingen,True,False,464.0,BL
4225,1765,66372.96450939457,Brislach,BL,0,0,0,0,0,0,0,47.41963431406481,7.542107201903276,Brislach,True,False,1765.0,BL
4226,4433,66087.73642384107,Breitenbach,SO,0,1,1,0,1,1,2,47.40666015443919,7.547143162892985,Breitenbach,True,True,4433.0,SO
4227,2473,75473.44077961019,Büsserach,SO,0,0,0,0,0,0,0,47.39368612926164,7.542083725383851,Büsserach,True,False,2473.0,SO
4228,991,66577.08806262231,Erschwil,SO,0,0,0,0,0,0,0,47.37363837157929,7.541621452885966,Erschwil,True,False,991.0,SO
4229,240,55503.0952909526,"Beinwil (SO), Lauwil, Meltingen, Mümliswil-Ramiswil","BL, SO",0,0,0,0,0,0,0,47.36664364118507,7.621010314602843,Beinwil SO,True,False,240.0,SO
4232,626,63138.96889169767,"Breitenbach, Fehren",SO,0,0,0,0,0,0,0,47.40108386874519,7.576712573330218,Fehren,True,False,626.0,SO
4233,632,69618.33706322678,"Erschwil, Meltingen, Zullwil",SO,0,0,0,0,0,0,0,47.38513126765984,7.585637494540081,Meltingen,True,False,632.0,SO
4234,700,59652.789893617024,Zullwil,SO,0,0,0,0,0,0,0,47.39111846751613,7.600951483367587,Zullwil,True,False,700.0,SO
4242,6068,61932.856071606424,"Brislach, Laufen, Zwingen",BL,0,1,1,0,1,1,2,47.4201729387606,7.513515765823963,Laufen,True,True,6068.0,BL
4243,739,61164.236902050114,Dittingen,BL,0,0,0,0,0,0,0,47.4376698148579,7.500769106887916,Dittingen,True,False,739.0,BL
4244,1960,74832.7915869981,Röschenz,BL,0,0,0,0,0,0,0,47.42528642806688,7.475918387489656,Röschenz,True,False,1960.0,BL
4245,1189,57175.35326634535,"Kleinlützel, Roggenburg","BL, SO",0,0,0,0,0,0,0,47.4277257117939,7.399603553790734,Kleinlützel,True,False,1189.0,SO
4246,1655,66878.40140272217,"Laufen, Wahlen",BL,0,0,0,0,0,0,0,47.40577707542451,7.515192992699381,Wahlen b. Laufen,True,False,1655.0,BL
4247,508,60632.97260273973,Grindel,SO,0,0,0,0,0,0,0,47.381481770850456,7.503525160061367,Grindel,True,False,508.0,SO
4252,802,57424.719989763405,"Bärschwil, Laufen","BL, SO",0,0,0,0,0,0,0,47.39039783759215,7.47632536681766,Bärschwil,True,False,802.0,SO
4253,399,64071.74602251281,"Bärschwil, Liesberg","BL, SO",0,0,0,0,0,0,0,47.39909625759077,7.435253483336394,Liesberg,True,False,399.0,BL
4254,736,64342.68292682927,Liesberg,BL,0,0,0,0,0,0,0,47.40368787028703,7.43094057569336,Liesberg Dorf,True,False,736.0,BL
4302,1142,73625.85404034646,"Augst, Pratteln",BL,0,0,0,0,0,0,0,47.53431556616452,7.7158243520343985,Augst BL,True,False,1142.0,BL
4303,5993,74201.02323184496,"Augst, Giebenach, Kaiseraugst, Rheinfelden","AG, BL",0,1,1,0,0,1,1,47.53692763046014,7.737453881498242,Kaiseraugst,True,False,5993.0,AG
4304,1183,76965.51289450604,"Giebenach, Olsberg","AG, BL",0,0,0,0,0,0,0,47.5243719135187,7.74985748372084,Giebenach,True,False,1183.0,BL
4305,404,99206.95103389725,"Arisdorf, Magden, Olsberg","AG, BL",0,0,0,0,0,0,0,47.52148819882501,7.789303180495861,Olsberg,True,False,404.0,AG
4310,14003,73548.07700577879,Rheinfelden,AG,0,1,1,0,1,1,2,47.551686524764,7.792236272305068,Rheinfelden,True,True,14003.0,AG
4312,3898,93616.21847507331,Magden,AG,0,1,0,0,0,1,0,47.527833220268505,7.812819537620922,Magden,True,False,3898.0,AG
4313,11376,70633.99899602555,"Möhlin, Rheinfelden",AG,0,1,1,0,1,1,2,47.56420830207803,7.8345949125497985,Möhlin,True,True,11376.0,AG
4314,2592,77226.62564862861,Zeiningen,AG,0,0,0,0,0,0,0,47.542610134183846,7.872270326335794,Zeiningen,True,False,2592.0,AG
4315,930,72141.70336710605,"Zeiningen, Zuzgen",AG,0,0,0,0,0,0,0,47.52847951798182,7.893673773023074,Zuzgen,True,False,930.0,AG
4316,831,68781.25791685905,"Hellikon, Hemmiken","AG, BL",0,0,0,0,0,0,0,47.50560974252268,7.909293868636338,Hellikon,True,False,831.0,AG
4317,1008,68395.62328767123,Wegenstetten,AG,0,0,0,0,0,0,0,47.49759334583929,7.931293479892923,Wegenstetten,True,False,1008.0,AG
4322,1565,69581.73325635104,Mumpf,AG,0,0,0,0,0,0,0,47.54691113174412,7.915344821954173,Mumpf,True,False,1565.0,AG
4323,2084,84515.39663081816,"Wallbach, Zeiningen",AG,0,0,0,0,0,0,0,47.55700541958847,7.898960439086277,Wallbach,True,False,2084.0,AG
4324,1090,67212.8971332209,Obermumpf,AG,0,0,0,0,0,0,0,47.53162832373466,7.935141140742856,Obermumpf,True,False,1090.0,AG
4325,922,74886.97302904565,Schupfart,AG,0,0,0,0,0,0,0,47.51436413221975,7.964757448555364,Schupfart,True,False,922.0,AG
4332,3660,71420.9437105112,Stein (AG),AG,0,1,1,0,1,1,2,47.54369223708543,7.953026444836087,Stein AG,True,True,3660.0,AG
4333,1091,72487.7261484099,Münchwilen (AG),AG,0,0,0,0,0,0,0,47.53899086580669,7.964509632974399,Münchwilen AG,True,False,1091.0,AG
4334,1653,72284.70273224043,Sisseln,AG,0,0,0,0,0,0,0,47.55233177416028,7.990986173108951,Sisseln AG,True,False,1653.0,AG
4402,6744,68616.56743103624,"Frenkendorf, Pratteln",BL,1,1,0,0,0,2,0,47.50379997026989,7.703819662778416,Frenkendorf,True,False,6744.0,BL
4410,16082,67602.36246902705,"Bubendorf, Liestal",BL,0,2,1,0,1,2,2,47.47476518409766,7.736401321202493,Liestal,True,True,16082.0,BL
4411,1355,88164.16666666669,Seltisberg,BL,0,0,0,0,0,0,0,47.461218847572205,7.718879503859996,Seltisberg,True,False,1355.0,BL
4412,1207,74407.49745588016,"Nuglar-St. Pantaleon, Seltisberg","BL, SO",0,0,0,0,0,0,0,47.46670113729637,7.697367906007097,Nuglar,True,False,1207.0,SO
4413,1060,73932.59897610922,Büren (SO),SO,0,0,0,0,0,0,0,47.44963041428624,7.671946927244034,Büren SO,True,False,1060.0,SO
4414,4804,77109.02892561983,Füllinsdorf,BL,0,0,1,0,1,0,2,47.50629762196193,7.729509641062487,Füllinsdorf,True,True,4804.0,BL
4415,5996,66840.96685008974,"Lausen, Liestal",BL,1,1,1,1,0,3,1,47.47452845253839,7.7557475006981775,Lausen,True,False,5996.0,BL
4416,4571,73530.61821219717,Bubendorf,BL,0,1,1,0,1,1,2,47.45044926619383,7.738327741061689,Bubendorf,True,True,4571.0,BL
4417,1740,74990.8875739645,Ziefen,BL,0,0,0,0,0,0,0,47.431505363747576,7.7061579427789715,Ziefen,True,False,1740.0,BL
4418,1640,64613.67254673659,"Lauwil, Mümliswil-Ramiswil, Reigoldswil, Waldenburg","BL, SO",0,0,1,0,0,0,1,47.37991721922538,7.694894940569004,Reigoldswil,True,False,1640.0,BL
4419,1554,83092.20297029703,Lupsingen,BL,0,0,0,0,0,0,0,47.44677118885738,7.692922808699167,Lupsingen,True,False,1554.0,BL
4421,375,74176.98876404495,Nuglar-St. Pantaleon,SO,0,0,0,0,0,0,0,47.46101379321326,7.690643267127137,St. Pantaleon,True,False,375.0,SO
4422,1668,77998.92522621433,"Arisdorf, Liestal",BL,0,0,0,0,0,0,0,47.50467782711034,7.757136357882913,Arisdorf,True,False,1668.0,BL
4423,386,78897.23502304147,Hersberg,BL,0,0,0,0,0,0,0,47.49279371922814,7.783485217904253,Hersberg,True,False,386.0,BL
4424,583,83782.8125,Arboldswil,BL,0,0,0,0,0,0,0,47.41518208093162,7.717127302964136,Arboldswil,True,False,583.0,BL
4425,436,66253.40990327382,"Arboldswil, Titterten",BL,0,0,0,0,0,0,0,47.40663293865805,7.70951057196396,Titterten,True,False,436.0,BL
4426,343,63646.99453551913,Lauwil,BL,0,0,0,0,0,0,0,47.38904734348065,7.675549846049338,Lauwil,True,False,343.0,BL
4431,667,76229.40602039588,"Bennwil, Niederdorf",BL,0,0,0,0,0,0,0,47.4027798217537,7.774431863564114,Bennwil,True,False,667.0,BL
4432,576,78924.91467576791,Lampenberg,BL,0,0,0,0,0,0,0,47.4260290807497,7.758905807216617,Lampenberg,True,False,576.0,BL
4433,739,91348.40294840295,Ramlinsburg,BL,0,0,0,0,0,0,0,47.44950664671548,7.764350508855293,Ramlinsburg,True,False,739.0,BL
4434,2669,71805.50167619047,"Bennwil, Hölstein",BL,0,0,0,0,0,0,0,47.4163816877675,7.772045859328607,Hölstein,True,False,2669.0,BL
4435,1836,64423.70753722909,"Niederdorf, Oberdorf (BL)",BL,0,0,0,0,0,0,0,47.40493379868194,7.748724004968555,Niederdorf,True,False,1836.0,BL
4436,2717,64257.657349805086,"Liedertswil, Niederdorf, Oberdorf (BL)",BL,0,1,0,0,0,1,0,47.39723768548252,7.742858946057914,Oberdorf BL,True,False,2717.0,BL
4437,1117,58868.24644549763,Waldenburg,BL,0,0,0,0,0,0,0,47.38127859617153,7.747156348446114,Waldenburg,True,False,1117.0,BL
4438,1006,56274.903903194536,"Holderbank (SO), Hägendorf, Langenbruck, Waldenburg","BL, SO",0,0,0,0,0,0,0,47.35157217971328,7.763949146981697,Langenbruck,True,False,1006.0,BL
4441,1482,66492.42788461539,Thürnen,BL,0,0,0,0,0,0,0,47.455729862957455,7.828664164890404,Thürnen,True,False,1482.0,BL
4442,856,75846.02714245317,"Diepflingen, Wittinsburg",BL,0,0,0,0,0,0,0,47.442641448411024,7.840579311308126,Diepflingen,True,False,856.0,BL
4443,451,78432.91056321755,"Tenniken, Wittinsburg",BL,0,0,0,0,0,0,0,47.425456568893225,7.8349037146488545,Wittinsburg,True,False,451.0,BL
4444,463,64135.06984296009,"Buckten, Gelterkinden, Rümlingen, Wittinsburg",BL,0,0,0,0,0,0,0,47.42899864038751,7.84897991453151,Rümlingen,True,False,463.0,BL
4445,236,72256.92900953689,"Buckten, Häfelfingen, Rünenberg",BL,0,0,0,0,0,0,0,47.41760464806614,7.864729631843429,Häfelfingen,True,False,236.0,BL
4446,714,67729.44440653476,"Buckten, Läufelfingen",BL,0,0,0,0,0,0,0,47.40630685543499,7.84171841403557,Buckten,True,False,714.0,BL
4447,539,70076.1547323358,"Buckten, Diegten, Känerkinden",BL,0,0,0,0,0,0,0,47.41224014602303,7.833854130079454,Känerkinden,True,False,539.0,BL
4448,1431,65306.417199152944,"Diegten, Häfelfingen, Läufelfingen",BL,0,0,0,0,0,0,0,47.40031668821749,7.850775634669348,Läufelfingen,True,False,1431.0,BL
4450,6980,75502.79051329281,"Böckten, Itingen, Sissach, Thürnen",BL,0,1,1,0,1,1,2,47.46442097864261,7.810489945301017,Sissach,True,True,6980.0,BL
4451,587,72263.28526705824,"Maisprach, Wintersingen",BL,0,0,0,0,0,0,0,47.50116004762276,7.830961759883779,Wintersingen,True,False,587.0,BL
4452,2469,74238.46153846153,Itingen,BL,0,0,0,0,0,0,0,47.46777420916612,7.78585677649229,Itingen,True,False,2469.0,BL
4453,285,91547.82608695653,Nusshof,BL,0,0,0,0,0,0,0,47.492008179712535,7.805017287138339,Nusshof,True,False,285.0,BL
4455,2788,65953.52020860495,Zunzgen,BL,0,0,0,0,0,0,0,47.45233335414363,7.805633071207367,Zunzgen,True,False,2788.0,BL
4456,936,72185.16498155032,"Diegten, Tenniken",BL,0,0,0,0,0,0,0,47.43111138887535,7.802731157042178,Tenniken,True,False,936.0,BL
4457,1626,71859.45363103277,"Bennwil, Diegten, Hölstein",BL,0,0,0,0,0,0,0,47.40834840479035,7.798944328174511,Diegten,True,False,1626.0,BL
4458,569,60751.91797602563,"Eptingen, Läufelfingen",BL,0,0,0,0,0,0,0,47.3806452762382,7.831285011399547,Eptingen,True,False,569.0,BL
4460,6516,68490.04725572519,"Gelterkinden, Ormalingen",BL,0,1,0,0,1,1,1,47.46650872225957,7.860462115840142,Gelterkinden,True,True,6516.0,BL
4461,849,85166.8171557562,Böckten,BL,0,0,0,1,0,1,0,47.46476929789787,7.836502551049131,Böckten,True,False,849.0,BL
4462,574,70889.91465789883,"Buus, Rickenbach (BL)",BL,0,0,0,0,0,0,0,47.48759129533943,7.854566322862534,Rickenbach BL,True,False,574.0,BL
4463,1120,69844.51718494271,Buus,BL,0,0,0,0,0,0,0,47.50600815543239,7.864061182138016,Buus,True,False,1120.0,BL
4464,972,79206.72727272728,Maisprach,BL,0,0,0,0,0,0,0,47.52466459026637,7.845700531276714,Maisprach,True,False,972.0,BL
4465,269,58570.52629142714,"Hellikon, Hemmiken, Ormalingen","AG, BL",0,0,0,0,0,0,0,47.48728046655116,7.895293048141688,Hemmiken,True,False,269.0,BL
4466,2420,71677.53739946007,"Hemmiken, Ormalingen",BL,0,0,0,0,0,0,0,47.48164794015955,7.873704280847415,Ormalingen,True,False,2420.0,BL
4467,809,71739.81042654028,Rothenfluh,BL,0,0,0,0,0,0,0,47.46227187881532,7.914441543210539,Rothenfluh,True,False,809.0,BL
4468,526,60605.400673400676,Kienberg,SO,0,0,0,0,0,0,0,47.44057696893889,7.966521267250008,Kienberg,True,False,526.0,SO
4469,554,71668.60068259385,Anwil,BL,0,0,0,0,0,0,0,47.45127357208013,7.939656522323199,Anwil,True,False,554.0,BL
4492,821,67053.28798185941,Tecknau,BL,0,0,0,0,0,0,0,47.45013417697237,7.883915622908568,Tecknau,True,False,821.0,BL
4493,704,69698.75318689502,"Kilchberg (BL), Wenslingen",BL,0,0,0,0,0,0,0,47.43346568031887,7.907265122400727,Wenslingen,True,False,704.0,BL
4494,523,66606.66666666667,Oltingen,BL,0,0,0,0,0,0,0,47.4329749361378,7.934394448150542,Oltingen,True,False,523.0,BL
4495,535,67870.20314520797,"Wenslingen, Zeglingen",BL,0,0,0,0,0,0,0,47.4209368857737,7.9094212686408225,Zeglingen,True,False,535.0,BL
4496,183,79690.58823529411,Kilchberg (BL),BL,0,0,0,0,0,0,0,47.42600865007188,7.898491892475932,Kilchberg BL,True,False,183.0,BL
4497,800,71756.46551724138,Rünenberg,BL,0,0,0,0,0,0,0,47.43361676397956,7.882624434169347,Rünenberg,True,False,800.0,BL
4500,17609,68012.72656034345,"Bellach, Biberist, Rüttenen, Solothurn, Zuchwil",SO,1,3,3,1,3,5,6,47.20567792220128,7.5335057478557985,Solothurn,True,True,5869.666666666667,SO
4512,5612,63131.064908832195,"Bellach, Lommiswil, Selzach",SO,0,1,1,1,0,2,1,47.21329636107729,7.486676359034079,Bellach,True,False,5612.0,SO
4513,3980,68608.53890618052,Langendorf,SO,1,1,1,0,1,2,2,47.22220173411333,7.513975950014054,Langendorf,True,True,3980.0,SO
4514,1606,74272.22107674685,Lommiswil,SO,0,0,0,0,0,0,0,47.22492891866487,7.470844001873514,Lommiswil,True,False,1606.0,SO
4515,1789,80044.5343659245,Oberdorf (SO),SO,0,0,0,0,0,0,0,47.24029240829453,7.50222662262612,Oberdorf SO,True,False,1789.0,SO
4522,1299,71602.19178362165,"Langendorf, Oberdorf (SO), Rüttenen",SO,0,0,0,0,0,0,0,47.23099908633429,7.525947522540264,Rüttenen,True,False,1299.0,SO
4523,367,79599.81136543016,Riedholz,SO,0,0,0,0,0,0,0,47.25050836933183,7.573116076722212,Niederwil SO,True,False,367.0,SO
4524,1182,78987.70666374118,"Balm bei Günsberg, Günsberg",SO,0,0,0,0,0,0,0,47.26281034276763,7.558961246417906,Günsberg,True,False,1182.0,SO
4525,197,81733.55445544554,Balm bei Günsberg,SO,0,0,0,0,0,0,0,47.25216413437168,7.5558280364467665,Balm b. Günsberg,True,False,197.0,SO
4528,9695,56633.10812275677,"Biberist, Zuchwil",SO,0,1,0,0,1,1,1,47.201124999281845,7.5600846558277475,Zuchwil,True,True,9695.0,SO
4532,1096,115280.681777976,"Feldbrunnen-St. Niklaus, Rüttenen",SO,0,0,0,0,0,0,0,47.22084255318195,7.548795457494264,Feldbrunnen,True,False,1096.0,SO
4533,1952,79599.81136543016,Riedholz,SO,0,0,0,0,0,0,0,47.23262507191212,7.566944059253111,Riedholz,True,False,1952.0,SO
4534,1023,62522.96331738437,Flumenthal,SO,0,0,0,0,0,0,0,47.23647858115381,7.59988988215832,Flumenthal,True,False,1023.0,SO
4535,759,93581.85701519213,"Hubersdorf, Kammersrohr",SO,0,0,0,0,0,0,0,47.25030149915799,7.591239637655454,Hubersdorf,True,False,759.0,SO
4536,1540,63154.50244667604,"Attiswil, Wangen an der Aare",BE,0,0,0,0,0,0,0,47.24090679536202,7.616299548980391,Attiswil,True,False,1540.0,BE
4537,2581,60323.097107438014,Wiedlisbach,BE,0,0,1,0,0,0,1,47.25102037197608,7.646577916275095,Wiedlisbach,True,False,2581.0,BE
4538,1979,66413.52605703048,Oberbipp,BE,0,0,0,0,0,0,0,47.26035592670806,7.66151757596726,Oberbipp,True,False,1979.0,BE
4539,726,66544.71628925843,"Farnern, Rumisberg, Wiedlisbach",BE,0,0,0,0,0,0,0,47.26591626524044,7.630266794835038,Rumisberg,True,False,726.0,BE
4542,3719,63771.07571486491,"Deitingen, Luterbach",SO,0,1,1,0,0,1,1,47.22041332675121,7.587002717161088,Luterbach,True,False,3719.0,SO
4543,2398,69710.65463497164,"Deitingen, Flumenthal",SO,0,0,1,0,0,0,1,47.22082537190326,7.616913434627271,Deitingen,True,False,2398.0,SO
4552,7267,59968.60802182721,"Derendingen, Luterbach",SO,0,1,1,0,1,1,2,47.200784786039534,7.586136860846843,Derendingen,True,True,7267.0,SO
4553,3311,67859.45455421932,"Derendingen, Subingen",SO,0,1,0,0,0,1,0,47.1940195513385,7.608993143975264,Subingen,True,False,3311.0,SO
4554,1253,76788.79201794657,"Etziken, Hüniken",SO,0,0,0,0,0,0,0,47.18615910357305,7.641807933845055,Etziken,True,False,1253.0,SO
4556,1923,71938.68911127992,"Aeschi (SO), Bolken, Niederönz","BE, SO",0,0,0,0,0,0,0,47.17620141056015,7.671464073570123,Aeschi SO,True,False,1923.0,SO
4557,940,75685.70726495727,Horriwil,SO,0,0,0,0,0,0,0,47.18263123272054,7.621470547637833,Horriwil,True,False,940.0,SO
4558,727,67474.59122401847,Drei Höfe,SO,0,0,0,0,0,0,0,47.16058381496479,7.640117337995595,Hersiwil,True,False,727.0,SO
4562,8899,61374.12962962963,Biberist,SO,0,2,1,1,1,3,2,47.18250550351447,7.559660841143094,Biberist,True,True,8899.0,SO
4563,5870,58473.16286099805,"Gerlafingen, Kriegstetten, Obergerlafingen",SO,1,1,1,0,1,2,2,47.17135421116135,7.580542338706098,Gerlafingen,True,True,5870.0,SO
4564,1553,63415.38613861386,"Obergerlafingen, Zielebach","BE, SO",0,0,0,0,0,0,0,47.159685080528696,7.580043555081396,Obergerlafingen,True,False,1553.0,BE
4565,2260,67035.35846030473,Recherswil,SO,0,0,0,0,0,0,0,47.160299537625534,7.595375569309311,Recherswil,True,False,2260.0,SO
4566,3167,69814.64854614412,Kriegstetten,SO,0,1,0,0,0,1,0,47.17465617447928,7.603261552926337,Kriegstetten,True,False,3167.0,SO
4571,923,82511.29740518962,Lüterkofen-Ichertswil,SO,0,0,0,0,0,0,0,47.16070998637498,7.505233023263592,Lüterkofen,True,False,923.0,SO
4573,2951,81108.83063855169,"Bätterkinden, Lohn-Ammannsegg","BE, SO",0,0,0,0,0,0,0,47.16534065687945,7.528081373383232,Lohn-Ammannsegg,True,False,2951.0,SO
4574,1134,70242.00113999468,"Biberist, Lüsslingen-Nennigkofen, Selzach",SO,0,0,0,0,0,0,0,47.19096518651577,7.497923614234298,Nennigkofen,True,False,1134.0,SO
4576,185,72280.99137358992,Buchegg,SO,0,0,0,0,0,0,0,47.14543093349257,7.479208842218964,Tscheppach,True,False,185.0,SO
4577,260,72280.99137358992,Buchegg,SO,0,0,0,0,0,0,0,47.14127901323924,7.466471158390824,Hessigkofen,True,False,260.0,SO
4578,254,72280.99137358992,Buchegg,SO,0,0,0,0,0,0,0,47.145994290417256,7.455860419597559,Bibern SO,True,False,254.0,SO
4579,177,72280.99137358992,Buchegg,SO,0,0,0,0,0,0,0,47.13673965529512,7.434437333915225,Gossliwil,True,False,177.0,SO
4581,261,72280.99137358992,Buchegg,SO,0,0,0,0,0,0,0,47.15006372770938,7.514403018560279,Küttigkofen,True,False,261.0,SO
4582,164,72280.99137358992,Buchegg,SO,0,0,0,0,0,0,0,47.142652903440414,7.4972281705541794,Brügglen,True,False,164.0,SO
4583,574,72280.99137358992,Buchegg,SO,0,0,0,0,0,0,0,47.1303580015372,7.47107262284148,Mühledorf SO,True,False,574.0,SO
4584,368,72280.99137358992,Buchegg,SO,0,0,0,0,0,0,0,47.12446614757545,7.443874781560819,Lüterswil,True,False,368.0,SO
4585,345,69944.11224489796,Biezwil,SO,0,0,0,0,0,0,0,47.11414253931557,7.417336878306597,Biezwil,True,False,345.0,SO
4586,401,72280.99137358992,Buchegg,SO,0,0,0,0,0,0,0,47.14201615625047,7.50998863768026,Kyburg-Buchegg,True,False,401.0,SO
4587,261,72280.99137358992,Buchegg,SO,0,0,0,0,0,0,0,47.13244855194301,7.505086026133238,Aetingen,True,False,261.0,SO
4588,443,79249.60240661916,"Buchegg, Messen, Unterramsern",SO,0,0,0,0,0,0,0,47.11872461691987,7.479202898244363,Unterramsern,True,False,443.0,SO
4600,19272,64038.67035754779,"Aarburg, Olten, Starrkirch-Wil, Trimbach","AG, SO",1,2,3,1,2,4,5,47.34577587060957,7.909773234448384,Olten,True,True,9636.0,SO
4612,5601,69585.2805064039,"Olten, Wangen bei Olten",SO,0,1,0,0,0,1,0,47.34095741493732,7.87653437746321,Wangen b. Olten,True,False,5601.0,SO
4613,1208,75620.95447409734,Rickenbach (SO),SO,0,0,0,0,0,0,0,47.34212479042375,7.853929553244569,Rickenbach SO,True,False,1208.0,SO
4614,5283,73226.66367794816,"Gunzgen, Hägendorf",SO,0,1,1,1,1,2,2,47.33001040689621,7.831617138175609,Hägendorf,True,True,5283.0,SO
4615,56,73296.30794223827,Hägendorf,SO,0,0,0,0,0,0,0,47.35208725018124,7.815532451769436,Allerheiligenberg,True,False,56.0,SO
4616,3574,71152.35492249392,"Gunzgen, Kappel (SO)",SO,0,0,0,0,0,0,0,47.316561055414525,7.848003949416009,Kappel SO,True,False,3574.0,SO
4617,1783,66160.62512562814,Gunzgen,SO,0,0,0,0,0,0,0,47.315437356198615,7.830973340923909,Gunzgen,True,False,1783.0,SO
4618,828,65437.251472911834,"Boningen, Kappel (SO)",SO,0,0,0,0,0,0,0,47.309271727771005,7.859043610658982,Boningen,True,False,828.0,SO
4622,4372,67544.17793477292,"Egerkingen, Neuendorf",SO,1,2,1,0,1,3,2,47.31744350600165,7.79907879001923,Egerkingen,True,True,4372.0,SO
4623,2405,68463.20171219441,"Neuendorf, Oberbuchsiten",SO,0,0,0,0,0,0,0,47.30367948738176,7.787707897223432,Neuendorf,True,False,2405.0,SO
4624,1763,70800.16241062309,Härkingen,SO,0,0,0,0,0,0,0,47.30627935019886,7.817973279432469,Härkingen,True,False,1763.0,SO
4625,2377,68319.6048,Oberbuchsiten,SO,0,0,0,0,0,0,0,47.30986991103416,7.767493873091928,Oberbuchsiten,True,False,2377.0,SO
4626,1369,67555.65506519143,"Niederbuchsiten, Oberbuchsiten",SO,0,0,0,0,0,0,0,47.29881974564721,7.773891407034293,Niederbuchsiten,True,False,1369.0,SO
4628,2473,69226.24404761905,Wolfwil,SO,0,0,0,0,0,0,0,47.26867776796277,7.7967485640446865,Wolfwil,True,False,2473.0,SO
4629,1841,68918.50049358341,Fulenbach,SO,0,1,0,0,0,1,0,47.27380503946582,7.832557823097288,Fulenbach,True,False,1841.0,SO
4632,6907,56135.94021232383,"Trimbach, Wangen bei Olten",SO,0,1,1,1,0,2,1,47.36138583628758,7.886392711667888,Trimbach,True,False,6907.0,SO
4633,348,70876.48648648648,Hauenstein-Ifenthal,SO,0,0,0,0,0,0,0,47.37617105416642,7.865634797672471,Hauenstein,True,False,348.0,SO
4634,476,74262.41389547041,"Lostorf, Läufelfingen, Trimbach, Wisen (SO)","BL, SO",0,0,0,0,0,0,0,47.39187116119252,7.8902003361352016,Wisen SO,True,False,476.0,SO
4652,2061,64681.61845485137,"Obergösgen, Winznau",SO,0,0,0,0,0,0,0,47.36225108105527,7.936715764039548,Winznau,True,False,2061.0,SO
4653,2553,59981.164520743914,Obergösgen,SO,0,0,0,0,0,0,0,47.36463804557112,7.952399275361906,Obergösgen,True,False,2553.0,SO
4654,4113,75171.14517543859,Lostorf,SO,0,0,0,0,1,0,1,47.38407525849074,7.946242971624263,Lostorf,True,True,4113.0,SO
4655,1265,71610.90345821326,Stüsslingen,SO,0,0,0,0,0,0,0,47.40112439522405,7.962261021563444,Stüsslingen,True,False,1265.0,SO
4656,2008,80303.21041439682,"Oftringen, Starrkirch-Wil","AG, SO",0,0,0,0,0,0,0,47.3401624128489,7.926823915852776,Starrkirch-Wil,True,False,2008.0,SO
4657,5465,58016.93544921212,"Dulliken, Starrkirch-Wil",SO,0,1,1,0,0,1,1,47.35233806502205,7.93590860634581,Dulliken,True,False,5465.0,SO
4658,3115,64156.688939473075,"Däniken, Gretzenbach",SO,0,0,0,0,0,0,0,47.3527985024964,7.9861952647786705,Däniken SO,True,False,3115.0,SO
4663,9049,63019.29393668517,"Aarburg, Boningen, Olten","AG, SO",0,0,0,0,0,0,0,47.31583781608328,7.891276817706246,Aarburg,True,False,9049.0,AG
4665,15197,64377.13442522911,"Aarburg, Oftringen",AG,1,1,2,1,1,3,3,47.31111051790648,7.921254821940403,Oftringen,True,True,15197.0,AG
4702,6766,65183.58080090883,Oensingen,SO,1,1,1,1,1,3,2,47.28977470923027,7.716633450967962,Oensingen,True,True,6766.0,SO
4703,1888,68361.54613935969,Kestenholz,SO,0,0,0,0,0,0,0,47.281427698662,7.755132472109764,Kestenholz,True,False,1888.0,SO
4704,5689,60926.482123893795,Niederbipp,BE,0,1,1,0,0,1,1,47.272223687195286,7.677067746515818,Niederbipp,True,False,5689.0,BE
4710,6618,63178.434349277144,"Balsthal, Oensingen",SO,0,2,1,0,1,2,2,47.3068542133758,7.697692481202973,Balsthal,True,True,6618.0,SO
4712,1901,64134.4702970297,Laupersdorf,SO,0,0,1,0,0,0,1,47.31347251831566,7.654702719735376,Laupersdorf,True,False,1901.0,SO
4713,1426,66310.38998682477,Matzendorf,SO,0,1,0,0,0,1,0,47.30568362932905,7.628885460504995,Matzendorf,True,False,1426.0,SO
4714,584,68084.52090032154,Aedermannsdorf,SO,0,0,0,0,0,0,0,47.30580483034467,7.608786127492872,Aedermannsdorf,True,False,584.0,SO
4715,614,59790.63278163597,"Günsberg, Herbetswil",SO,0,0,0,0,0,0,0,47.28365940546766,7.582678609219776,Herbetswil,True,False,614.0,SO
4716,1205,57397.334232766465,"Crémines, Herbetswil, Welschenrohr-Gänsbrunnen","BE, SO",0,0,0,0,0,0,0,47.279726809807045,7.504240042968238,Welschenrohr,True,False,1205.0,SO
4717,2210,61561.43313215884,"Aedermannsdorf, Balsthal, Laupersdorf, Matzendorf, Mümliswil-Ramiswil",SO,0,0,0,0,0,0,0,47.3327958100855,7.651330342962462,Mümliswil,True,False,2210.0,SO
4718,781,59133.50189226515,"Holderbank (SO), Oberbuchsiten",SO,0,0,0,0,0,0,0,47.3296201024383,7.753558978273,Holderbank SO,True,False,781.0,SO
4719,318,61182.10776987294,"Aedermannsdorf, Beinwil (SO), Lauwil, Mümliswil-Ramiswil","BL, SO",0,0,0,0,0,0,0,47.34680417387299,7.627070066304945,Ramiswil,True,False,318.0,SO
4800,12054,70556.56181464628,"Oftringen, Zofingen",AG,0,1,0,0,1,1,1,47.29255980592207,7.951887494147853,Zofingen,True,True,12054.0,AG
4802,5181,61727.37606374383,"Rothrist, Strengelbach",AG,0,1,1,0,0,1,1,47.28916562358674,7.925141362621311,Strengelbach,True,False,5181.0,AG
4803,2029,68918.58598559877,"Brittnau, Vordemwald",AG,0,0,0,0,0,0,0,47.268706464310256,7.902398417960598,Vordemwald,True,False,2029.0,AG
4805,4332,68572.16129032258,Brittnau,AG,0,1,0,0,0,1,0,47.262294794902125,7.944835840780161,Brittnau,True,False,4332.0,AG
4806,1426,67577.93374233128,Wikon,LU,0,0,0,0,0,0,0,47.265382593562975,7.964368587129197,Wikon,True,False,1426.0,LU
4812,995,70456.80368417894,"Uerkheim, Zofingen",AG,0,0,0,0,0,0,0,47.30293628997639,7.980705055387945,Mühlethal,True,False,995.0,AG
4813,1436,66648.95151973766,"Bottenwil, Kölliken, Uerkheim",AG,0,0,0,0,0,0,0,47.30453809913669,8.012456062467061,Uerkheim,True,False,1436.0,AG
4814,886,70142.55477375133,"Bottenwil, Zofingen",AG,0,0,0,0,0,0,0,47.28289576554398,7.997267962911986,Bottenwil,True,False,886.0,AG
4852,9889,66885.38744994119,"Rothrist, Vordemwald",AG,1,1,0,1,1,3,1,47.29892962030824,7.895242455513611,Rothrist,True,True,9889.0,AG
4853,2382,63498.60918854414,Murgenthal,AG,0,0,0,0,1,0,1,47.27148734582329,7.8446461187528,Murgenthal,True,True,2382.0,AG
4856,793,63498.60918854414,Murgenthal,AG,0,0,0,0,0,0,0,47.259343095480894,7.8399690616231394,Glashütten,True,False,793.0,AG
4900,15660,60546.03257617729,Langenthal,BE,1,2,2,0,1,3,3,47.2124800061497,7.784597976822341,Langenthal,True,True,15660.0,BE
4911,529,67046.24912280701,Schwarzhäusern,BE,0,0,0,0,0,0,0,47.25234262466178,7.766770610336162,Schwarzhäusern,True,False,529.0,BE
4912,4855,62844.20124977614,"Aarwangen, Bannwil",BE,0,0,1,0,0,0,1,47.24193161101248,7.764929550383709,Aarwangen,True,False,4855.0,BE
4913,666,61306.82663316583,Bannwil,BE,0,0,0,0,0,0,0,47.23987201467353,7.7349835415979875,Bannwil,True,False,666.0,BE
4914,4518,58784.37922680223,"Murgenthal, Roggwil (BE)","AG, BE",0,1,0,0,0,1,0,47.24143795734901,7.825801661797014,Roggwil BE,True,False,4518.0,BE
4915,814,64119.5700191666,"Murgenthal, Pfaffnau","AG, LU",0,0,0,0,0,0,0,47.23162892937239,7.850530589931011,St. Urban,True,False,814.0,LU
4916,156,60546.03257617729,Langenthal,BE,0,0,0,0,0,0,0,47.205875753749226,7.84396217689191,Untersteckholz,True,False,156.0,BE
4917,1647,62458.087957163974,"Busswil bei Melchnau, Melchnau",BE,0,0,0,0,0,0,0,47.18331727013414,7.840421692312319,Melchnau,True,False,1647.0,BE
4919,185,64329.51739512814,"Madiswil, Reisiswil",BE,0,0,0,0,0,0,0,47.16174398392756,7.837682275318553,Reisiswil,True,False,185.0,BE
4922,3647,61936.6125290803,"Aarwangen, Thunstetten",BE,0,1,0,0,0,1,0,47.21392650002944,7.747023277535782,Bützberg,True,False,3647.0,BE
4923,1694,58963.50166481687,Wynau,BE,0,0,0,0,0,0,0,47.2576581575513,7.816862321819348,Wynau,True,False,1694.0,BE
4924,417,60546.03257617729,Langenthal,BE,0,0,0,0,0,0,0,47.200477066454056,7.82278023411892,Obersteckholz,True,False,417.0,BE
4932,3017,59820.39383898329,"Lotzwil, Madiswil",BE,0,0,0,0,0,0,0,47.18574281213337,7.793535598460874,Lotzwil,True,False,3017.0,BE
4933,597,60900.18543046358,Rütschelen,BE,0,0,0,0,0,0,0,47.17484660971407,7.775200396859786,Rütschelen,True,False,597.0,BE
4934,2330,59449.19240769631,Madiswil,BE,0,1,0,0,0,1,0,47.16451249099923,7.801565653301552,Madiswil,True,False,2330.0,BE
4935,332,59449.19240769631,Madiswil,BE,0,0,0,0,0,0,0,47.15231100322948,7.76705528793349,Leimiswil,True,False,332.0,BE
4936,588,59247.47769819101,"Madiswil, Ursenbach",BE,0,0,0,0,0,0,0,47.146199046404895,7.785824596104281,Kleindietwil,True,False,588.0,BE
4937,824,53289.96463654224,Ursenbach,BE,0,0,0,0,0,0,0,47.13581021972099,7.771633754051876,Ursenbach,True,False,824.0,BE
4938,1988,53180.78266034413,"Auswil, Huttwil, Rohrbach, Rohrbachgraben, Walterswil (BE)",BE,0,0,0,0,0,0,0,47.121658763696175,7.806394048821581,Rohrbach,True,False,1988.0,BE
4942,378,52466.84621785791,"Dürrenroth, Ursenbach, Walterswil (BE)",BE,0,0,0,0,0,0,0,47.10828509358836,7.774842926091682,Walterswil BE,True,False,378.0,BE
4943,271,54479.53162160866,"Oeschenbach, Seeberg, Ursenbach, Walterswil (BE)",BE,0,0,0,0,0,0,0,47.11080616862118,7.744864282905038,Oeschenbach,True,False,271.0,BE
4944,444,53577.15057915058,Auswil,BE,0,0,0,0,0,0,0,47.13566035089801,7.8333226215379375,Auswil,True,False,444.0,BE
4950,4926,55076.6722035093,"Eriswil, Huttwil",BE,0,1,0,0,1,1,1,47.10228792645209,7.850521308794972,Huttwil,True,True,4926.0,BE
4952,1364,50202.71954750442,"Eriswil, Huttwil, Luthern, Sumiswald, Ufhusen","BE, LU",0,0,0,0,0,0,0,47.07004849442693,7.870375247821085,Eriswil,True,False,1364.0,BE
4953,309,54642.83086029459,"Huttwil, Wyssachen",BE,0,0,0,0,0,0,0,47.09775366334885,7.823178571977122,Schwarzenbach (Huttwil),True,False,309.0,BE
4954,1081,51087.72034223919,"Sumiswald, Wyssachen",BE,0,0,0,0,0,0,0,47.068430724161175,7.811825620825951,Wyssachen,True,False,1081.0,BE
4955,736,56013.03567874575,"Gondiswil, Ufhusen","BE, LU",0,0,0,0,0,0,0,47.13517345335083,7.878280210502431,Gondiswil,True,False,736.0,BE
5000,16290,71753.91604705022,"Aarau, Suhr",AG,1,2,1,1,2,4,3,47.38653907064814,8.053806399976116,Aarau,True,True,8145.0,AG
5004,2327,71778.28119280048,Aarau,AG,0,1,1,0,0,1,1,47.40058770418074,8.060698546432551,Aarau,True,False,2327.0,AG
5012,5773,57594.030931018824,"Eppenberg-Wöschnau, Schönenwerd",SO,0,1,0,0,1,1,1,47.378108226557536,8.018967997120802,Schönenwerd,True,True,5773.0,SO
5013,4297,64143.15586690018,Niedergösgen,SO,0,0,0,0,0,0,0,47.37253733448488,7.990951838388411,Niedergösgen,True,False,4297.0,SO
5014,2818,67648.59136884693,Gretzenbach,SO,1,0,1,1,0,2,1,47.357895584036726,7.998159937026815,Gretzenbach,True,False,2818.0,SO
5015,3759,66563.19301648885,Erlinsbach (SO),SO,0,1,1,0,0,1,1,47.397985400071455,8.00525694638686,Erlinsbach SO,True,False,3759.0,SO
5017,6,79152.16156047184,"Erlinsbach (AG), Erlinsbach (SO)","AG, SO",0,0,0,0,0,0,0,47.42013545301218,7.968909718950981,Barmelweid,True,False,6.0,AG
5018,4646,83127.62531120332,Erlinsbach (AG),AG,0,0,0,0,1,0,1,47.40374315773257,8.012286675088827,Erlinsbach,True,True,4646.0,AG
5022,3079,76863.57630794254,Küttigen,AG,0,0,0,0,0,0,0,47.404910921696185,8.047765445523979,Rombach,True,False,3079.0,AG
5023,1653,93037.6218579235,Biberstein,AG,0,0,0,0,0,0,0,47.41485633259767,8.083073792740956,Biberstein,True,False,1653.0,AG
5024,3946,76863.57630794254,Küttigen,AG,0,1,0,0,0,1,0,47.41427522056449,8.049263802956608,Küttigen,True,False,3946.0,AG
5025,296,67388.01176470588,Densbüren,AG,0,0,0,0,0,0,0,47.44308719584548,8.050402809509167,Asp,True,False,296.0,AG
5026,490,67357.87340952683,"Densbüren, Wölflinswil",AG,0,0,0,0,0,0,0,47.45848171244671,8.04151416038872,Densbüren,True,False,490.0,AG
5027,1778,0.0,Herznach-Ueken,AG,0,0,0,0,0,0,0,47.47312280613887,8.051411221429603,Herznach,True,False,1778.0,AG
5028,987,0.0,Herznach-Ueken,AG,0,0,0,0,0,0,0,47.484015539131256,8.049572923516182,Ueken,True,False,987.0,AG
5032,4315,71778.28119280048,Aarau,AG,0,1,0,0,0,1,0,47.400999951924376,8.080720433454236,Aarau Rohr,True,False,4315.0,AG
5033,8651,67610.01980664938,Buchs (AG),AG,1,1,2,0,1,2,3,47.38975402701627,8.074717571880685,Buchs AG,True,True,8651.0,AG
5034,11760,63789.708815672304,Suhr,AG,0,1,2,0,2,1,4,47.37658915605114,8.074150077351467,Suhr,True,True,5880.0,AG
5035,4579,69776.5906581741,Unterentfelden,AG,0,0,2,0,1,0,3,47.36941443898127,8.043427938757596,Unterentfelden,True,True,4579.0,AG
5036,9061,63550.55463648236,Oberentfelden,AG,1,1,0,0,0,2,0,47.356505867134906,8.043691958995083,Oberentfelden,True,False,9061.0,AG
5037,4099,71947.83827493261,Muhen,AG,0,0,0,0,0,0,0,47.33613997011646,8.055991267800595,Muhen,True,False,4099.0,AG
5040,4658,66759.30110392082,Schöftland,AG,0,1,0,0,1,1,1,47.30592489650917,8.051291339033527,Schöftland,True,True,4658.0,AG
5042,1772,77047.16649323622,Hirschthal,AG,0,0,0,0,0,0,0,47.31982218769757,8.056265558843455,Hirschthal,True,False,1772.0,AG
5043,1768,64645.508753862,Holziken,AG,0,0,0,0,0,0,0,47.32137267498189,8.038558307140137,Holziken,True,False,1768.0,AG
5044,878,61910.437881873724,Schlossrued,AG,0,0,0,0,0,0,0,47.29110383824288,8.088693400216995,Schlossrued,True,False,878.0,AG
5046,1165,58956.700363637334,"Gontenschwil, Schmiedrued",AG,0,0,0,0,0,0,0,47.26087889711463,8.117128447019569,Schmiedrued,True,False,1165.0,AG
5053,1398,62991.80102695764,Staffelbach,AG,0,0,0,0,0,0,0,47.28701952919296,8.040730281347606,Staffelbach,True,False,1398.0,AG
5054,1895,63433.90457123493,"Kirchleerau, Moosleerau",AG,0,0,0,0,0,0,0,47.27196771182562,8.064229960737983,Kirchleerau,True,False,1895.0,AG
5056,321,65521.10514018692,Reitnau,AG,0,0,0,0,0,0,0,47.260069927958455,8.042692928266986,Attelwil,True,False,321.0,AG
5057,1342,65521.10514018692,Reitnau,AG,0,0,0,0,0,0,0,47.252032275449785,8.041981222732517,Reitnau,True,False,1342.0,AG
5058,175,76087.42,Wiliberg,AG,0,0,0,0,0,0,0,47.26840100129587,8.015974661153669,Wiliberg,True,False,175.0,AG
5062,595,71269.86896551723,Oberhof,AG,0,0,0,0,0,0,0,47.44900982413765,8.007205173226716,Oberhof,True,False,595.0,AG
5063,1109,65594.61032820166,"Gipf-Oberfrick, Wölflinswil",AG,0,0,0,0,0,0,0,47.47055062471215,7.998985660760205,Wölflinswil,True,False,1109.0,AG
5064,1449,70410.88535031847,Wittnau,AG,0,0,0,0,0,0,0,47.480790422146505,7.976233622532074,Wittnau,True,False,1449.0,AG
5070,6211,72212.1549613402,Frick,AG,1,1,1,0,1,2,2,47.50693675248825,8.020832564504024,Frick,True,True,6211.0,AG
5072,1181,71027.8600311042,Oeschgen,AG,0,0,0,1,0,1,0,47.51956493348593,8.017146975156946,Oeschgen,True,False,1181.0,AG
5073,3880,77217.65425779432,Gipf-Oberfrick,AG,0,0,0,0,0,0,0,47.49779808395416,8.002776076873774,Gipf-Oberfrick,True,False,3880.0,AG
5074,2573,68843.35972328977,Eiken,AG,0,0,0,0,0,0,0,47.53459328826394,7.987694242899572,Eiken,True,False,2573.0,AG
5075,1147,69477.06693174287,Böztal,AG,0,0,0,0,0,0,0,47.50022914059713,8.061943039805183,Hornussen,True,False,1147.0,AG
5076,850,69477.06693174287,Böztal,AG,0,0,0,0,0,0,0,47.49577228442541,8.084159909845727,Bözen,True,False,850.0,AG
5077,309,69477.06693174287,Böztal,AG,0,0,0,0,0,0,0,47.50695783775323,8.09909616738758,Elfingen,True,False,309.0,AG
5078,681,69483.81491722331,"Böztal, Mönthal",AG,0,0,0,0,0,0,0,47.501530693544495,8.112170767597597,Effingen,True,False,681.0,AG
5079,1268,69465.24404761905,Zeihen,AG,0,0,0,0,0,0,0,47.47509462254537,8.085753142181268,Zeihen,True,False,1268.0,AG
5080,2627,67779.28467484529,"Kaisten, Laufenburg",AG,0,1,0,0,0,1,0,47.55561657191507,8.058241482982242,Laufenburg,True,False,2627.0,AG
5082,2782,73038.40470139771,Kaisten,AG,0,0,0,0,0,0,0,47.54050754584702,8.04617090804034,Kaisten,True,False,2782.0,AG
5083,281,73038.40470139771,Kaisten,AG,0,0,0,0,0,0,0,47.51925336656086,8.058289075646211,Ittenthal,True,False,281.0,AG
5084,192,67739.22286012526,Laufenburg,AG,0,0,0,0,0,0,0,47.55523865072055,8.089479122986384,Rheinsulz,True,False,192.0,AG
5085,1063,67739.22286012526,Laufenburg,AG,0,0,0,0,0,0,0,47.53500767857692,8.09644308141098,Sulz AG,True,False,1063.0,AG
5102,6303,70845.33178438662,Rupperswil,AG,0,0,1,0,0,0,1,47.40132018416396,8.128204031929137,Rupperswil,True,False,6303.0,AG
5103,5071,74768.17029403709,"Möriken-Wildegg, Niederlenz, Rupperswil",AG,0,0,0,0,1,0,1,47.413417392612416,8.166719916414008,Wildegg,True,True,5071.0,AG
5105,1747,77590.35477178423,Auenstein,AG,0,0,0,0,0,0,0,47.4169793351179,8.137245511668016,Auenstein,True,False,1747.0,AG
5106,1598,68422.07674144038,Veltheim (AG),AG,0,0,0,0,0,0,0,47.43612334850748,8.148446394432012,Veltheim AG,True,False,1598.0,AG
5107,1955,67649.40414613835,"Brugg, Schinznach",AG,0,0,0,0,0,0,0,47.45549261073702,8.149905986667946,Schinznach Dorf,True,False,1955.0,AG
5108,521,67643.20603384842,Schinznach,AG,0,0,0,0,0,0,0,47.44175344977821,8.129191533216039,Oberflachs,True,False,521.0,AG
5112,984,73054.12151394422,Thalheim (AG),AG,0,0,0,0,0,0,0,47.43791616115666,8.102495564944066,Thalheim AG,True,False,984.0,AG
5113,1610,65514.286231884056,Holderbank (AG),AG,0,0,1,0,0,0,1,47.428170116987175,8.169017385651983,Holderbank AG,True,False,1610.0,AG
5116,1453,68294.26824917673,Brugg,AG,0,0,0,0,0,0,0,47.45002527768837,8.169237598559697,Schinznach Bad,True,False,1453.0,AG
5200,10693,68303.40368075499,"Brugg, Rüfenach",AG,0,0,1,1,1,1,2,47.49501607490025,8.219982946715739,Brugg AG,True,True,10693.0,AG
5210,8316,65380.953453388036,"Brugg, Hausen (AG), Windisch",AG,0,2,1,0,1,2,2,47.475743079216045,8.211278071780619,Windisch,True,True,8316.0,AG
5212,3820,72938.01766653493,"Hausen (AG), Lupfig",AG,0,1,0,0,0,1,0,47.457327269352575,8.213041942782422,Hausen AG,True,False,3820.0,AG
5213,1685,68294.26824917673,Brugg,AG,0,0,0,0,0,0,0,47.47116744453381,8.161223786799603,Villnachern,True,False,1685.0,AG
5222,1479,68294.26824917673,Brugg,AG,0,0,0,0,0,0,0,47.48273049030126,8.190066414146306,Umiken,True,False,1479.0,AG
5223,1594,73091.87483870967,Riniken,AG,0,0,0,0,0,0,0,47.4909784688045,8.18726346474807,Riniken,True,False,1594.0,AG
5225,1688,72316.70781032695,"Brugg, Bözberg",AG,0,0,0,0,0,0,0,47.48373401132929,8.163132124862237,Bözberg,True,False,1688.0,AG
5233,538,70327.98892674617,Villigen,AG,0,0,0,0,0,0,0,47.51808200937606,8.2313262902614,Stilli,True,False,538.0,AG
5234,1719,70327.98892674617,Villigen,AG,0,0,0,0,0,0,0,47.524809742703646,8.216727092178937,Villigen,True,False,1719.0,AG
5235,859,73426.53318077803,Rüfenach,AG,0,0,0,0,0,0,0,47.50806516986616,8.213628104583869,Rüfenach AG,True,False,859.0,AG
5236,1381,73986.26586727692,"Bözberg, Remigen",AG,0,0,0,0,0,0,0,47.50898078712312,8.183714462389602,Remigen,True,False,1381.0,AG
5237,398,72871.04545642163,"Bözberg, Mönthal",AG,0,0,0,0,0,0,0,47.512744086593,8.14729800963617,Mönthal,True,False,398.0,AG
5242,7631,68967.71078615304,"Birr, Lupfig",AG,0,0,1,0,1,0,2,47.43769705738923,8.201494745254031,Birr,True,True,7631.0,AG
5243,1124,72995.53267973856,Mülligen,AG,0,0,0,0,0,0,0,47.456947220537465,8.23915547249272,Mülligen,True,False,1124.0,AG
5244,993,72862.53498871332,Birrhard,AG,0,0,0,0,0,0,0,47.4346210817392,8.24458633793132,Birrhard,True,False,993.0,AG
5245,430,85500.6762295082,Habsburg,AG,0,0,0,0,0,0,0,47.46262187447429,8.186851422465995,Habsburg,True,False,430.0,AG
5246,721,69527.88432835821,Lupfig,AG,0,0,0,0,0,0,0,47.44746110625483,8.18486164903077,Scherz,True,False,721.0,AG
5272,1125,69511.26190476191,Gansingen,AG,0,0,1,0,0,0,1,47.54182292691877,8.13532638887051,Gansingen,True,False,1125.0,AG
5273,281,70351.50597269625,Mettauertal,AG,0,0,0,0,0,0,0,47.554139896729794,8.13164823391671,Oberhofen AG,True,False,281.0,AG
5274,365,70351.50597269625,Mettauertal,AG,0,0,0,0,0,0,0,47.56468745459996,8.127533475149585,Mettau,True,False,365.0,AG
5275,482,70351.50597269625,Mettauertal,AG,0,0,0,0,0,0,0,47.57116096342575,8.111044632088102,Etzgen,True,False,482.0,AG
5276,731,70351.50597269625,Mettauertal,AG,0,0,0,0,0,0,0,47.56094021230383,8.152279544072803,Wil AG,True,False,731.0,AG
5277,297,70351.50597269625,Mettauertal,AG,0,0,0,0,0,0,0,47.54800066677722,8.161962813886817,Hottwil,True,False,297.0,AG
5300,3189,76177.58971914009,Baden,AG,0,0,0,0,0,0,0,47.49071394388101,8.254393489382059,Turgi,True,False,3189.0,AG
5301,511,70517.9268231138,Untersiggenthal,AG,0,1,0,0,0,1,0,47.51790085062777,8.241958450887042,Siggenthal Station,True,False,511.0,AG
5303,5323,72104.83961208504,Würenlingen,AG,0,0,1,0,0,0,1,47.53102738424321,8.25428171181683,Würenlingen,True,False,5323.0,AG
5304,2410,70960.29110320285,Endingen,AG,0,0,1,0,0,0,1,47.53729469928395,8.290770274483387,Endingen,True,False,2410.0,AG
5305,348,70960.29110320285,Endingen,AG,0,0,0,0,0,0,0,47.54672801222182,8.291001251369222,Unterendingen,True,False,348.0,AG
5306,1326,70256.9107913669,Tegerfelden,AG,0,0,0,0,0,0,0,47.56116745639788,8.28682134544855,Tegerfelden,True,False,1326.0,AG
5312,4525,65528.97222222222,Döttingen,AG,0,0,1,1,1,1,2,47.56941249310659,8.259695351490482,Döttingen,True,True,4525.0,AG
5313,3710,69248.20996818664,Klingnau,AG,0,0,0,0,0,0,0,47.58204083585748,8.251954636613577,Klingnau,True,False,3710.0,AG
5314,4094,65119.342432950194,Böttstein,AG,0,1,0,0,0,1,0,47.57002757538709,8.245099092944875,Kleindöttingen,True,False,4094.0,AG
5315,334,65119.342432950194,Böttstein,AG,0,0,0,0,0,0,0,47.555003921343406,8.221978845403811,Böttstein,True,False,334.0,AG
5316,2175,66630.60339256866,Leuggern,AG,0,0,0,0,0,0,0,47.58396669898794,8.219056097275338,Leuggern,True,False,2175.0,AG
5317,267,66630.60339256866,Leuggern,AG,0,0,0,0,0,0,0,47.57473122084074,8.198518479194457,Hettenschwil,True,False,267.0,AG
5318,328,78089.69072164949,Mandach,AG,0,0,0,0,0,0,0,47.54727491993426,8.185638708886545,Mandach,True,False,328.0,AG
5322,1835,59979.664029742606,"Klingnau, Koblenz",AG,0,0,0,0,0,0,0,47.60244528735649,8.23552557536536,Koblenz,True,False,1835.0,AG
5323,838,65107.72361809045,Zurzach,AG,0,0,0,0,0,0,0,47.600495615193054,8.278620028899688,Rietheim,True,False,838.0,AG
5324,1021,73876.92418032787,Full-Reuenthal,AG,0,0,0,0,0,0,0,47.61386290443138,8.204186266423886,Full-Reuenthal,True,False,1021.0,AG
5325,1639,64665.84810126582,Leibstadt,AG,0,0,0,0,0,0,0,47.59086308885789,8.173927259562534,Leibstadt,True,False,1639.0,AG
5326,727,65076.41803278688,Schwaderloch,AG,0,0,0,0,0,0,0,47.58572484312079,8.14393170795336,Schwaderloch,True,False,727.0,AG
5330,4933,65107.72361809045,Zurzach,AG,0,1,1,0,1,1,2,47.58706500760843,8.293722690431085,Bad Zurzach,True,True,4933.0,AG
5332,979,65107.72361809045,Zurzach,AG,0,0,0,0,0,0,0,47.57117409620767,8.319914827111972,Rekingen AG,True,False,979.0,AG
5333,280,65107.72361809045,Zurzach,AG,0,0,0,0,0,0,0,47.555325516019,8.316449890056486,Baldingen,True,False,280.0,AG
5334,159,65107.72361809045,Zurzach,AG,0,0,0,0,0,0,0,47.55418626066678,8.332533960361054,Böbikon,True,False,159.0,AG
5400,14863,76177.58971914009,Baden,AG,0,1,0,1,1,2,1,47.47408448816673,8.30015870236741,Baden,True,True,14863.0,AG
5405,3317,76152.61600441772,"Baden, Fislisbach",AG,0,1,0,0,0,1,0,47.45026644438379,8.28987406700774,Dättwil AG,True,False,3317.0,AG
5406,2723,76504.06562577143,"Baden, Birmenstorf (AG)",AG,0,0,0,0,0,0,0,47.43774787731376,8.264181103012668,Rütihof,True,False,2723.0,AG
5408,3783,97146.62623120789,Ennetbaden,AG,0,0,0,0,0,0,0,47.48092720841088,8.319560991188133,Ennetbaden,True,False,3783.0,AG
5412,5840,72907.46110744891,Gebenstorf,AG,1,1,1,0,1,2,2,47.48717549440818,8.240751405268295,Gebenstorf,True,True,5840.0,AG
5413,2991,80314.38529226901,Birmenstorf (AG),AG,0,0,0,0,0,0,0,47.460910493086224,8.251244401293967,Birmenstorf AG,True,False,2991.0,AG
5415,7506,75564.08256274769,Obersiggenthal,AG,0,1,1,0,1,1,2,47.486475664547925,8.30257078261228,Nussbaumen AG,True,True,7506.0,AG
5416,1525,75493.78961329458,"Obersiggenthal, Untersiggenthal",AG,0,0,0,0,0,0,0,47.4986276957188,8.273507272640718,Kirchdorf AG,True,False,1525.0,AG
5417,7353,70517.9268231138,Untersiggenthal,AG,0,1,1,0,1,1,2,47.49936795713981,8.258016847995513,Untersiggenthal,True,True,7353.0,AG
5420,4919,74973.85861673672,Ehrendingen,AG,0,1,0,0,0,1,0,47.49788349255221,8.343837879863582,Ehrendingen,True,False,4919.0,AG
5423,1117,79757.5142857143,Freienwil,AG,0,0,0,0,0,0,0,47.50261050219677,8.326941739255837,Freienwil,True,False,1117.0,AG
5425,1551,74098.70896391153,Schneisingen,AG,0,0,0,0,0,0,0,47.51897500463238,8.363263431703388,Schneisingen,True,False,1551.0,AG
5426,2944,74976.89670755326,Lengnau (AG),AG,0,0,0,0,0,0,0,47.52265807172703,8.328246042732413,Lengnau AG,True,False,2944.0,AG
5430,22032,71260.67126389177,"Wettingen, Würenlos",AG,1,1,1,1,1,3,2,47.456127711618166,8.332629896672493,Wettingen,True,True,22032.0,AG
5432,9306,59910.83400628084,Neuenhof,AG,0,1,0,0,1,1,1,47.44881492977501,8.326839699506271,Neuenhof,True,True,9306.0,AG
5436,7020,85925.6067090804,Würenlos,AG,0,1,0,0,0,1,0,47.44142859988206,8.36265916331708,Würenlos,True,False,7020.0,AG
5442,6134,68173.1939747925,Fislisbach,AG,1,0,1,0,1,1,2,47.437650181202486,8.29007718886948,Fislisbach,True,True,6134.0,AG
5443,4751,81820.91064175467,Niederrohrdorf,AG,0,1,0,0,0,1,0,47.42450268017933,8.304260631105528,Niederrohrdorf,True,False,4751.0,AG
5444,1978,72795.73586744639,Künten,AG,0,0,0,0,0,0,0,47.3887397942762,8.330275611472485,Künten,True,False,1978.0,AG
5445,1063,79312.81785714286,Eggenwil,AG,0,0,0,0,0,0,0,47.36932679973622,8.340979991730817,Eggenwil,True,False,1063.0,AG
5452,4265,87964.8631211857,Oberrohrdorf,AG,0,0,0,0,0,0,0,47.42102845128032,8.31531013623287,Oberrohrdorf,True,False,4265.0,AG
5453,2102,84986.66958808065,Remetschwil,AG,0,0,0,0,0,0,0,47.409541768991055,8.324806948737356,Remetschwil,True,False,2102.0,AG
5454,1585,86883.38644067796,Bellikon,AG,0,0,0,0,0,0,0,47.39010996484782,8.346073683289124,Bellikon,True,False,1585.0,AG
5462,876,68700.30347637908,"Oberweningen, Siglistorf","AG, ZH",0,0,0,0,0,0,0,47.53564126777904,8.390466839482311,Siglistorf,True,False,876.0,AG
5463,354,65107.72361809045,Zurzach,AG,0,0,0,0,0,0,0,47.55620445546975,8.36643589209851,Wislikofen,True,False,354.0,AG
5464,371,65107.72361809045,Zurzach,AG,0,0,0,0,0,0,0,47.56562291659699,8.37521179381172,Rümikon AG,True,False,371.0,AG
5465,227,69104.76068376069,Mellikon,AG,0,0,0,0,0,0,0,47.56725535152361,8.350960548839433,Mellikon,True,False,227.0,AG
5466,432,65107.72361809045,Zurzach,AG,0,0,0,0,0,0,0,47.56834255088435,8.418345617890061,Kaiserstuhl AG,True,False,432.0,AG
5467,595,68781.32280701754,Fisibach,AG,0,0,0,0,0,0,0,47.56311868240732,8.408495408079068,Fisibach,True,False,595.0,AG
5502,4472,66257.72013799052,Hunzenschwil,AG,0,0,1,1,0,1,1,47.3855561279094,8.124609742842603,Hunzenschwil,True,False,4472.0,AG
5503,3131,69860.56415094339,Schafisheim,AG,0,0,0,0,0,0,0,47.377880286194895,8.143129126618316,Schafisheim,True,False,3131.0,AG
5504,3297,68718.57090687766,Othmarsingen,AG,0,1,0,0,0,1,0,47.40164299851014,8.214915562433292,Othmarsingen,True,False,3297.0,AG
5505,971,74451.33823529411,Brunegg,AG,0,0,0,0,0,0,0,47.41859161139515,8.21717684401712,Brunegg,True,False,971.0,AG
5506,2310,71623.75308147632,"Mägenwil, Wohlenschwil",AG,0,0,0,0,0,0,0,47.415195792061525,8.238316267879027,Mägenwil,True,False,2310.0,AG
5507,6324,69581.19347617525,Mellingen,AG,0,1,0,0,1,1,1,47.4176492055192,8.273616519567419,Mellingen,True,True,6324.0,AG
5512,1871,73036.70010559662,Wohlenschwil,AG,0,0,1,0,0,0,1,47.41401078660163,8.257909932883244,Wohlenschwil,True,False,1871.0,AG
5522,1533,69569.20736825847,"Hägglingen, Tägerig",AG,0,0,0,0,0,0,0,47.39732940172034,8.27683535819287,Tägerig,True,False,1533.0,AG
5524,3030,72755.62789281365,Niederwil (AG),AG,0,0,0,0,0,0,0,47.38302203867703,8.293581377611957,Niederwil AG,True,False,3030.0,AG
5525,1887,67711.92438764643,Fischbach-Göslikon,AG,0,0,0,0,0,0,0,47.37045265783433,8.307937809066043,Fischbach-Göslikon,True,False,1887.0,AG
5600,12123,72518.21637971925,"Ammerswil, Lenzburg",AG,0,0,0,0,1,0,1,47.3790093015361,8.190767361808636,Lenzburg,True,True,12123.0,AG
5603,4411,78867.39948231234,Staufen,AG,0,1,2,0,0,1,2,47.382607719899866,8.16694973586604,Staufen,True,False,4411.0,AG
5604,1404,65856.62526627492,"Dottikon, Hendschiken, Othmarsingen",AG,0,0,0,0,0,0,0,47.39117571075558,8.223862900901455,Hendschiken,True,False,1404.0,AG
5605,5327,66274.86693705285,"Dottikon, Villmergen",AG,0,1,1,0,0,1,1,47.37564305775384,8.238126908083188,Dottikon,True,False,5327.0,AG
5606,2405,68869.29274193548,Dintikon,AG,0,0,0,0,0,0,0,47.36430277516738,8.227359187393835,Dintikon,True,False,2405.0,AG
5607,2702,77305.68175287357,Hägglingen,AG,0,0,0,0,0,0,0,47.38864758174025,8.252566553451187,Hägglingen,True,False,2702.0,AG
5608,2540,73096.3934681182,Stetten (AG),AG,0,0,0,0,0,0,0,47.40114604814205,8.307511162313817,Stetten AG,True,False,2540.0,AG
5610,16645,64603.67597380207,"Villmergen, Wohlen (AG)",AG,1,1,1,1,1,3,2,47.34963017424031,8.268687185577999,Wohlen AG,True,True,16645.0,AG
5611,1524,64627.47354748531,"Villmergen, Wohlen (AG)",AG,0,0,0,0,0,0,0,47.36360712805404,8.25878392479557,Anglikon,True,False,1524.0,AG
5612,6848,66133.19128224347,"Villmergen, Wohlen (AG)",AG,1,1,1,0,1,2,2,47.35060275483404,8.253395884648082,Villmergen,True,True,6848.0,AG
5613,347,66143.01299338073,Villmergen,AG,0,0,0,0,0,0,0,47.33315276731505,8.247023068539681,Hilfikon,True,False,347.0,AG
5614,3182,71407.12886297375,Sarmenstorf,AG,0,0,1,0,0,0,1,47.31102409522809,8.249769515131657,Sarmenstorf,True,False,3182.0,AG
5615,2591,62819.09568816854,"Fahrwangen, Meisterschwanden",AG,0,0,0,0,1,0,1,47.2954642603019,8.238612049881805,Fahrwangen,True,True,2591.0,AG
5616,2875,95018.30857142857,Meisterschwanden,AG,0,1,0,0,0,1,0,47.29506944609929,8.228690056427121,Meisterschwanden,True,False,2875.0,AG
5617,451,95018.30857142857,Meisterschwanden,AG,0,0,0,0,0,0,0,47.30593556419981,8.222053615497353,Tennwil,True,False,451.0,AG
5618,728,74192.85660140279,"Bettwil, Sarmenstorf",AG,0,0,0,0,0,0,0,47.29479126047893,8.264555532724504,Bettwil,True,False,728.0,AG
5619,1708,73373.38401475087,"Büttikon, Uezwil",AG,0,0,0,0,0,0,0,47.322788880975786,8.27256207243255,Büttikon AG,True,False,1708.0,AG
5620,7628,69650.76443148688,Bremgarten (AG),AG,0,1,2,1,1,2,3,47.35023687626527,8.342483516791251,Bremgarten AG,True,True,7628.0,AG
5621,4960,80016.08539839878,Zufikon,AG,0,0,1,0,0,0,1,47.34978867655242,8.355975923753775,Zufikon,True,False,4960.0,AG
5622,3291,70707.38672102505,Waltenschwil,AG,0,0,1,0,0,0,1,47.33497578305867,8.300889569213629,Waltenschwil,True,False,3291.0,AG
5623,3163,66609.46483909416,Boswil,AG,0,0,0,0,0,0,0,47.30025497869952,8.314067450461353,Boswil,True,False,3163.0,AG
5624,1247,68052.92368839428,Bünzen,AG,0,0,0,0,0,0,0,47.31896356543732,8.320087793853311,Bünzen,True,False,1247.0,AG
5625,419,82389.39795918367,Kallern,AG,0,0,0,0,0,0,0,47.31089487529104,8.29261816315806,Kallern,True,False,419.0,AG
5626,1274,69650.76443148688,Bremgarten (AG),AG,0,0,0,0,0,0,0,47.33075093770998,8.34055253430962,Hermetschwil-Staffeln,True,False,1274.0,AG
5627,677,72795.82183908045,Besenbüren,AG,0,0,0,0,0,0,0,47.312616589756686,8.344055211964184,Besenbüren,True,False,677.0,AG
5628,1655,80232.29865361078,Aristau,AG,0,0,0,0,0,0,0,47.2890164752883,8.361846087537323,Aristau,True,False,1655.0,AG
5630,8868,69845.9595607724,"Aristau, Boswil, Muri (AG)",AG,0,1,1,1,1,2,2,47.28334250425647,8.332613780657946,Muri AG,True,True,8868.0,AG
5632,1353,69684.91229284475,"Bettwil, Boswil, Buttwil",AG,0,0,0,0,0,0,0,47.2752865834502,8.302656803499902,Buttwil,True,False,1353.0,AG
5634,3213,73148.33982573039,Merenschwand,AG,0,0,0,0,0,0,0,47.25989253195653,8.376048956062174,Merenschwand,True,False,3213.0,AG
5636,732,73148.33982573039,Merenschwand,AG,0,0,0,0,0,0,0,47.24829695066517,8.366136067974475,Benzenschwil,True,False,732.0,AG
5637,1564,82051.43697994953,"Auw, Beinwil (Freiamt), Geltwil",AG,0,0,0,0,0,0,0,47.23095506322392,8.338364624132874,Beinwil (Freiamt),True,False,1564.0,AG
5642,1374,67189.29662949157,"Auw, Hünenberg, Mühlau","AG, ZG",0,0,0,0,0,0,0,47.22846150902311,8.387571903755802,Mühlau,True,False,1374.0,AG
5643,4038,71134.35290439046,"Auw, Sins",AG,0,1,0,0,0,1,0,47.1984398060888,8.374225807635742,Sins,True,False,4038.0,AG
5644,2319,74456.6669699727,Auw,AG,0,0,0,0,0,0,0,47.21117924686905,8.365426299000342,Auw,True,False,2319.0,AG
5645,509,71088.71718480138,Sins,AG,0,0,0,0,0,0,0,47.1721195329696,8.371233513076483,Aettenschwil,True,False,509.0,AG
5646,1107,68732.32241379311,Abtwil,AG,0,0,0,0,0,0,0,47.174989770495735,8.355472771595098,Abtwil AG,True,False,1107.0,AG
5647,1631,74446.58779576588,Oberrüti,AG,0,0,0,0,0,0,0,47.16580385136909,8.39653357574684,Oberrüti,True,False,1631.0,AG
5702,4966,67172.45945945945,Niederlenz,AG,1,0,0,1,0,2,0,47.40170051950157,8.174483725418838,Niederlenz,True,False,4966.0,AG
5703,5716,67888.79178222801,"Egliswil, Seon",AG,0,1,0,0,1,1,1,47.35142933701311,8.165955311970382,Seon,True,True,5716.0,AG
5704,1627,70139.88838782413,Egliswil,AG,0,0,0,0,0,0,0,47.34945148952457,8.186945046760071,Egliswil,True,False,1627.0,AG
5705,1040,60699.2928452579,Hallwil,AG,0,0,0,0,0,0,0,47.32770295332424,8.17563316206533,Hallwil,True,False,1040.0,AG
5706,1792,68397.18591845418,"Boniswil, Leutwil",AG,0,0,0,0,0,0,0,47.31495985215546,8.182936777406223,Boniswil,True,False,1792.0,AG
5707,4516,83205.95146409947,Seengen,AG,0,0,0,0,0,0,0,47.32562404291463,8.207526073408486,Seengen,True,False,4516.0,AG
5708,1420,72221.5681892753,"Birrwil, Boniswil",AG,0,0,0,0,0,0,0,47.29476980532037,8.19693441777542,Birrwil,True,False,1420.0,AG
5712,3711,73553.28845184065,Beinwil am See,AG,0,0,0,0,0,0,0,47.26591033749551,8.20295360353436,Beinwil am See,True,False,3711.0,AG
5722,8690,67428.43622150547,"Gränichen, Unterkulm",AG,0,1,0,0,1,1,1,47.349190994117336,8.10147060684546,Gränichen,True,True,8690.0,AG
5723,1793,62005.84834751133,"Gränichen, Teufenthal (AG), Unterkulm",AG,0,0,0,0,0,0,0,47.332402615714045,8.113081727169416,Teufenthal AG,True,False,1793.0,AG
5724,1389,70738.34564000375,"Dürrenäsch, Teufenthal (AG)",AG,0,0,0,0,0,0,0,47.32695025894489,8.150777428030771,Dürrenäsch,True,False,1389.0,AG
5725,762,67207.2737556561,Leutwil,AG,0,0,0,0,0,0,0,47.30923357797162,8.173288682221573,Leutwil,True,False,762.0,AG
5726,3799,60286.36972831101,"Dürrenäsch, Unterkulm",AG,0,1,0,0,0,1,0,47.31539385449999,8.121407422329888,Unterkulm,True,False,3799.0,AG
5727,3026,62488.12029081295,Oberkulm,AG,0,0,0,0,0,0,0,47.30142949157581,8.121466375629694,Oberkulm,True,False,3026.0,AG
5728,2229,61485.6507413509,Gontenschwil,AG,0,0,0,0,0,0,0,47.27046360145746,8.1448184941615,Gontenschwil,True,False,2229.0,AG
5732,1402,63572.58721704394,Zetzwil,AG,0,0,0,0,0,0,0,47.28718018052061,8.151464122227335,Zetzwil,True,False,1402.0,AG
5733,529,68409.82291666667,Leimbach (AG),AG,0,0,0,0,0,0,0,47.27282944099615,8.169338776330054,Leimbach AG,True,False,529.0,AG
5734,9858,57241.2596875634,Reinach (AG),AG,1,1,1,1,1,3,2,47.256229169257495,8.182719971115867,Reinach AG,True,True,9858.0,AG
5735,985,65437.25477707006,Rickenbach (LU),LU,0,0,0,0,0,0,0,47.24772747652458,8.175943941212346,Pfeffikon LU,True,False,985.0,LU
5736,1213,59390.72266514807,Menziken,AG,0,0,0,0,0,0,0,47.236117107830296,8.179811913963498,Burg AG,True,False,1213.0,AG
5737,7696,59390.72266514807,Menziken,AG,0,0,1,0,1,0,2,47.24038836586578,8.189750629044445,Menziken,True,True,7696.0,AG
5742,5125,66142.84011054086,Kölliken,AG,0,1,0,0,0,1,0,47.33483012300604,8.022475022393914,Kölliken,True,False,5125.0,AG
5745,4629,61969.73300370828,Safenwil,AG,0,0,0,0,0,0,0,47.3216163366096,7.982065258985992,Safenwil,True,False,4629.0,AG
5746,800,62747.639392647085,"Dulliken, Walterswil (SO)",SO,0,0,0,0,0,0,0,47.33058595799001,7.958077246574078,Walterswil SO,True,False,800.0,SO
6000,356,,,,0,0,0,0,0,0,0,,,,False,False,356.0,
6003,18285,65553.94320903864,Luzern,LU,1,6,2,1,4,8,6,47.04825953820029,8.301124245756101,Luzern,True,True,4571.25,LU
6004,9682,65555.71225055808,"Ebikon, Luzern",LU,1,1,1,1,2,3,3,47.06037129918205,8.300614516756122,Luzern,True,True,4841.0,LU
6005,23845,72824.09421492566,"Horw, Kriens, Luzern",LU,1,4,4,0,3,5,7,47.0358965453968,8.312703866505856,Luzern,True,True,7948.333333333333,LU
6006,18509,65666.27745537294,"Ebikon, Luzern, Meggen",LU,0,1,1,0,3,1,4,47.054513264990135,8.33249022124497,Luzern,True,True,6169.666666666667,LU
6010,26551,67221.77599574834,"Alpnach, Hergiswil (NW), Kriens","LU, NW, OW",2,1,3,0,2,3,5,47.000676260756,8.262881022135344,Kriens,True,True,13275.5,OW
6012,3354,65533.30943604866,Kriens,LU,0,0,0,0,0,0,0,47.032253008515255,8.252305378458827,Obernau,True,False,3354.0,LU
6013,237,69799.21930442432,"Hergiswil (NW), Kriens, Schwarzenberg","LU, NW",0,0,0,0,0,0,0,47.00280068279818,8.22227255108586,Eigenthal,True,False,237.0,LU
6014,10137,65496.175311699844,"Luzern, Malters",LU,1,1,1,0,2,2,3,47.05317872138909,8.249338764676342,Luzern,True,True,5068.5,LU
6015,8287,65553.94320903864,Luzern,LU,0,0,1,0,1,0,2,47.06405523595088,8.278116430057203,Luzern,True,True,8287.0,LU
6016,1375,66522.59327019664,"Luzern, Malters, Neuenkirch, Ruswil",LU,0,0,0,0,0,0,0,47.06889679733732,8.198260471081133,Hellbühl,True,False,1375.0,LU
6017,6298,64255.63686728784,Ruswil,LU,0,1,1,0,1,1,2,47.085168506528326,8.123335087796757,Ruswil,True,True,6298.0,LU
6018,3516,68328.59268292466,"Buttisholz, Oberkirch, Ruswil",LU,0,0,0,0,0,0,0,47.11676013371285,8.093932392641893,Buttisholz,True,False,3516.0,LU
6019,459,64267.51401302117,"Malters, Ruswil",LU,0,0,0,0,0,0,0,47.05408808239768,8.143634479907504,Sigigen,True,False,459.0,LU
6020,24089,58386.96949704709,"Ebikon, Emmen, Luzern",LU,1,3,3,1,4,5,7,47.06987143456923,8.285926060742582,Emmenbrücke,True,True,6022.25,LU
6022,3497,64786.75876524214,"Buttisholz, Ettiswil, Grosswangen",LU,0,1,1,0,0,1,1,47.136294239428935,8.054847853427342,Grosswangen,True,False,3497.0,LU
6023,7980,73757.48192497583,"Emmen, Neuenkirch, Rothenburg",LU,1,1,2,0,1,2,3,47.09893075904872,8.250418283368992,Rothenburg,True,True,7980.0,LU
6024,2468,85331.38323926757,"Hildisrieden, Neuenkirch, Sempach",LU,0,0,0,0,0,0,0,47.147309059055566,8.220412778167224,Hildisrieden,True,False,2468.0,LU
6025,1537,66526.65910348644,Beromünster,LU,0,0,0,0,0,0,0,47.17778402353777,8.208594795572404,Neudorf,True,False,1537.0,LU
6026,3371,78701.45558267068,"Eschenbach (LU), Rain, Rothenburg, Römerswil",LU,0,0,0,0,1,0,1,47.13016219899691,8.269077543465936,Rain,True,True,3371.0,LU
6027,1046,66749.22980062959,Römerswil,LU,0,0,0,0,0,0,0,47.16956828270026,8.247098305277241,Römerswil LU,True,False,1046.0,LU
6028,236,66735.39703180213,"Beromünster, Römerswil",LU,0,0,0,0,0,0,0,47.20046132163654,8.227902892314335,Herlisberg,True,False,236.0,LU
6030,14685,66708.31293114753,"Adligenswil, Buchrain, Ebikon",LU,0,1,1,1,2,2,3,47.08243903085799,8.34775583300464,Ebikon,True,True,7342.5,LU
6032,8728,58562.45685223619,"Ebikon, Emmen",LU,0,0,0,0,0,0,0,47.08168154263303,8.306580134836484,Emmen,True,False,8728.0,LU
6033,6187,73379.72230215828,Buchrain,LU,0,0,1,0,1,0,2,47.09687636960648,8.350566648602909,Buchrain,True,True,6187.0,LU
6034,3047,73933.87204427931,"Ballwil, Dietwil, Eschenbach (LU), Inwil, Sins","AG, LU",0,0,0,0,0,0,0,47.13288648699883,8.358176634213434,Inwil,True,False,3047.0,LU
6035,847,71765.1025545444,"Buchrain, Root",LU,0,0,0,1,0,1,0,47.10964976573838,8.363525416969228,Perlen,True,False,847.0,LU
6036,1691,70862.74493444577,Dierikon,LU,1,0,0,0,1,1,1,47.09456915825036,8.367954250651328,Dierikon,True,True,1691.0,LU
6037,6025,68653.5337558937,"Dierikon, Root",LU,0,1,0,0,1,1,1,47.1074221304464,8.379166416931302,Root,True,True,6025.0,LU
6038,2176,76925.40031403406,"Gisikon, Inwil, Root",LU,1,0,0,0,0,1,0,47.12770706726293,8.400928056325037,Gisikon,True,False,2176.0,LU
6039,69,68648.92901878915,Root,LU,0,0,0,0,0,0,0,47.103541258330765,8.374170098939125,Root D4,True,False,69.0,LU
6042,1467,74083.79514824798,Dietwil,AG,0,0,0,0,0,0,0,47.14830418509373,8.391539618301948,Dietwil,True,False,1467.0,AG
6043,5702,81283.15985003408,Adligenswil,LU,0,1,0,0,1,1,1,47.07037816052481,8.364849060491428,Adligenswil,True,True,5702.0,LU
6044,2503,85497.66131447771,"Root, Udligenswil",LU,0,0,0,0,0,0,0,47.095672674276415,8.397328153367248,Udligenswil,True,False,2503.0,LU
6045,7707,122977.51215482652,Meggen,LU,0,1,0,0,0,1,0,47.048210156932434,8.371862700105556,Meggen,True,False,7707.0,LU
6047,1289,79637.31443661972,Horw,LU,0,0,0,0,0,0,0,47.010074217366736,8.336190518862132,Kastanienbaum,True,False,1289.0,LU
6048,13042,79515.73791351481,"Horw, Kriens",LU,0,2,1,1,1,3,2,47.02020756549766,8.308171083911828,Horw,True,True,13042.0,LU
6052,6308,131591.43101115883,"Hergiswil (NW), Horw","LU, NW",0,2,0,0,1,2,1,46.99393928815908,8.310092832860342,Hergiswil NW,True,True,6308.0,NW
6053,861,68841.43437037036,Alpnach,OW,0,0,0,0,0,0,0,46.96580524354325,8.287855558609696,Alpnachstad,True,False,861.0,OW
6055,5731,68841.43437037036,Alpnach,OW,0,2,0,0,1,2,1,46.936879757885805,8.26264258994994,Alpnach Dorf,True,True,5731.0,OW
6056,1309,76683.14815444803,Sarnen,OW,0,0,0,0,0,0,0,46.91957576207437,8.258359945714993,Kägiswil,True,False,1309.0,OW
6060,6642,76683.14815444803,Sarnen,OW,1,1,2,1,1,3,3,46.89773136701928,8.238360867797766,Sarnen,True,True,6642.0,OW
6062,1585,76683.14815444803,Sarnen,OW,0,0,0,0,0,0,0,46.87427142385037,8.210746806718381,Wilen (Sarnen),True,False,1585.0,OW
6063,1370,76683.14815444803,Sarnen,OW,0,0,0,0,0,0,0,46.88498376593819,8.196166064557302,Stalden (Sarnen),True,False,1370.0,OW
6064,5826,66980.67446285705,"Alpnach, Kerns",OW,0,1,0,0,0,1,0,46.914740264833966,8.280721882093893,Kerns,True,False,5826.0,OW
6066,370,66978.2896375991,Kerns,OW,0,0,0,0,0,0,0,46.877717899847056,8.28441947635908,St. Niklausen OW,True,False,370.0,OW
6067,367,67420.4431852701,"Kerns, Sachseln",OW,0,0,0,0,0,0,0,46.836001020636346,8.2909085606211,Melchtal,True,False,367.0,OW
6068,27,66978.2896375991,Kerns,OW,0,0,0,0,0,0,0,46.775636180590176,8.27294538421424,Melchsee-Frutt,True,False,27.0,OW
6072,4459,71268.12710408794,Sachseln,OW,0,0,1,0,0,0,1,46.865262341587325,8.235013018195795,Sachseln,True,False,4459.0,OW
6073,635,71268.12710408794,Sachseln,OW,0,0,0,0,0,0,0,46.87273242691918,8.261214595255769,Flüeli-Ranft,True,False,635.0,OW
6074,4188,61331.482106603486,"Giswil, Sachseln",OW,0,1,0,0,0,1,0,46.84596810707048,8.179779888542846,Giswil,True,False,4188.0,OW
6078,2132,62331.70646319569,Lungern,OW,0,0,0,0,0,0,0,46.79918601079225,8.16225200852306,Lungern,True,False,2132.0,OW
6083,389,53324.44424778761,Hasliberg,BE,0,0,0,0,0,0,0,46.74965720651568,8.176021986372344,Hasliberg Hohfluh,True,False,389.0,BE
6084,109,53324.44424778761,Hasliberg,BE,0,0,0,0,0,0,0,46.74927439425273,8.202780753882047,Hasliberg Wasserwendi,True,False,109.0,BE
6085,315,53324.44424778761,Hasliberg,BE,0,0,0,0,0,0,0,46.7393032082409,8.199302857811993,Hasliberg Goldern,True,False,315.0,BE
6086,312,53324.44424778761,Hasliberg,BE,0,0,0,0,0,0,0,46.73000347463573,8.216362706070983,Hasliberg Reuti,True,False,312.0,BE
6102,7591,64782.57323522649,Malters,LU,0,1,1,0,1,1,2,47.03843931458837,8.17960815465034,Malters,True,True,7591.0,LU
6103,1587,67983.35245046923,Schwarzenberg,LU,0,0,0,0,0,0,0,47.01507401559944,8.177457514773488,Schwarzenberg LU,True,False,1587.0,LU
6105,1327,59830.60882202005,"Entlebuch, Ruswil, Werthenstein",LU,0,0,0,0,0,0,0,47.02980697053579,8.130006907165049,Schachen LU,True,False,1327.0,LU
6106,835,62534.02417063766,"Ruswil, Werthenstein",LU,0,0,0,0,0,0,0,47.05178787458284,8.100923169696804,Werthenstein,True,False,835.0,LU
6110,5373,55330.639221870486,"Doppleschwand, Entlebuch, Menznau, Romoos, Ruswil, Werthenstein, Wolhusen",LU,1,1,0,0,1,2,1,47.04115856324157,8.054657945607799,Wolhusen,True,True,5373.0,LU
6112,839,60634.1213483146,Doppleschwand,LU,0,0,0,0,0,0,0,47.01763732990834,8.053986905768753,Doppleschwand,True,False,839.0,LU
6113,525,49942.48538011696,Romoos,LU,0,0,0,0,0,0,0,47.00771450242706,8.016079058121344,Romoos,True,False,525.0,LU
6114,301,60814.436276642016,Wolhusen,LU,0,0,0,0,0,0,0,47.04622908686901,8.046352996073956,Steinhuserberg,True,False,301.0,LU
6122,2211,58293.62840336204,"Menznau, Willisau, Wolhusen",LU,0,0,1,0,0,0,1,47.07737268422651,8.034158362922101,Menznau,True,False,2211.0,LU
6123,534,58261.75347432024,Menznau,LU,0,0,0,0,0,0,0,47.092227540762295,8.058741457382812,Geiss,True,False,534.0,LU
6125,485,58478.30637873741,"Hergiswil bei Willisau, Menznau, Willisau",LU,0,0,0,0,0,0,0,47.0457338646688,7.98988355938225,Menzberg,True,False,485.0,LU
6126,209,62260.010333863276,Willisau,LU,0,0,0,0,0,0,0,47.09149238353891,8.01325367513678,Daiwil,True,False,209.0,LU
6130,7755,62223.48976580819,"Hergiswil bei Willisau, Menznau, Willisau",LU,1,1,1,1,1,3,2,47.10409665455416,7.999631794124808,Willisau,True,True,7755.0,LU
6132,157,59854.9002479832,"Hergiswil bei Willisau, Willisau",LU,0,0,0,0,0,0,0,47.08254145161741,7.980430244125875,Rohrmatt,True,False,157.0,LU
6133,1828,56864.21714096675,"Hergiswil bei Willisau, Willisau",LU,0,0,0,0,0,0,0,47.08563616289206,7.951498098028757,Hergiswil b. Willisau,True,False,1828.0,LU
6142,1168,62260.010333863276,Willisau,LU,0,0,0,0,0,0,0,47.140373989451234,7.9697337012004414,Gettnau,True,False,1168.0,LU
6143,364,63056.46433211154,"Schötz, Willisau",LU,0,0,0,0,0,0,0,47.15354981181653,7.963224385580323,Ohmstal,True,False,364.0,LU
6144,2015,60176.288266516596,"Altishofen, Willisau, Zell (LU)",LU,0,0,0,0,1,0,1,47.139008044193055,7.928876777075946,Zell LU,True,True,2015.0,LU
6145,757,56099.03166733575,"Fischbach, Grossdietwil",LU,0,0,0,0,0,0,0,47.15146167037453,7.897699350225229,Fischbach LU,True,False,757.0,LU
6146,818,62407.458625401065,"Grossdietwil, Melchnau","BE, LU",0,0,0,0,0,0,0,47.16814462301548,7.881770147884255,Grossdietwil,True,False,818.0,LU
6147,1108,67030.03990429036,"Altbüron, Grossdietwil, Melchnau, Pfaffnau","BE, LU",0,0,0,0,0,0,0,47.18953038362128,7.881372552845027,Altbüron,True,False,1108.0,LU
6152,245,59896.63276223733,"Fischbach, Zell (LU)",LU,0,0,0,0,0,0,0,47.12888718508046,7.898658347607665,Hüswil,True,False,245.0,LU
6153,936,56583.355408357085,"Fischbach, Luthern, Ufhusen, Zell (LU)",LU,0,0,0,0,0,0,0,47.11104251690109,7.900500523577789,Ufhusen,True,False,936.0,LU
6154,442,51478.12993125584,"Luthern, Willisau",LU,0,0,0,0,0,0,0,47.091970656153045,7.916506264787456,Hofstatt,True,False,442.0,LU
6156,828,51436.49405752006,"Hergiswil bei Willisau, Luthern, Willisau",LU,0,0,0,0,0,0,0,47.06352862194046,7.9228930864806095,Luthern,True,False,828.0,LU
6162,2939,58484.88165402247,"Entlebuch, Hasle (LU)",LU,0,2,1,0,0,2,1,46.97948747514252,8.091976951015114,Entlebuch,True,False,2939.0,LU
6163,465,58624.27332601537,Entlebuch,LU,0,0,0,0,0,0,0,47.02146387022719,8.078036411740534,Ebnet,True,False,465.0,LU
6166,1841,55146.12850542079,"Entlebuch, Hasle (LU), Romoos",LU,0,0,0,0,0,0,0,46.98153494414466,8.03178895668074,Hasle LU,True,False,1841.0,LU
6167,48,49942.48538011696,Romoos,LU,0,0,0,0,0,0,0,46.98119792948291,7.982592847995544,Bramboden,True,False,48.0,LU
6170,4319,56824.540557106164,"Entlebuch, Escholzmatt-Marbach, Flühli, Hasle (LU), Romoos, Schüpfheim",LU,0,1,0,0,1,1,1,46.94376411228479,8.019018839468423,Schüpfheim,True,True,4319.0,LU
6173,1060,53908.83342086385,"Escholzmatt-Marbach, Flühli",LU,0,0,1,0,0,0,1,46.90094056172422,8.013968044249312,Flühli LU,True,False,1060.0,LU
6174,847,54015.73745470435,"Flühli, Giswil","LU, OW",0,0,0,0,0,0,0,46.80802809553889,8.047168540080758,Sörenberg,True,False,847.0,LU
6182,2751,52667.836790606656,Escholzmatt-Marbach,LU,0,0,1,0,0,0,1,46.91806508448223,7.9419395157930595,Escholzmatt,True,False,2751.0,LU
6192,537,52763.04014472505,"Escholzmatt-Marbach, Flühli",LU,0,0,0,0,0,0,0,46.88122351166434,7.9423574661708916,Wiggen,True,False,537.0,LU
6196,1267,52667.836790606656,Escholzmatt-Marbach,LU,0,0,0,0,0,0,0,46.85982062743209,7.898918952418274,Marbach LU,True,False,1267.0,LU
6197,996,51960.33665726294,"Eggiwil, Eriz, Escholzmatt-Marbach, Flühli, Habkern, Schangnau","BE, LU",0,0,0,0,0,0,0,46.809085964546426,7.897907739392668,Schangnau,True,False,996.0,BE
6203,1436,68586.53772635815,Neuenkirch,LU,1,0,0,0,1,1,1,47.11634574743405,8.196524463272898,Sempach Station,True,True,1436.0,LU
6204,4450,79343.28068139458,"Neuenkirch, Sempach",LU,0,1,0,0,0,1,0,47.13359384658252,8.207972936774361,Sempach,True,False,4450.0,LU
6205,1773,95533.4349593496,Eich,LU,0,0,0,0,0,0,0,47.1562714246866,8.167946052073026,Eich,True,False,1773.0,LU
6206,4846,68171.424864458,"Emmen, Neuenkirch, Rothenburg, Ruswil",LU,0,0,0,0,1,0,1,47.09451363677633,8.20975684999261,Neuenkirch,True,True,4846.0,LU
6207,4127,73224.3461489571,"Neuenkirch, Nottwil, Oberkirch, Ruswil",LU,0,1,1,0,0,1,1,47.12524285135025,8.13537929036852,Nottwil,True,False,4127.0,LU
6208,4219,81471.07114044738,Oberkirch,LU,0,0,0,0,0,0,0,47.159215417102125,8.112940391167797,Oberkirch LU,True,False,4219.0,LU
6210,12647,69318.09024679812,"Mauensee, Oberkirch, Schenkon, Sursee",LU,1,1,1,1,1,3,2,47.17148977014904,8.105006169511274,Sursee,True,True,12647.0,LU
6211,420,67693.30711139081,Dagmersellen,LU,0,0,0,0,0,0,0,47.20118816492935,8.036023238109484,Buchs LU,True,False,420.0,LU
6212,2032,75972.44878222476,"Knutwil, Mauensee",LU,0,0,0,0,0,0,0,47.18401391827694,8.06611794653326,St. Erhard,True,False,2032.0,LU
6213,851,74668.0965689471,"Knutwil, Triengen",LU,0,0,0,0,0,0,0,47.206347197362575,8.072147796007473,Knutwil,True,False,851.0,LU
6214,3140,94534.48516528227,"Eich, Schenkon",LU,0,1,0,0,0,1,0,47.1731932997443,8.14374545918006,Schenkon,True,False,3140.0,LU
6215,3604,66526.65910348644,Beromünster,LU,0,1,1,0,0,1,1,47.21940173877073,8.202878636180452,Beromünster,True,False,3604.0,LU
6216,591,77402.56528396852,"Mauensee, Oberkirch",LU,0,0,0,0,0,0,0,47.16674837922936,8.080701576533686,Mauensee,True,False,591.0,LU
6217,541,64355.14778645834,Ettiswil,LU,0,0,0,0,0,0,0,47.16255365386576,8.043109725104454,Kottwil,True,False,541.0,LU
6218,2336,64355.14778645834,Ettiswil,LU,0,0,0,0,0,0,0,47.14989471708044,8.019206933355942,Ettiswil,True,False,2336.0,LU
6221,3026,65557.96077643699,"Beromünster, Rickenbach (LU)",LU,0,0,1,0,0,0,1,47.21375668319996,8.154723116412491,Rickenbach LU,True,False,3026.0,LU
6222,1695,66866.89981553615,"Beromünster, Schenkon",LU,0,0,0,0,0,0,0,47.18890929108412,8.16659271499395,Gunzwil,True,False,1695.0,LU
6231,994,73155.9801980198,Schlierbach,LU,0,0,0,0,0,0,0,47.226298116784605,8.113337197764189,Schlierbach,True,False,994.0,LU
6232,3069,70542.16451393609,Geuensee,LU,0,0,0,0,0,0,0,47.1984374062954,8.109264246019064,Geuensee,True,False,3069.0,LU
6233,2759,64374.66806136681,Büron,LU,0,0,0,0,0,0,0,47.21186646206354,8.095294622149767,Büron,True,False,2759.0,LU
6234,3903,65460.81462245306,Triengen,LU,0,1,1,0,0,1,1,47.245027375059,8.08232871302122,Triengen,True,False,3903.0,LU
6235,924,65567.12591477628,"Dagmersellen, Triengen",LU,0,0,0,0,0,0,0,47.23315178332196,8.038520088215307,Winikon,True,False,924.0,LU
6236,249,65460.81462245306,Triengen,LU,0,0,0,0,0,0,0,47.22090445764,8.063282883547716,Wilihof,True,False,249.0,LU
6242,2724,69051.09336927498,"Mauensee, Wauwil",LU,0,1,1,0,0,1,1,47.1857643206648,8.031998404658612,Wauwil,True,False,2724.0,LU
6243,1661,72743.37513631406,Egolzwil,LU,0,0,0,0,1,0,1,47.18527038452021,8.006924286753437,Egolzwil,True,True,1661.0,LU
6244,2969,68679.95795974304,"Altishofen, Egolzwil, Nebikon",LU,0,0,1,0,0,0,1,47.18696423583456,7.973732092305002,Nebikon,True,False,2969.0,LU
6245,371,70154.57468871085,"Altishofen, Grossdietwil",LU,0,0,0,0,0,0,0,47.18479445674958,7.931509366311637,Ebersecken,True,False,371.0,LU
6246,1694,70507.41333493487,"Altishofen, Dagmersellen",LU,0,0,0,0,0,0,0,47.20818907461005,7.963377569100099,Altishofen,True,False,1694.0,LU
6247,4627,63107.24651501834,"Altishofen, Schötz",LU,1,1,1,0,0,2,1,47.17005744529046,7.973477620023715,Schötz,True,False,4627.0,LU
6248,747,64297.97014495107,"Alberswil, Ettiswil, Willisau",LU,0,0,1,0,0,0,1,47.14166496425492,8.002779189150047,Alberswil,True,False,747.0,LU
6252,4855,67646.04502465973,"Dagmersellen, Reiden",LU,0,1,1,0,1,1,2,47.22282025103229,7.97964131008055,Dagmersellen,True,True,4855.0,LU
6253,840,67693.30711139081,Dagmersellen,LU,0,0,0,0,0,0,0,47.21235139125953,8.020095779402505,Uffikon,True,False,840.0,LU
6260,5793,63629.80699980805,"Dagmersellen, Reiden, Wikon",LU,0,1,1,0,2,1,3,47.25219112845014,7.993924311373791,Reiden,True,True,2896.5,LU
6262,1140,62424.40112130479,Reiden,LU,0,0,0,1,0,1,0,47.22925808598616,7.960725607559439,Langnau b. Reiden,True,False,1140.0,LU
6263,812,62529.52392922479,"Altishofen, Reiden",LU,0,0,0,0,0,0,0,47.207580397771984,7.943572274599658,Richenthal,True,False,812.0,LU
6264,1937,64149.99317948049,"Brittnau, Pfaffnau","AG, LU",0,0,0,0,0,0,0,47.23698204008672,7.904600592985911,Pfaffnau,True,False,1937.0,LU
6265,832,62994.30696686526,"Pfaffnau, Roggliswil",LU,0,0,0,0,0,0,0,47.20986730211462,7.89551261715687,Roggliswil,True,False,832.0,LU
6274,3760,73887.64550132694,"Ballwil, Eschenbach (LU), Hochdorf",LU,0,1,1,0,0,1,1,47.13700261863757,8.32200606719402,Eschenbach LU,True,False,3760.0,LU
6275,3115,71987.79313287725,"Ballwil, Hochdorf, Hohenrain, Sins","AG, LU",0,0,0,0,0,0,0,47.1536719230212,8.330784168418369,Ballwil,True,False,3115.0,LU
6276,1202,70896.279342723,Hohenrain,LU,0,0,0,0,0,0,0,47.18001462091304,8.317878978728286,Hohenrain,True,False,1202.0,LU
6277,836,70913.11997619989,"Auw, Hohenrain","AG, LU",0,0,0,0,0,0,0,47.20252485796046,8.30813490283886,Kleinwangen,True,False,836.0,LU
6280,9771,65493.56591918927,"Hochdorf, Hohenrain, Römerswil",LU,0,1,1,1,1,2,2,47.16001155210257,8.286783161562868,Hochdorf,True,True,9771.0,LU
6283,937,66101.25677785787,"Hochdorf, Hohenrain, Römerswil",LU,0,0,0,0,0,0,0,47.18586268185513,8.275049247291705,Baldegg,True,False,937.0,LU
6284,1321,68949.04403497814,Hitzkirch,LU,0,0,0,0,0,0,0,47.21770558172332,8.276079697868228,Gelfingen,True,False,1321.0,LU
6285,2846,68949.04403497814,Hitzkirch,LU,0,1,0,0,1,1,1,47.21091381885256,8.253560065541535,Hitzkirch,True,True,2846.0,LU
6286,454,68949.04403497814,Hitzkirch,LU,0,0,0,0,0,0,0,47.23841042528242,8.251903551981894,Altwis,True,False,454.0,LU
6287,1533,76074.73939924895,"Aesch (LU), Schongau",LU,0,0,0,0,0,0,0,47.26351530582244,8.242970284645043,Aesch LU,True,False,1533.0,LU
6288,1049,69897.48253797324,"Hitzkirch, Schongau",LU,0,0,0,0,0,0,0,47.25851201920629,8.280957615376533,Schongau,True,False,1049.0,LU
6289,1146,68949.04403497814,Hitzkirch,LU,0,0,0,0,0,0,0,47.23756144613613,8.283000534094732,Müswangen,True,False,1146.0,LU
6294,1087,71168.08043875685,Ermensee,LU,1,0,0,0,0,1,0,47.22672260697368,8.242099619402083,Ermensee,True,False,1087.0,LU
6295,299,68949.04403497814,Hitzkirch,LU,0,0,0,0,0,0,0,47.244298659441206,8.226513085645223,Mosen,True,False,299.0,LU
6300,29651,123123.35247107288,"Baar, Zug",ZG,0,3,1,2,4,5,5,47.16876928184493,8.517400821700694,Zug,True,True,7412.75,ZG
6312,10449,86508.3124622726,"Baar, Steinhausen",ZG,0,1,2,0,2,1,4,47.19418640156052,8.493517920884319,Steinhausen,True,True,5224.5,ZG
6313,4761,71762.7348837103,"Menzingen, Neuheim",ZG,0,1,0,0,0,1,0,47.17987805236452,8.60017622849271,Menzingen,True,False,4761.0,ZG
6314,9618,87941.1278067719,"Baar, Menzingen, Oberägeri, Unterägeri, Zug",ZG,0,1,1,0,1,1,2,47.14398835854518,8.570738983975177,Unterägeri,True,True,9618.0,ZG
6315,6590,101627.97123972095,"Menzingen, Oberägeri, Sattel, Unterägeri","SZ, ZG",0,1,0,0,0,1,0,47.13139313265173,8.632047472411843,Oberägeri,True,False,6590.0,ZG
6317,2534,123188.78162992653,Zug,ZG,0,0,0,0,0,0,0,47.14445141344321,8.50847207637825,Oberwil b. Zug,True,False,2534.0,ZG
6318,4093,115846.53781859388,"Arth, Walchwil, Zug","SZ, ZG",0,1,0,0,0,1,0,47.09298262487827,8.536607991712355,Walchwil,True,False,4093.0,ZG
6319,1602,95983.31017310884,Baar,ZG,0,0,0,0,0,0,0,47.165856343490354,8.553495909224475,Allenwinden,True,False,1602.0,ZG
6330,16134,91370.23135712298,"Cham, Steinhausen, Zug",ZG,2,1,1,1,2,4,3,47.19209704004391,8.471780278863704,Cham,True,True,8067.0,ZG
6331,5189,105505.83897877845,"Cham, Hünenberg",ZG,0,1,0,0,1,1,1,47.20030067818208,8.420478492112924,Hünenberg,True,True,5189.0,ZG
6332,2377,91515.57102945718,"Cham, Hünenberg",ZG,0,0,0,0,0,0,0,47.20326729784893,8.429232278264976,Hagendorn,True,False,2377.0,ZG
6333,3804,105551.1287107259,Hünenberg,ZG,0,0,0,0,1,0,1,47.1736628128721,8.447423269644567,Hünenberg See,True,True,3804.0,ZG
6340,23870,91478.02786386994,"Baar, Hausen am Albis, Horgen, Neuheim, Zug","ZG, ZH",1,2,1,0,1,3,2,47.2048945125344,8.555946905311373,Baar,True,True,23870.0,ZG
6343,11830,90555.79848171152,Risch,ZG,0,1,1,0,1,1,2,47.14099605319929,8.44651652051834,Rotkreuz,True,True,11830.0,ZG
6344,1578,85863.44386422978,Meierskappel,LU,0,0,0,0,0,0,0,47.12188256402597,8.4414663517594,Meierskappel,True,False,1578.0,LU
6345,2486,89073.3236568526,"Baar, Neuheim",ZG,0,0,0,0,0,0,0,47.20359824433166,8.569541362617311,Neuheim,True,False,2486.0,ZG
6353,4769,103575.8532610482,"Greppen, Weggis",LU,0,1,0,0,1,1,1,47.04227997946559,8.435767518022203,Weggis,True,True,4769.0,LU
6354,1474,78562.40036739166,"Vitznau, Weggis",LU,0,0,0,0,0,0,0,47.02111789773785,8.479276190097199,Vitznau,True,False,1474.0,LU
6356,153,90367.72167955566,"Arth, Vitznau, Weggis","LU, SZ",0,0,0,0,0,0,0,47.04241464464141,8.474559678735107,Rigi Kaltbad,True,False,153.0,LU
6362,3926,86607.76483725366,"Ennetmoos, Stansstad",NW,0,1,1,0,0,1,1,46.970443401536826,8.334484180224202,Stansstad,True,False,3926.0,NW
6363,987,90212.30251881563,"Ennetbürgen, Stansstad",NW,0,0,0,0,0,0,0,46.99049584896155,8.373054076917056,Obbürgen,True,False,987.0,NW
6365,252,86021.16165840394,"Luzern, Stansstad","LU, NW",0,0,0,0,0,0,0,47.00086696652333,8.395425266003551,Kehrsiten,True,False,252.0,NW
6370,10618,69460.1803253007,"Ennetmoos, Oberdorf (NW), Stans",NW,1,1,1,1,2,3,3,46.95933206807696,8.36651472924269,Stans,True,True,5309.0,NW
6372,2290,71806.87581292362,"Ennetmoos, Stans",NW,0,0,0,0,0,0,0,46.95147560232236,8.334202354387777,Ennetmoos,True,False,2290.0,NW
6373,5083,97810.81500316357,"Ennetbürgen, Stans",NW,0,0,0,0,0,0,0,46.9812780626135,8.399506958179032,Ennetbürgen,True,False,5083.0,NW
6374,5660,72719.95212691923,"Buochs, Ennetbürgen, Oberdorf (NW)",NW,0,1,0,0,1,1,1,46.96961948859462,8.413769444474193,Buochs,True,True,5660.0,NW
6375,3723,78886.1326923077,Beckenried,NW,0,0,1,0,0,0,1,46.96577350035097,8.469511975209448,Beckenried,True,False,3723.0,NW
6376,1701,66869.56735743898,"Beckenried, Emmetten",NW,0,0,0,0,0,0,0,46.95446029684993,8.498586474392098,Emmetten,True,False,1701.0,NW
6377,759,60768.46448640607,"Emmetten, Seelisberg","NW, UR",0,0,0,0,0,0,0,46.97489099354436,8.573294323496052,Seelisberg,True,False,759.0,UR
6382,1006,67525.85161662818,Oberdorf (NW),NW,0,0,0,0,0,0,0,46.93956919421006,8.397939339490035,Büren NW,True,False,1006.0,NW
6383,1899,64119.085957646465,"Dallenwil, Oberdorf (NW), Wolfenschiessen",NW,0,0,0,0,0,0,0,46.921990560278175,8.39583757256535,Dallenwil,True,False,1899.0,NW
6386,1690,59939.775951557094,Wolfenschiessen,NW,0,0,0,0,0,0,0,46.90723085626697,8.396640587372056,Wolfenschiessen,True,False,1690.0,NW
6387,222,59939.775951557094,Wolfenschiessen,NW,0,0,0,0,0,0,0,46.88626278556636,8.421932480157095,Oberrickenbach,True,False,222.0,NW
6388,312,65616.14647830935,"Engelberg, Wolfenschiessen","NW, OW",0,0,0,0,0,0,0,46.866206685313415,8.376872693330615,Grafenort,True,False,312.0,NW
6390,4319,86491.88612620396,"Attinghausen, Engelberg, Wolfenschiessen","NW, OW, UR",0,1,0,0,1,1,1,46.81029471336384,8.424809707498413,Engelberg,True,True,4319.0,OW
6402,1300,91348.15066114599,Küssnacht (SZ),SZ,0,0,0,0,0,0,0,47.06708093309636,8.410081520337691,Merlischachen,True,False,1300.0,SZ
6403,9798,91348.15066114599,Küssnacht (SZ),SZ,1,1,1,1,1,3,2,47.08215890096472,8.43824735893468,Küssnacht am Rigi,True,True,9798.0,SZ
6404,1225,84829.22275641024,Greppen,LU,0,0,0,0,0,0,0,47.0549504414749,8.430579758170474,Greppen,True,False,1225.0,LU
6405,3087,91348.15066114599,Küssnacht (SZ),SZ,0,0,0,0,0,0,0,47.09545668635037,8.461507989623236,Immensee,True,False,3087.0,SZ
6410,6516,68975.30130112042,"Arth, Gersau",SZ,0,1,1,0,1,1,2,47.04540859187047,8.503225794041134,Goldau,True,True,6516.0,SZ
6414,2180,68120.05755502677,Arth,SZ,0,0,0,0,0,0,0,47.05604662870999,8.53931344938837,Oberarth,True,False,2180.0,SZ
6415,3850,68120.05755502677,Arth,SZ,0,0,0,0,0,0,0,47.06456103550408,8.525638421394337,Arth,True,False,3850.0,SZ
6416,961,65948.64967913995,"Arth, Steinerberg",SZ,0,0,0,0,0,0,0,47.06125205864831,8.576516903880497,Steinerberg,True,False,961.0,SZ
6417,2105,71070.16211927932,"Oberägeri, Sattel, Schwyz","SZ, ZG",0,0,0,0,0,0,0,47.07862660151485,8.63915832014333,Sattel,True,False,2105.0,SZ
6418,2659,65852.5283893074,"Oberägeri, Rothenthurm, Sattel","SZ, ZG",0,0,0,0,0,0,0,47.10571803348461,8.663226469143277,Rothenthurm,True,False,2659.0,SZ
6422,3762,66930.97362458082,"Sattel, Steinen",SZ,0,0,1,0,0,0,1,47.05861980284139,8.611333063663242,Steinen,True,False,3762.0,SZ
6423,3712,69649.33083931729,"Ingenbohl, Schwyz",SZ,0,1,1,1,0,2,1,47.02308582099708,8.621937163323437,Seewen SZ,True,False,3712.0,SZ
6424,1165,67700.42176870749,Lauerz,SZ,0,0,0,0,0,0,0,47.0317018333094,8.583640654329244,Lauerz,True,False,1165.0,SZ
6430,6664,69671.28429752066,Schwyz,SZ,0,1,1,0,0,1,1,47.02417737663216,8.653980505555378,Schwyz,True,False,6664.0,SZ
6432,1374,69671.28429752066,Schwyz,SZ,0,0,0,0,0,0,0,47.01270465973957,8.674436374660862,Rickenbach b. Schwyz,True,False,1374.0,SZ
6433,230,63602.250078731704,"Morschach, Muotathal",SZ,0,0,0,0,0,0,0,46.97852857669284,8.677659159537871,Stoos SZ,True,False,230.0,SZ
6434,819,57389.789709172255,Illgau,SZ,0,0,0,0,0,0,0,46.99148064665814,8.72932599681057,Illgau,True,False,819.0,SZ
6436,3572,60347.163755969865,"Bürglen (UR), Muotathal, Unterschächen","SZ, UR",0,0,0,0,1,0,1,46.9404540220288,8.785935400867606,Muotathal,True,True,3572.0,SZ
6438,4990,69671.28429752066,Schwyz,SZ,0,0,1,0,1,0,2,47.01152173646457,8.645276305220484,Ibach,True,True,4990.0,SZ
6440,9591,68346.27980737503,"Ingenbohl, Morschach",SZ,1,1,1,1,1,3,2,46.98758051808696,8.609058047786966,Brunnen,True,True,9591.0,SZ
6441,2,60326.457943925234,Seelisberg,UR,0,0,0,0,0,0,0,46.96957385406253,8.592737867514368,Rütli,True,False,2.0,UR
6442,2485,72396.27628549501,Gersau,SZ,0,0,0,0,0,0,0,46.99581593409366,8.524522651381742,Gersau,True,False,2485.0,SZ
6443,1163,64114.751219512196,Morschach,SZ,0,0,0,0,0,0,0,46.982016623386095,8.620005431340642,Morschach,True,False,1163.0,SZ
6452,520,57152.95704481859,"Morschach, Riemenstalden, Sisikon","SZ, UR",0,0,0,0,0,0,0,46.94682113535674,8.647601460628708,Sisikon,True,False,520.0,UR
6454,2043,73798.2981530343,Flüelen,UR,0,0,0,1,0,1,0,46.91888908722739,8.647299624779198,Flüelen,True,False,2043.0,UR
6460,11524,66846.23809096932,"Altdorf (UR), Bürglen (UR), Flüelen",UR,1,1,1,0,2,2,3,46.88741788991913,8.646189384733319,Altdorf UR,True,True,5762.0,UR
6461,461,48638.57751937985,Isenthal,UR,0,0,0,0,0,0,0,46.905118716134105,8.545110800963322,Isenthal,True,False,461.0,UR
6462,1868,70237.04487804878,Seedorf (UR),UR,0,0,0,0,0,0,0,46.8829503865855,8.612122337638919,Seedorf UR,True,False,1868.0,UR
6463,2954,61903.4997715852,Bürglen (UR),UR,0,0,0,0,0,0,0,46.8775917045955,8.673379475183557,Bürglen UR,True,False,2954.0,UR
6464,834,51504.60651959275,"Bürglen (UR), Spiringen",UR,0,0,0,0,0,0,0,46.87417676835154,8.714744999321582,Spiringen,True,False,834.0,UR
6465,737,55692.351706036745,Unterschächen,UR,0,0,0,0,0,0,0,46.865255199302666,8.777559590849165,Unterschächen,True,False,737.0,UR
6466,186,70237.04487804878,Seedorf (UR),UR,0,0,0,0,0,0,0,46.9312062111628,8.576807064973616,Bauen,True,False,186.0,UR
6467,5347,67821.60668290986,Schattdorf,UR,0,2,0,0,0,2,0,46.86299729993001,8.650878237195949,Schattdorf,True,False,5347.0,UR
6468,1781,66609.38356164383,Attinghausen,UR,0,0,0,0,0,0,0,46.862286562206606,8.626873120515478,Attinghausen,True,False,1781.0,UR
6469,273,66553.4155528821,"Bürglen (UR), Schattdorf",UR,0,0,0,0,0,0,0,46.85814931251518,8.682910351394655,Haldi b. Schattdorf,True,False,273.0,UR
6472,3985,59963.3831007411,"Erstfeld, Silenen",UR,0,1,1,0,1,1,2,46.81843422244802,8.661288752689813,Erstfeld,True,True,3985.0,UR
6473,1247,56846.58682530213,"Gurtnellen, Silenen",UR,0,0,0,0,0,0,0,46.79264795572212,8.667464019932577,Silenen,True,False,1247.0,UR
6474,398,54289.25223105715,"Gurtnellen, Silenen",UR,0,0,0,0,0,0,0,46.77469121898093,8.662811645629851,Amsteg,True,False,398.0,UR
6475,451,57172.769162995595,Silenen,UR,0,0,0,0,0,0,0,46.769307756266485,8.709682173313428,Bristen,True,False,451.0,UR
6476,134,51987.445994593276,"Gurtnellen, Silenen",UR,0,0,0,0,0,0,0,46.76086276312074,8.651514172727838,Intschi,True,False,134.0,UR
6482,351,50100.2987012987,Gurtnellen,UR,0,0,0,0,0,0,0,46.7375200956868,8.626414775633792,Gurtnellen,True,False,351.0,UR
6484,365,55899.91743119266,Wassen,UR,0,0,0,0,0,0,0,46.70362438189339,8.599906562292567,Wassen UR,True,False,365.0,UR
6485,60,55899.91743119266,Wassen,UR,0,0,0,0,0,0,0,46.728602030286645,8.54709053352512,Meien,True,False,60.0,UR
6487,482,55587.73568281938,Göschenen,UR,0,1,0,0,0,1,0,46.666936787674224,8.582102779643487,Göschenen,True,False,482.0,UR
6490,1603,72460.22733077906,Andermatt,UR,0,1,0,0,0,1,0,46.63551233990897,8.596327216183646,Andermatt,True,False,1603.0,UR
6491,157,61925.851851851854,Realp,UR,0,0,0,0,0,0,0,46.59401284201395,8.497298126934473,Realp,True,False,157.0,UR
6493,176,55616.19191919193,Hospental,UR,0,0,0,0,0,0,0,46.61961056475262,8.566334453043003,Hospental,True,False,176.0,UR
6500,18103,57324.24196959419,Bellinzona,TI,0,2,1,0,2,2,3,46.19389381052881,9.025382217613846,Bellinzona,True,True,9051.5,TI
6503,1630,57324.24196959419,Bellinzona,TI,0,0,0,0,0,0,0,46.20797674890688,9.019468347313104,Bellinzona,True,False,1630.0,TI
6512,9385,57324.24196959419,Bellinzona,TI,1,1,1,1,1,3,2,46.17371971246463,9.01201182554516,Giubiasco,True,True,9385.0,TI
6513,3046,57324.24196959419,Bellinzona,TI,0,0,1,0,0,0,1,46.18931343677262,8.998302437235893,Monte Carasso,True,False,3046.0,TI
6514,3395,57324.24196959419,Bellinzona,TI,0,1,0,0,0,1,0,46.182625493419344,8.990675768073872,Sementina,True,False,3395.0,TI
6515,879,57327.96015561536,"Bellinzona, Sant'Antonino",TI,0,0,0,0,0,0,0,46.16966036054227,8.947861965347325,Gudo,True,False,879.0,TI
6516,3127,58652.66277657716,"Cugnasco-Gerra, Locarno",TI,0,0,0,0,0,0,0,46.1742264149976,8.914516718452509,Cugnasco,True,False,3127.0,TI
6517,3384,57395.48733286418,Arbedo-Castione,TI,0,1,0,0,0,1,0,46.21442569570805,9.046407144618286,Arbedo,True,False,3384.0,TI
6518,854,57324.24196959419,Bellinzona,TI,0,0,0,0,0,0,0,46.21926799863873,9.027845686563236,Gorduno,True,False,854.0,TI
6523,679,57324.24196959419,Bellinzona,TI,0,0,0,0,0,0,0,46.26333179314981,8.999840715265668,Preonzo,True,False,679.0,TI
6524,129,57324.24196959419,Bellinzona,TI,0,0,0,0,0,0,0,46.26832330966884,8.990837476420849,Moleno,True,False,129.0,TI
6525,798,57324.24196959419,Bellinzona,TI,0,0,0,0,0,0,0,46.23333063500224,9.02146234100764,Gnosca,True,False,798.0,TI
6526,289,52744.924745462595,Riviera,TI,0,0,0,0,0,0,0,46.2818199132408,8.980931971388834,Prosito,True,False,289.0,TI
6527,1391,52744.924745462595,Riviera,TI,0,0,0,0,0,0,0,46.30041686922648,8.980317179052342,Lodrino,True,False,1391.0,TI
6528,2871,57324.625228768695,"Bellinzona, Sant'Antonino",TI,0,0,0,0,0,0,0,46.15985789704072,8.997828941799717,Camorino,True,False,2871.0,TI
6532,1909,57395.35909121029,"Arbedo-Castione, Bellinzona",TI,1,1,1,1,1,3,2,46.231291201341335,9.041355847945267,Castione,True,True,1909.0,TI
6533,1715,60454.66190689035,"Lumino, San Vittore","GR, TI",0,0,1,0,0,0,1,46.23318204500791,9.069877980326703,Lumino,True,False,1715.0,TI
6534,861,58609.68241965974,San Vittore,GR,0,0,0,0,0,0,0,46.23889150608972,9.104703396412726,S. Vittore,True,False,861.0,GR
6535,2711,54346.33333333334,Roveredo (GR),GR,0,1,0,0,0,1,0,46.23533262019911,9.126857593552426,Roveredo GR,True,False,2711.0,GR
6537,1290,54034.803488460624,"Castaneda, Grono",GR,0,0,1,0,0,0,1,46.24965393091877,9.14652959222914,Grono,True,False,1290.0,GR
6538,153,54165.889021479714,Grono,GR,0,0,0,0,0,0,0,46.26808578533812,9.157818607658996,Verdabbio,True,False,153.0,GR
6540,234,49957.68571428571,Castaneda,GR,0,0,0,0,0,0,0,46.25769381878546,9.139939444354962,Castaneda,True,False,234.0,GR
6541,113,53450.846053707784,"Castaneda, Santa Maria in Calanca",GR,0,0,0,0,0,0,0,46.265418266042005,9.132727543945578,Sta. Maria in Calanca,True,False,113.0,GR
6542,102,44208.01639344262,Buseno,GR,0,0,0,0,0,0,0,46.26957228515086,9.1041770307886,Buseno,True,False,102.0,GR
6543,71,44598.293706293705,Calanca,GR,0,0,0,0,0,0,0,46.30082981896169,9.11152177623632,Arvigo,True,False,71.0,GR
6544,62,44598.293706293705,Calanca,GR,0,0,0,0,0,0,0,46.302450182647846,9.124203438541814,Braggio,True,False,62.0,GR
6545,50,44598.293706293705,Calanca,GR,0,0,0,0,0,0,0,46.31964013106359,9.116646061933306,Selma,True,False,50.0,GR
6546,30,44598.293706293705,Calanca,GR,0,0,0,0,0,0,0,46.33358411197853,9.121662113968664,Cauco,True,False,30.0,GR
6548,172,52701.1619047619,Rossa,GR,0,0,0,0,0,0,0,46.36457312068024,9.124628774208864,Rossa,True,False,172.0,GR
6556,202,54165.889021479714,Grono,GR,0,0,0,0,0,0,0,46.26197001421186,9.164137687028743,Leggia,True,False,202.0,GR
6557,752,55764.3810110875,"Cama, Grono",GR,0,0,0,0,0,0,0,46.279872293673264,9.17259593420029,Cama,True,False,752.0,GR
6558,871,55799.694779116464,Lostallo,GR,0,0,0,0,0,0,0,46.31731288378754,9.199373057168083,Lostallo,True,False,871.0,GR
6562,320,55074.69377990431,Soazza,GR,0,0,0,0,0,0,0,46.36336940547721,9.220908254037337,Soazza,True,False,320.0,GR
6563,1086,53072.99141104295,Mesocco,GR,0,1,0,0,0,1,0,46.39879089895631,9.23254132113836,Mesocco,True,False,1086.0,GR
6565,346,53072.99141104295,Mesocco,GR,0,0,1,0,0,0,1,46.45780058991404,9.195096056208238,S. Bernardino,True,False,346.0,GR
6571,28,55243.352063822414,Gambarogno,TI,0,0,0,0,0,0,0,46.0950241995582,8.828884705115538,Indemini,True,False,28.0,TI
6572,1195,55163.40826841168,"Gambarogno, Locarno",TI,0,0,0,0,0,0,0,46.15589528094473,8.90133279305883,Quartino,True,False,1195.0,TI
6573,530,55243.352063822414,Gambarogno,TI,1,0,0,0,0,1,0,46.14639257013484,8.861001852088785,Magadino,True,False,530.0,TI
6574,593,55243.352063822414,Gambarogno,TI,0,0,0,0,0,0,0,46.14069039193803,8.842163539572594,Vira (Gambarogno),True,False,593.0,TI
6575,630,55243.352063822414,Gambarogno,TI,0,0,0,0,0,0,0,46.13236719089528,8.808568351116495,S. Nazzaro,True,False,630.0,TI
6576,211,55243.352063822414,Gambarogno,TI,0,0,0,0,0,0,0,46.12289007882365,8.788696146387087,Gerra (Gambarogno),True,False,211.0,TI
6577,91,55243.352063822414,Gambarogno,TI,0,0,0,0,0,0,0,46.11250528961658,8.773019435083489,Ranzo,True,False,91.0,TI
6578,98,55243.352063822414,Gambarogno,TI,0,0,0,0,0,0,0,46.1060012644807,8.764569401218237,Caviano,True,False,98.0,TI
6579,437,55243.352063822414,Gambarogno,TI,0,0,0,0,0,0,0,46.13501606463986,8.824468808115862,Piazzogna,True,False,437.0,TI
6582,595,57324.24196959419,Bellinzona,TI,0,0,0,0,0,0,0,46.17127069635329,9.03329686608935,Pianezzo,True,False,595.0,TI
6583,191,57324.24196959419,Bellinzona,TI,0,0,0,0,0,0,0,46.16992587289226,9.065750317307357,S. Antonio (Val Morobbia),True,False,191.0,TI
6584,64,57324.24196959419,Bellinzona,TI,0,0,0,0,0,0,0,46.16852601512522,9.090275174779071,Carena,True,False,64.0,TI
6592,2715,57845.462961171885,"Bellinzona, Cadenazzo, Sant'Antonino",TI,0,1,1,1,1,2,2,46.15889267020536,8.969134906777619,S. Antonino,True,True,2715.0,TI
6593,2973,50602.539358819864,"Cadenazzo, Gambarogno, Sant'Antonino",TI,0,0,0,0,0,0,0,46.1493908103072,8.948516526049708,Cadenazzo,True,False,2973.0,TI
6594,1182,55100.14863890376,"Cugnasco-Gerra, Gambarogno, Locarno",TI,0,0,1,0,0,0,1,46.15785251314397,8.91764180817797,Contone,True,False,1182.0,TI
6595,1267,52198.55427079449,"Cugnasco-Gerra, Lavertezzo, Locarno",TI,1,1,1,1,1,3,2,46.17792357864962,8.888867820326082,Riazzino,True,True,1267.0,TI
6596,4911,56905.73453645645,"Gordola, Locarno",TI,0,0,0,0,0,0,0,46.17504188959461,8.870743541258657,Gordola,True,False,4911.0,TI
6597,507,60257.852125693156,Cugnasco-Gerra,TI,0,0,0,0,0,0,0,46.179151959632335,8.907306105257419,Agarone,True,False,507.0,TI
6598,3017,52271.50133618386,Tenero-Contra,TI,0,1,1,0,1,1,2,46.17930152107533,8.849711823325709,Tenero,True,True,3017.0,TI
6599,176,50522.04284814114,Cadenazzo,TI,0,0,0,0,0,0,0,46.1420702636234,8.945849594908914,Robasacco,True,False,176.0,TI
6600,17322,52731.27225090999,"Locarno, Muralto, Orselina",TI,1,2,2,1,2,4,4,46.17247512132029,8.793361699080759,Locarno,True,True,8661.0,TI
6605,704,51638.02567263256,"Locarno, Orselina",TI,0,0,0,0,0,0,0,46.18183684368903,8.787644241493227,Locarno,True,False,704.0,TI
6612,5316,65609.6197654046,"Ascona, Locarno",TI,0,1,1,1,1,2,2,46.15808562878616,8.779275282767205,Ascona,True,True,5316.0,TI
6613,108,74346.2926045016,Ronco sopra Ascona,TI,0,0,0,0,0,0,0,46.1413139412373,8.726496248174223,Porto Ronco,True,False,108.0,TI
6614,1577,57124.27926960258,Brissago,TI,0,0,0,0,0,0,0,46.12535761163551,8.720130863904874,Brissago,True,False,1577.0,TI
6616,6323,58052.45945234334,Losone,TI,1,2,0,0,1,3,1,46.16883094684535,8.760335469093587,Losone,True,True,6323.0,TI
6618,457,58165.12363932065,"Ascona, Losone",TI,0,0,0,0,0,0,0,46.15847101311439,8.744101269571754,Arcegno,True,False,457.0,TI
6622,408,74337.62566082597,"Ascona, Ronco sopra Ascona",TI,0,0,0,0,0,0,0,46.14873887974059,8.733720213698167,Ronco sopra Ascona,True,False,408.0,TI
6631,11,46267.291015625,Verzasca,TI,0,0,0,0,0,0,0,46.2358491540172,8.838043617909815,Corippo,True,False,11.0,TI
6632,264,46267.291015625,Verzasca,TI,0,0,0,0,0,0,0,46.22270645139039,8.86094743276677,Vogorno,True,False,264.0,TI
6633,93,46267.291015625,Verzasca,TI,0,0,0,0,0,0,0,46.26342684299702,8.84443472467328,Lavertezzo,True,False,93.0,TI
6634,151,46267.291015625,Verzasca,TI,0,1,0,0,0,1,0,46.29479642719211,8.789291058117843,Brione (Verzasca),True,False,151.0,TI
6635,72,46267.291015625,Verzasca,TI,0,0,0,0,0,0,0,46.319013340231,8.800800429565651,Gerra (Verzasca),True,False,72.0,TI
6636,77,46267.291015625,Verzasca,TI,0,0,0,0,0,0,0,46.34002860356333,8.801691028317643,Frasco,True,False,77.0,TI
6637,81,46267.291015625,Verzasca,TI,0,0,0,0,0,0,0,46.35119920907753,8.782416977331378,Sonogno,True,False,81.0,TI
6644,666,65085.97418774257,"Locarno, Orselina",TI,0,0,0,0,0,0,0,46.17803947947726,8.793332847075442,Orselina,True,False,666.0,TI
6645,669,65770.0773743121,"Brione sopra Minusio, Minusio",TI,0,0,0,0,0,0,0,46.18882915585488,8.8105054351403,Brione sopra Minusio,True,False,669.0,TI
6646,415,52907.646554956125,"Brione sopra Minusio, Tenero-Contra",TI,0,0,0,0,0,0,0,46.18743996428014,8.838176309382668,Contra,True,False,415.0,TI
6647,194,46889.15789473683,Mergoscia,TI,0,0,0,0,0,0,0,46.20996306684337,8.842523311196851,Mergoscia,True,False,194.0,TI
6648,7021,61132.682707805674,Minusio,TI,1,1,1,1,1,3,2,46.17795551521977,8.818113631690924,Minusio,True,True,7021.0,TI
6652,870,61085.8731829844,"Locarno, Terre di Pedemonte",TI,0,0,0,0,0,0,0,46.18510292328254,8.749804092424512,Tegna,True,False,870.0,TI
6653,1083,62123.164294954724,Terre di Pedemonte,TI,0,1,0,0,0,1,0,46.18452331770904,8.731416373453964,Verscio,True,False,1083.0,TI
6654,743,62123.164294954724,Terre di Pedemonte,TI,0,0,0,0,0,0,0,46.184549357440105,8.71965568933241,Cavigliano,True,False,743.0,TI
6655,536,48710.97438573718,"Centovalli, Onsernone",TI,0,0,0,0,0,0,0,46.17237288224702,8.664563411289407,Intragna,True,False,536.0,TI
6656,325,48716.44769874477,Centovalli,TI,0,0,0,0,0,0,0,46.17852256422398,8.712403633952071,Golino,True,False,325.0,TI
6657,76,48716.44769874477,Centovalli,TI,0,0,0,0,0,0,0,46.153552451318056,8.633797923852985,Palagnedra,True,False,76.0,TI
6658,43,48716.44769874477,Centovalli,TI,0,0,0,0,0,0,0,46.16209572208341,8.61528922212187,Borgnone,True,False,43.0,TI
6659,70,48716.44769874477,Centovalli,TI,0,0,0,0,0,0,0,46.15186489864453,8.612854624231108,Camedo,True,False,70.0,TI
6661,642,43679.65658747301,Onsernone,TI,0,0,0,0,0,0,0,46.20792537545077,8.623406816816548,Loco,True,False,642.0,TI
6670,578,56720.57623577917,"Avegno Gordevio, Maggia",TI,0,0,0,0,0,0,0,46.21057015478243,8.744624276229008,Avegno,True,False,578.0,TI
6672,948,56778.142695356735,Avegno Gordevio,TI,0,0,0,0,0,0,0,46.22609573113628,8.745664508034364,Gordevio,True,False,948.0,TI
6673,905,52273.72488803583,Maggia,TI,0,1,1,0,1,1,2,46.248732746974845,8.709274524996957,Maggia,True,True,905.0,TI
6674,251,52273.72488803583,Maggia,TI,0,0,0,0,0,0,0,46.29150688077131,8.641780356466153,Someo,True,False,251.0,TI
6675,440,48683.12700729927,Cevio,TI,0,1,0,0,0,1,0,46.31322336283382,8.602876290158196,Cevio,True,False,440.0,TI
6676,259,48683.12700729927,Cevio,TI,0,0,0,0,0,0,0,46.33927992972673,8.611371179571671,Bignasco,True,False,259.0,TI
6677,940,52273.72488803583,Maggia,TI,0,0,0,0,0,0,0,46.235884616026304,8.712105064922829,Aurigeno,True,False,940.0,TI
6678,589,52273.72488803583,Maggia,TI,0,0,0,0,0,0,0,46.26766539250804,8.683611369313184,Giumaglio,True,False,589.0,TI
6682,42,60597.117968274855,"Cerentino, Linescio",TI,0,0,0,0,0,0,0,46.30731117647345,8.57418991878312,Linescio,True,False,42.0,TI
6683,58,43800.949864498645,"Campo (Vallemaggia), Cerentino",TI,0,0,0,0,0,0,0,46.29870036576224,8.537862183715358,Cerentino,True,False,58.0,TI
6684,28,33603.12195121951,Campo (Vallemaggia),TI,0,0,0,0,0,0,0,46.285844749687726,8.494805098019619,Campo (Vallemaggia),True,False,28.0,TI
6685,43,47372.2,Bosco/Gurin,TI,0,0,0,0,0,0,0,46.31732826301513,8.4904563005975,Bosco/Gurin,True,False,43.0,TI
6690,384,48683.12700729927,Cevio,TI,0,0,0,0,0,0,0,46.38653055168184,8.553411211053469,Cavergno,True,False,384.0,TI
6692,149,55613.628762541804,Lavizzara,TI,0,0,0,0,0,0,0,46.35878068908441,8.634967886880148,Menzonio,True,False,149.0,TI
6693,81,55613.628762541804,Lavizzara,TI,0,0,0,0,0,0,0,46.38023749620641,8.65865079347156,Broglio,True,False,81.0,TI
6694,107,55613.628762541804,Lavizzara,TI,0,0,0,0,0,0,0,46.39413237763206,8.663293023439776,Prato-Sornico,True,False,107.0,TI
6695,124,55613.628762541804,Lavizzara,TI,0,0,0,0,0,0,0,46.41059456017409,8.63041836462034,Peccia,True,False,124.0,TI
6696,43,55613.628762541804,Lavizzara,TI,0,0,0,0,0,0,0,46.43861159774428,8.661681587875979,Fusio,True,False,43.0,TI
6702,3149,57324.24196959419,Bellinzona,TI,0,1,1,0,0,1,1,46.255088985089024,9.024494882437304,Claro,True,False,3149.0,TI
6703,1236,52744.924745462595,Riviera,TI,0,0,0,0,0,0,0,46.31089971909503,8.98815813378912,Osogna,True,False,1236.0,TI
6705,784,52744.924745462595,Riviera,TI,0,0,0,0,0,0,0,46.28529317192545,9.005143214709495,Cresciano,True,False,784.0,TI
6707,562,52744.924745462595,Riviera,TI,0,0,0,0,0,0,0,46.330276350217154,8.963915678713018,Iragna,True,False,562.0,TI
6710,6213,52381.812258720536,"Biasca, Serravalle",TI,1,1,1,1,1,3,2,46.369514317449294,8.96217648704545,Biasca,True,True,6213.0,TI
6713,1352,56238.28731942215,Serravalle,TI,0,1,1,0,0,1,1,46.41281485602609,8.993956691335095,Malvaglia,True,False,1352.0,TI
6714,369,56229.269196148925,"Faido, Serravalle",TI,0,0,0,0,0,0,0,46.40831226425897,8.946110175510237,Semione,True,False,369.0,TI
6715,267,51584.02577777778,Acquarossa,TI,0,1,0,0,0,1,0,46.439268504570656,8.953966711023776,Dongio,True,False,267.0,TI
6716,349,51584.02577777778,Acquarossa,TI,0,0,0,0,0,0,0,46.46081799089249,8.933968326837054,Acquarossa,True,False,349.0,TI
6717,458,50858.93169398906,Blenio,TI,0,0,0,0,0,0,0,46.49144705349319,8.953055209261453,Dangio,True,False,458.0,TI
6718,829,50858.93169398906,Blenio,TI,0,0,1,0,0,0,1,46.52650847351212,8.918254098830449,Olivone,True,False,829.0,TI
6719,312,50858.93169398906,Blenio,TI,0,0,0,0,0,0,0,46.50468507269236,8.944708097873242,Aquila,True,False,312.0,TI
6720,153,50858.93169398906,Blenio,TI,0,0,0,0,0,0,0,46.56156837247163,8.937004660017491,Campo (Blenio),True,False,153.0,TI
6721,495,53911.15654859996,"Acquarossa, Serravalle",TI,0,0,0,0,0,0,0,46.42579085073879,8.96902175952478,Ludiano,True,False,495.0,TI
6722,496,51584.02577777778,Acquarossa,TI,0,0,0,0,0,0,0,46.44614396503079,8.936912455087889,Corzoneso,True,False,496.0,TI
6723,267,51584.02577777778,Acquarossa,TI,0,0,0,0,0,0,0,46.471775526157785,8.920575085984893,Prugiasco,True,False,267.0,TI
6724,238,51584.02577777778,Acquarossa,TI,0,0,0,0,0,0,0,46.487853941070085,8.935988590555379,Ponto Valentino,True,False,238.0,TI
6742,919,51553.368132540556,"Biasca, Pollegio",TI,0,0,0,0,0,0,0,46.36182950196407,8.952877830372579,Pollegio,True,False,919.0,TI
6743,964,49255.2962962963,Giornico,TI,0,0,0,0,0,0,0,46.37898067269416,8.912789965919902,Bodio TI,True,False,964.0,TI
6744,320,54240.56451612903,Personico,TI,0,0,0,0,0,0,0,46.36817032510357,8.917981375639727,Personico,True,False,320.0,TI
6745,797,49255.2962962963,Giornico,TI,0,0,1,0,0,0,1,46.40150552538528,8.874555072547038,Giornico,True,False,797.0,TI
6746,335,51683.67960566851,Faido,TI,0,0,0,0,0,0,0,46.44301338895506,8.84186690822744,Lavorgo,True,False,335.0,TI
6747,220,51683.67960566851,Faido,TI,0,0,0,0,0,0,0,46.42237666728329,8.836558393337206,Chironico,True,False,220.0,TI
6748,75,51683.67960566851,Faido,TI,0,0,0,0,0,0,0,46.43118056743605,8.862939933601186,Anzonico,True,False,75.0,TI
6749,130,51683.67960566851,Faido,TI,0,0,0,0,0,0,0,46.407286541781055,8.892857731064074,Sobrio,True,False,130.0,TI
6760,1388,51683.67960566851,Faido,TI,0,1,1,0,1,1,2,46.48480526323669,8.816427943438901,Faido,True,True,1388.0,TI
6763,351,51683.67960566851,Faido,TI,0,0,0,0,0,0,0,46.492221448062736,8.782820259357056,Osco,True,False,351.0,TI
6764,207,51683.67960566851,Faido,TI,0,0,0,0,0,0,0,46.46824057404839,8.82064451572593,Chiggiogna,True,False,207.0,TI
6772,229,55067.56732495512,Quinto,TI,0,0,0,0,0,0,0,46.49080458213058,8.737590688265941,Rodi-Fiesso,True,False,229.0,TI
6773,127,55067.56732495512,Quinto,TI,0,0,0,0,0,0,0,46.48259001927587,8.754820320564765,Prato (Leventina),True,False,127.0,TI
6774,188,58623.87068965517,Dalpe,TI,0,0,0,0,0,0,0,46.47597409642423,8.775886778229768,Dalpe,True,False,188.0,TI
6775,247,55067.56732495512,Quinto,TI,0,0,0,0,0,0,0,46.5092477256534,8.69603520532534,Ambrì,True,False,247.0,TI
6776,355,55067.56732495512,Quinto,TI,0,0,0,0,0,0,0,46.51802711156371,8.678149678826736,Piotta,True,False,355.0,TI
6777,331,55067.56732495512,Quinto,TI,0,0,0,0,0,0,0,46.51079234512644,8.718849228862323,Quinto,True,False,331.0,TI
6780,1443,56999.40677966102,Airolo,TI,0,1,1,0,0,1,1,46.52788345630073,8.614165167312837,Airolo,True,False,1443.0,TI
6781,116,122845.19718309859,Bedretto,TI,0,0,0,0,0,0,0,46.50576269877514,8.516395311946894,Villa Bedretto,True,False,116.0,TI
6802,2172,56266.80947054437,Monteceneri,TI,0,0,1,0,0,0,1,46.12081890014182,8.921403858636316,Rivera,True,False,2172.0,TI
6803,939,56266.80947054437,Monteceneri,TI,0,0,0,0,0,0,0,46.10628094105787,8.936272045429709,Camignolo,True,False,939.0,TI
6804,646,56266.80947054437,Monteceneri,TI,0,0,0,0,0,0,0,46.115038064678735,8.934701273070855,Bironico,True,False,646.0,TI
6805,1418,68556.49331550802,Mezzovico-Vira,TI,1,0,0,0,0,1,0,46.09152410680527,8.918668207037213,Mezzovico,True,False,1418.0,TI
6806,641,56266.80947054437,Monteceneri,TI,0,0,0,0,0,0,0,46.08091407951173,8.91473456137612,Sigirino,True,False,641.0,TI
6807,2111,56761.198877210714,"Capriasca, Lamone, Torricella-Taverne",TI,0,1,1,0,1,1,2,46.06330110703823,8.931095387078713,Taverne,True,True,2111.0,TI
6808,1021,56822.71028606208,Torricella-Taverne,TI,0,0,0,0,0,0,0,46.06542094335288,8.922277673925638,Torricella,True,False,1021.0,TI
6809,348,55889.25917899702,"Comunanza Cadenazzo/Monteceneri, Monteceneri",TI,0,0,0,0,0,0,0,46.13294896248892,9.005218157150544,Medeglia,True,False,348.0,TI
6810,407,53209.9756097561,Isone,TI,0,0,0,0,0,0,0,46.12901692420672,8.986264365908408,Isone,True,False,407.0,TI
6814,3346,58072.51092755812,"Cadempino, Gravesano, Lamone",TI,1,0,1,0,0,1,1,46.03819792200777,8.930872617434469,Lamone,True,False,3346.0,TI
6815,1812,58070.997849462365,Melide,TI,0,1,1,0,0,1,1,45.95330839387712,8.945280113742703,Melide,True,False,1812.0,TI
6816,945,65038.20796460177,Bissone,TI,0,1,0,0,0,1,0,45.95209584832797,8.966464932505383,Bissone,True,False,945.0,TI
6817,714,0.0,Val Mara,TI,0,0,0,0,0,0,0,45.934681080550334,8.971484724276314,Maroggia,True,False,714.0,TI
6818,1533,0.0,Val Mara,TI,0,0,0,0,1,0,1,45.922611920116495,8.984915114918218,Melano,True,True,1533.0,TI
6821,801,0.0,Val Mara,TI,0,0,0,0,0,0,0,45.93435401081632,8.986162398995207,Rovio,True,False,801.0,TI
6822,900,52008.84126984127,Arogno,TI,0,0,0,0,0,0,0,45.9575471108416,8.98627672270365,Arogno,True,False,900.0,TI
6823,60,57988.750405730694,"Arogno, Lugano",TI,0,0,0,0,0,0,0,45.981554607901344,8.98114238069437,Pugerna,True,False,60.0,TI
6825,824,59184.610135414994,"Castel San Pietro, Mendrisio",TI,0,0,0,0,0,0,0,45.91585283987956,8.999162535830152,Capolago,True,False,824.0,TI
6826,2740,57674.28135368281,Riva San Vitale,TI,0,0,1,0,0,0,1,45.90279982529548,8.971159289490407,Riva San Vitale,True,False,2740.0,TI
6827,467,65562.02531645569,Brusino Arsizio,TI,0,0,0,0,0,0,0,45.92256686042381,8.937387993316602,Brusino Arsizio,True,False,467.0,TI
6828,3415,51709.01619566675,"Balerna, Novazzano",TI,0,0,0,1,0,1,0,45.84366437189399,9.004250810657272,Balerna,True,False,3415.0,TI
6830,6824,45290.76015193304,"Balerna, Chiasso",TI,1,1,2,0,1,2,3,45.83444528988984,9.021028861303456,Chiasso,True,True,6824.0,TI
6832,853,45253.96594039569,Chiasso,TI,0,0,0,0,0,0,0,45.826609895235634,9.006208840130554,Pedrinate,True,False,853.0,TI
6833,3511,61640.72444183314,Vacallo,TI,0,0,0,0,0,0,0,45.845530973402326,9.033977988410289,Vacallo,True,False,3511.0,TI
6834,4437,55850.91540785498,Morbio Inferiore,TI,1,1,0,0,1,2,1,45.84969706517235,9.019962794111729,Morbio Inferiore,True,True,4437.0,TI
6835,670,59719.18755555555,Breggia,TI,0,0,0,0,0,0,0,45.860461459648334,9.02351849946728,Morbio Superiore,True,False,670.0,TI
6837,475,59719.18755555555,Breggia,TI,0,0,0,0,0,0,0,45.8772577607455,9.034728387138742,Caneggio,True,False,475.0,TI
6838,382,59719.18755555555,Breggia,TI,0,0,0,0,0,0,0,45.90141689932886,9.043454131236413,Muggio,True,False,382.0,TI
6839,315,59719.18755555555,Breggia,TI,0,0,0,0,0,0,0,45.8567605685774,9.03895329560557,Sagno,True,False,315.0,TI
6850,6778,59228.55780502812,"Castel San Pietro, Mendrisio",TI,0,1,1,0,2,1,3,45.86550200949746,8.985474862623406,Mendrisio,True,True,3389.0,TI
6852,1146,59155.69054822704,Mendrisio,TI,0,0,0,0,0,0,0,45.85389235817724,8.960547068266669,Genestrerio,True,False,1146.0,TI
6853,1741,59141.32134545357,"Mendrisio, Stabio",TI,0,0,0,0,0,0,0,45.8625466589252,8.945585422336242,Ligornetto,True,False,1741.0,TI
6854,1767,54853.53402922756,Stabio,TI,0,0,0,0,0,0,0,45.85783323228533,8.937800915152064,S. Pietro,True,False,1767.0,TI
6855,2747,54863.47201078645,"Mendrisio, Stabio",TI,0,1,1,0,0,1,1,45.8474229589831,8.941558404529417,Stabio,True,False,2747.0,TI
6862,1545,59155.69054822704,Mendrisio,TI,0,0,0,0,0,0,0,45.87102914963117,8.968673546389313,Rancate,True,False,1545.0,TI
6863,574,59155.69054822704,Mendrisio,TI,0,0,0,0,0,0,0,45.87246856301943,8.952085833147331,Besazio,True,False,574.0,TI
6864,1230,59155.69054822704,Mendrisio,TI,0,1,0,0,0,1,0,45.87538503881024,8.940586823692623,Arzo,True,False,1230.0,TI
6865,461,59155.69054822704,Mendrisio,TI,0,0,0,0,0,0,0,45.87987987616139,8.956915084144574,Tremona,True,False,461.0,TI
6866,279,59155.69054822704,Mendrisio,TI,0,0,0,0,0,0,0,45.890535247438805,8.952701029575904,Meride,True,False,279.0,TI
6872,510,59155.69054822704,Mendrisio,TI,1,0,0,0,0,1,0,45.87574109059639,8.993742195555244,Salorino,True,False,510.0,TI
6873,380,65470.01089494163,Castel San Pietro,TI,0,0,0,0,0,0,0,45.86131477606551,8.995328776862898,Corteglia,True,False,380.0,TI
6874,1614,65463.31771537412,"Castel San Pietro, Mendrisio",TI,0,0,0,0,0,0,0,45.86490000362102,8.999068258530988,Castel San Pietro,True,False,1614.0,TI
6875,232,65470.01089494163,Castel San Pietro,TI,0,0,0,0,0,0,0,45.88214437216744,9.029252283501796,Monte,True,False,232.0,TI
6877,2845,59145.287356829576,"Castel San Pietro, Coldrerio",TI,0,0,1,0,0,0,1,45.85687046434722,8.98717198387014,Coldrerio,True,False,2845.0,TI
6883,2339,58943.18667699458,Novazzano,TI,0,0,0,0,0,0,0,45.842208003006746,8.979467485215658,Novazzano,True,False,2339.0,TI
6900,37711,59551.123583845525,"Lugano, Massagno, Paradiso",TI,0,0,1,1,2,1,3,45.99845569063653,8.949477018799765,Lugano,True,True,18855.5,TI
6912,1552,60185.48843243243,Lugano,TI,0,0,0,0,0,0,0,45.98352780907589,8.940705187205683,Pazzallo,True,False,1552.0,TI
6913,609,60185.48843243243,Lugano,TI,0,0,0,0,0,0,0,45.971800001222135,8.937002446552805,Carabbia,True,False,609.0,TI
6914,813,60185.48843243243,Lugano,TI,0,0,0,0,0,0,0,45.95741842265577,8.936647234861569,Carona,True,False,813.0,TI
6915,745,60185.48843243243,Lugano,TI,1,0,0,0,0,1,0,45.985370699527934,8.93067591867873,Pambio-Noranco,True,False,745.0,TI
6916,457,56787.85926710648,"Collina d'Oro, Grancia",TI,0,1,0,0,1,1,1,45.97126560616062,8.927445981907297,Grancia,True,True,457.0,TI
6917,542,60185.48843243243,Lugano,TI,0,0,0,0,0,0,0,45.96098464057725,8.916671544980868,Barbengo,True,False,542.0,TI
6918,1558,60185.48843243243,Lugano,TI,0,0,0,0,0,0,0,45.95429396916112,8.910260573067916,Figino,True,False,1558.0,TI
6919,106,83512.30273175101,Collina d'Oro,TI,0,0,0,0,0,0,0,45.96858370910868,8.899716777730003,Carabietta,True,False,106.0,TI
6921,398,87342.4705882353,Vico Morcote,TI,0,0,0,0,0,0,0,45.930776888527305,8.923862624259606,Vico Morcote,True,False,398.0,TI
6922,681,77775.2191011236,Morcote,TI,0,0,0,0,0,0,0,45.92679748579969,8.911764597698307,Morcote,True,False,681.0,TI
6924,2174,72541.4249554099,"Lugano, Sorengo",TI,0,0,0,1,0,1,0,46.00018972153387,8.939407250196801,Sorengo,True,False,2174.0,TI
6925,1526,83441.62248442408,"Collina d'Oro, Lugano",TI,0,0,0,0,1,0,1,45.99056693225799,8.933047464406748,Gentilino,True,True,1526.0,TI
6926,2615,83512.30273175101,Collina d'Oro,TI,0,0,0,0,0,0,0,45.98276210798425,8.91700208633272,Montagnola,True,False,2615.0,TI
6927,685,83512.30273175101,Collina d'Oro,TI,0,0,0,0,0,0,0,45.9700169099745,8.913986720860397,Agra,True,False,685.0,TI
6928,1379,68446.51893408135,Manno,TI,0,0,0,0,0,0,0,46.03573143002669,8.919469020749293,Manno,True,False,1379.0,TI
6929,1416,74180.7662682603,Gravesano,TI,0,0,0,1,0,1,0,46.04136415588824,8.919427930395612,Gravesano,True,False,1416.0,TI
6930,1501,66061.73415035191,"Bedano, Lamone",TI,0,0,0,0,0,0,0,46.05146757382971,8.923860758652932,Bedano,True,False,1501.0,TI
6932,5186,60185.48843243243,Lugano,TI,0,0,1,0,1,0,2,46.00703010903213,8.92905932559929,Breganzona,True,True,5186.0,TI
6933,775,70526.46784922395,Muzzano,TI,0,0,0,0,0,0,0,45.996985640135904,8.918432374429042,Muzzano,True,False,775.0,TI
6934,1859,64804.86294332282,"Agno, Bioggio, Cademario, Manno",TI,1,1,0,0,1,2,1,46.01485863559155,8.907303566846164,Bioggio,True,True,1859.0,TI
6935,482,64824.893061744115,Bioggio,TI,0,0,0,0,0,0,0,46.02562424660444,8.908746178596811,Bosco Luganese,True,False,482.0,TI
6936,784,62003.05518763796,Cademario,TI,0,0,0,0,0,0,0,46.020926571096034,8.89429740313108,Cademario,True,False,784.0,TI
6937,331,55996.888625592415,Alto Malcantone,TI,0,0,0,0,0,0,0,46.03281806376065,8.87063947452496,Breno,True,False,331.0,TI
6938,316,55996.888625592415,Alto Malcantone,TI,0,0,0,0,0,0,0,46.04280312801375,8.879932301425619,Vezio,True,False,316.0,TI
6939,727,55996.888625592415,Alto Malcantone,TI,0,0,0,0,0,0,0,46.04801023466595,8.895826796808358,Mugena,True,False,727.0,TI
6942,2344,69778.73299944533,"Porza, Savosa",TI,1,0,1,0,1,1,2,46.0203598335436,8.94490760013593,Savosa,True,True,2344.0,TI
6943,1957,61018.70780056577,"Lugano, Vezia",TI,0,0,0,0,0,0,0,46.020784083974746,8.934589167474105,Vezia,True,False,1957.0,TI
6944,1501,82326.6507904451,"Comano, Cureglia, Lamone",TI,0,0,0,0,0,0,0,46.03848092352373,8.944166911670722,Cureglia,True,False,1501.0,TI
6945,1535,77610.8780093057,"Origlio, Ponte Capriasca",TI,0,0,0,0,0,0,0,46.05422918857222,8.94964117628778,Origlio,True,False,1535.0,TI
6946,1964,65009.04621435595,Ponte Capriasca,TI,0,0,0,0,0,0,0,46.06073526634116,8.947882471650122,Ponte Capriasca,True,False,1964.0,TI
6947,591,60171.543042912876,Capriasca,TI,0,0,0,0,0,0,0,46.0608481257638,8.956893826296994,Vaglio,True,False,591.0,TI
6948,1667,93608.09039649628,"Porza, Savosa",TI,0,0,1,0,1,0,2,46.025565430410346,8.952034176710555,Porza,True,True,1667.0,TI
6949,2180,81804.3526824978,Comano,TI,0,0,0,0,0,0,0,46.036298689575645,8.955268473242102,Comano,True,False,2180.0,TI
6950,1639,60171.543042912876,Capriasca,TI,0,1,1,0,1,1,2,46.06939382521836,8.968325702638543,Tesserete,True,True,1639.0,TI
6951,538,60185.48843243243,Lugano,TI,0,0,0,0,0,0,0,46.09165521684536,9.048771683507145,Insone,True,False,538.0,TI
6952,2403,70365.60834670947,Canobbio,TI,0,1,0,0,0,1,0,46.03490779107821,8.966313660967371,Canobbio,True,False,2403.0,TI
6953,1155,60171.543042912876,Capriasca,TI,0,0,0,0,0,0,0,46.059086443677366,8.972043372633625,Lugaggia,True,False,1155.0,TI
6954,940,60171.543042912876,Capriasca,TI,0,0,0,0,0,0,0,46.06951974982363,8.956016872374182,Sala Capriasca,True,False,940.0,TI
6955,777,60171.543042912876,Capriasca,TI,0,0,0,0,0,0,0,46.06937728377635,8.980088602196497,Cagiallo,True,False,777.0,TI
6956,313,60171.543042912876,Capriasca,TI,0,0,0,0,0,0,0,46.06906646508124,8.97783029505257,Lopagno,True,False,313.0,TI
6957,163,60171.543042912876,Capriasca,TI,0,0,0,0,0,0,0,46.07351997806524,8.983100965541576,Roveredo TI,True,False,163.0,TI
6958,563,60171.57351358897,"Capriasca, Lugano",TI,0,0,0,0,0,0,0,46.08644465244939,9.013971125599468,Bidogno,True,False,563.0,TI
6959,457,60185.48843243243,Lugano,TI,0,0,0,0,0,0,0,46.08277800692379,9.04246986991137,Maglio di Colla,True,False,457.0,TI
6960,557,60171.543042912876,Capriasca,TI,0,0,0,0,0,0,0,46.088890584943854,8.97033338225296,Odogno,True,False,557.0,TI
6962,6692,60185.48843243243,Lugano,TI,0,2,1,1,0,3,1,46.01289153933542,8.970295250583654,Viganello,True,False,6692.0,TI
6963,9397,60185.48843243243,Lugano,TI,1,1,0,0,1,2,1,46.02162115467972,8.978030631504051,Pregassona,True,True,9397.0,TI
6964,1594,60185.48843243243,Lugano,TI,0,0,0,0,0,0,0,46.03525736770212,8.980275210242057,Davesco-Soragno,True,False,1594.0,TI
6965,2498,60185.48843243243,Lugano,TI,0,0,0,0,0,0,0,46.045666514462,8.9862283341855,Cadro,True,False,2498.0,TI
6966,573,60185.48843243243,Lugano,TI,0,0,0,0,0,0,0,46.05317186931216,8.99394906227052,Villa Luganese,True,False,573.0,TI
6967,963,60185.48843243243,Lugano,TI,0,0,0,0,0,0,0,46.05292737489546,8.982945017533545,Dino,True,False,963.0,TI
6968,1054,60185.48843243243,Lugano,TI,0,0,0,0,0,0,0,46.06036604976925,8.994864821255879,Sonvico,True,False,1054.0,TI
6974,435,60185.48843243243,Lugano,TI,0,0,0,0,0,0,0,46.00842091824265,8.978795157064704,Aldesago,True,False,435.0,TI
6976,1042,60185.48843243243,Lugano,TI,0,0,0,0,0,0,0,46.00176218290621,8.97951126317313,Castagnola,True,False,1042.0,TI
6977,889,60185.48843243243,Lugano,TI,0,0,0,0,0,0,0,46.00486717410203,8.977468459752425,Ruvigliana,True,False,889.0,TI
6978,223,60185.48843243243,Lugano,TI,0,0,0,0,0,0,0,46.00582618084729,9.00318915848122,Gandria,True,False,223.0,TI
6979,352,60185.48843243243,Lugano,TI,0,0,0,0,0,0,0,46.01172187402998,8.99717269773434,Brè sopra Lugano,True,False,352.0,TI
6980,367,50280.84351886111,"Lema, Tresa",TI,0,0,0,0,0,0,0,45.99825692490642,8.84160016992823,Castelrotto,True,False,367.0,TI
6981,666,0.0,Lema,TI,0,0,0,0,0,0,0,46.00721236643739,8.838287497639396,Bedigliora,True,False,666.0,TI
6982,4188,54416.89536561307,"Agno, Bioggio, Muzzano",TI,1,1,0,0,1,2,1,46.00149642949032,8.906496498482944,Agno,True,True,4188.0,TI
6983,1631,64695.712347058936,"Magliaso, Neggio",TI,0,1,1,0,0,1,1,45.98297450429898,8.883672199855583,Magliaso,True,False,1631.0,TI
6984,1368,65674.86376021798,Pura,TI,0,0,0,0,0,0,0,45.98355230731017,8.870510821315214,Pura,True,False,1368.0,TI
6986,1686,0.0,Lema,TI,0,0,0,0,0,0,0,46.012483391613,8.858205368151726,Novaggio,True,False,1686.0,TI
6987,4393,54339.53810720268,Caslano,TI,0,1,1,0,1,1,2,45.97328032606016,8.87877100470889,Caslano,True,True,4393.0,TI
6988,778,50415.45277777778,Tresa,TI,0,0,0,0,0,0,0,45.96979155040863,8.858796376084019,Ponte Tresa,True,False,778.0,TI
6989,362,50415.45277777778,Tresa,TI,0,0,0,0,0,0,0,45.978877996948825,8.849534552445295,Purasca,True,False,362.0,TI
6990,385,54371.92868462757,Agno,TI,0,0,0,0,0,0,0,45.99219101707383,8.892138262734127,Cassina d'Agno,True,False,385.0,TI
6991,300,69621.064171123,Neggio,TI,0,0,0,0,0,0,0,45.98763156233508,8.880091196359471,Neggio,True,False,300.0,TI
6992,1000,66806.60038041329,"Agno, Bioggio, Vernate",TI,0,0,0,0,0,0,0,45.99882252377775,8.89068504262395,Vernate,True,False,1000.0,TI
6993,90,64824.893061744115,Bioggio,TI,0,0,0,0,0,0,0,46.00468132057945,8.88145748670853,Iseo,True,False,90.0,TI
6994,348,64167.93298969072,Aranno,TI,0,0,0,0,0,0,0,46.01701444353536,8.87102600601315,Aranno,True,False,348.0,TI
6995,101,50415.45277777778,Tresa,TI,0,0,0,0,0,0,0,45.98809065475689,8.835123115993369,Madonna del Piano,True,False,101.0,TI
6997,637,50415.45277777778,Tresa,TI,0,0,0,0,0,0,0,46.00059120515756,8.818027330359596,Sessa,True,False,637.0,TI
6998,902,50415.45277777778,Tresa,TI,0,0,0,0,0,0,0,45.99390627004733,8.808474526643646,Monteggio,True,False,902.0,TI
6999,315,0.0,Lema,TI,0,0,0,0,0,0,0,46.012398110827,8.81557497350776,Astano,True,False,315.0,TI
7000,37863,64050.55783805957,"Chur, Churwalden",GR,2,5,2,1,3,8,5,46.84458206184632,9.538914233255138,Chur,True,True,12621.0,GR
7012,2849,72755.25839616175,Felsberg,GR,0,1,1,0,1,1,2,46.84573178586143,9.475406104778529,Felsberg,True,True,2849.0,GR
7013,8428,62747.300251543566,Domat/Ems,GR,0,1,0,0,0,1,0,46.832868194242735,9.450793926534452,Domat/Ems,True,False,8428.0,GR
7014,968,66678.16585956416,Trin,GR,0,0,0,0,0,0,0,46.82861859782575,9.359426331816898,Trin,True,False,968.0,GR
7015,1230,62792.39201883577,"Tamins, Trin",GR,0,0,0,0,0,0,0,46.8294607914603,9.3951365020733,Tamins,True,False,1230.0,GR
7016,599,66678.16585956416,Trin,GR,0,0,0,0,0,0,0,46.83265436709913,9.339235017190816,Trin Mulin,True,False,599.0,GR
7017,1724,72045.66365979382,Flims,GR,0,1,1,0,0,1,1,46.83714500853183,9.28596197217124,Flims Dorf,True,False,1724.0,GR
7018,1070,72045.66365979382,Flims,GR,0,0,0,0,0,0,0,46.82965230105015,9.288589076050176,Flims Waldhaus,True,False,1070.0,GR
7019,160,72045.66365979382,Flims,GR,0,0,0,0,0,0,0,46.84024628882072,9.30773067479286,Fidaz,True,False,160.0,GR
7023,1120,64064.25712763123,Chur,GR,0,0,1,1,1,1,2,46.87827381366968,9.52658422828192,Haldenstein,True,True,1120.0,GR
7026,540,64064.25712763123,Chur,GR,0,0,0,0,0,0,0,46.838199665655736,9.562926925663495,Maladers,True,False,540.0,GR
7027,242,64154.18351841029,Arosa,GR,0,0,0,0,0,0,0,46.83917870381748,9.604719185414218,Castiel,True,False,242.0,GR
7028,232,64154.18351841029,Arosa,GR,0,0,0,0,0,0,0,46.8381937617084,9.645391266468271,St. Peter,True,False,232.0,GR
7029,176,64154.18351841029,Arosa,GR,0,0,0,0,0,0,0,46.833931579863645,9.676234913517453,Peist,True,False,176.0,GR
7031,1863,80477.53587647593,Laax,GR,0,0,0,0,0,0,0,46.808889924307564,9.2649059954642,Laax GR,True,False,1863.0,GR
7032,241,80197.49942556984,"Falera, Laax",GR,0,0,0,0,0,0,0,46.82879446060507,9.235915239756494,Laax GR 2,True,False,241.0,GR
7050,2027,64154.18351841029,Arosa,GR,0,2,1,0,0,2,1,46.78049899594337,9.6769631089297,Arosa,True,False,2027.0,GR
7056,117,64154.18351841029,Arosa,GR,0,0,0,0,0,0,0,46.826355408348775,9.653552666113644,Molinis,True,False,117.0,GR
7057,227,64154.18351841029,Arosa,GR,0,0,0,0,0,0,0,46.82398419038249,9.724146941388168,Langwies,True,False,227.0,GR
7058,123,64154.18351841029,Arosa,GR,0,0,0,0,0,0,0,46.798928773547495,9.702090182808972,Litzirüti,True,False,123.0,GR
7062,153,61950.16923076923,Churwalden,GR,0,0,0,0,0,0,0,46.82590566716621,9.550891547293586,Passugg,True,False,153.0,GR
7063,97,64064.25712763123,Chur,GR,0,0,0,0,0,0,0,46.8244811014124,9.581486951675556,Praden,True,False,97.0,GR
7064,207,64064.25712763123,Chur,GR,0,0,0,0,0,0,0,46.81532329254599,9.605188659644233,Tschiertschen,True,False,207.0,GR
7074,710,61968.90004953543,"Chur, Churwalden",GR,0,0,0,0,0,0,0,46.82516589892382,9.525035520969748,Malix,True,False,710.0,GR
7075,912,61950.16923076923,Churwalden,GR,0,1,0,0,1,1,1,46.7819383214278,9.54260482170504,Churwalden,True,True,912.0,GR
7076,226,62057.220698740035,"Churwalden, Vaz/Obervaz",GR,0,0,0,0,0,0,0,46.76309166844611,9.55883382207805,Parpan,True,False,226.0,GR
7077,577,77904.1883024251,Vaz/Obervaz,GR,0,0,0,0,0,0,0,46.74973778064702,9.550577757682284,Valbella,True,False,577.0,GR
7078,1512,77904.1883024251,Vaz/Obervaz,GR,0,0,0,0,0,0,0,46.72619306652465,9.554680799171704,Lenzerheide/Lai,True,False,1512.0,GR
7082,599,77904.1883024251,Vaz/Obervaz,GR,0,0,0,0,0,0,0,46.69660461928331,9.531312558094752,Vaz/Obervaz,True,False,599.0,GR
7083,534,65929.52631578948,Lantsch/Lenz,GR,0,0,0,0,0,0,0,46.68555116021082,9.563090701841537,Lantsch/Lenz,True,False,534.0,GR
7084,110,55357.56088082901,Albula/Alvra,GR,0,0,0,0,0,0,0,46.669649294364525,9.589995628452284,Brienz/Brinzauls GR,True,False,110.0,GR
7104,272,51799.73454545454,Safiental,GR,0,0,0,0,0,0,0,46.788098747883424,9.333667550822671,Versam,True,False,272.0,GR
7106,102,51799.73454545454,Safiental,GR,0,0,0,0,0,0,0,46.7479072829228,9.338368062750463,Tenna,True,False,102.0,GR
7107,135,51799.73454545454,Safiental,GR,0,0,0,0,0,0,0,46.69534251448539,9.314874137455927,Safien Platz,True,False,135.0,GR
7109,108,51799.73454545454,Safiental,GR,0,0,0,0,0,0,0,46.65498467515678,9.283559954330917,Thalkirch,True,False,108.0,GR
7110,15,52491.96761133604,Lumnezia,GR,0,0,0,0,0,0,0,46.71999860476831,9.196176088229468,Peiden,True,False,15.0,GR
7111,81,56829.13416370107,Ilanz/Glion,GR,0,0,0,0,0,0,0,46.73056402124328,9.22097761970408,Pitasch,True,False,81.0,GR
7112,79,56829.13416370107,Ilanz/Glion,GR,0,0,0,0,0,0,0,46.715038330189216,9.213766700470904,Duvin,True,False,79.0,GR
7113,35,52491.96761133604,Lumnezia,GR,0,0,0,0,0,0,0,46.7033189682557,9.197202308662217,Camuns,True,False,35.0,GR
7114,60,52491.96761133604,Lumnezia,GR,0,0,0,0,0,0,0,46.70119339455462,9.183871400025234,Uors (Lumnezia),True,False,60.0,GR
7115,66,52491.96761133604,Lumnezia,GR,0,0,0,0,0,0,0,46.696906329054016,9.17707633311961,Surcasti,True,False,66.0,GR
7116,70,54871.53101183372,"Lumnezia, Vals",GR,0,0,0,0,0,0,0,46.67768651284578,9.188287366532313,Tersnaus,True,False,70.0,GR
7122,348,51823.67448763739,"Ilanz/Glion, Safiental",GR,0,0,0,0,0,0,0,46.78225761202031,9.273385681451227,Valendas,True,False,348.0,GR
7126,418,56829.13416370107,Ilanz/Glion,GR,0,0,1,0,0,0,1,46.77561356440847,9.231465101717204,Castrisch,True,False,418.0,GR
7127,220,56829.13416370107,Ilanz/Glion,GR,0,0,0,0,0,0,0,46.76370940150214,9.220554780715084,Sevgein,True,False,220.0,GR
7128,62,56829.13416370107,Ilanz/Glion,GR,0,0,0,0,0,0,0,46.74799457741644,9.236345587392048,Riein,True,False,62.0,GR
7130,3051,56829.13416370107,Ilanz/Glion,GR,1,1,1,0,1,2,2,46.77510101871651,9.190835256195893,Ilanz,True,True,3051.0,GR
7132,917,57251.094412331404,Vals,GR,0,0,0,0,0,0,0,46.61459874289318,9.17683160537252,Vals,True,False,917.0,GR
7134,787,59413.936688448965,"Breil/Brigels, Obersaxen Mundaun",GR,0,0,0,0,0,0,0,46.74778852604635,9.071946529586793,Obersaxen,True,False,787.0,GR
7137,221,59445.02080237742,Obersaxen Mundaun,GR,0,0,0,0,0,0,0,46.76760258729832,9.164520474523435,Flond,True,False,221.0,GR
7138,143,59445.02080237742,Obersaxen Mundaun,GR,0,0,0,0,0,0,0,46.759009397717705,9.142394077577435,Surcuolm,True,False,143.0,GR
7141,151,56829.13416370107,Ilanz/Glion,GR,0,0,0,0,0,0,0,46.75834969799462,9.19657548219648,Luven,True,False,151.0,GR
7142,235,52514.21727574966,"Ilanz/Glion, Lumnezia",GR,0,0,0,0,0,0,0,46.73577315242471,9.201004371471884,Cumbel,True,False,235.0,GR
7143,219,52491.96761133604,Lumnezia,GR,0,0,0,0,0,0,0,46.72888664601472,9.180449371505144,Morissen,True,False,219.0,GR
7144,538,52491.96761133604,Lumnezia,GR,0,0,0,0,0,0,0,46.71819385208487,9.171822831239822,Vella,True,False,538.0,GR
7145,135,52491.96761133604,Lumnezia,GR,0,0,0,0,0,0,0,46.70768800547548,9.168633916745074,Degen,True,False,135.0,GR
7146,73,52491.96761133604,Lumnezia,GR,0,0,0,0,0,0,0,46.70818731164812,9.157034768073729,Vattiz,True,False,73.0,GR
7147,164,52491.96761133604,Lumnezia,GR,0,0,0,0,0,0,0,46.69953546412438,9.15558224929833,Vignogn,True,False,164.0,GR
7148,308,52491.96761133604,Lumnezia,GR,0,0,0,0,0,0,0,46.68275201079747,9.135947463168025,Lumbrein,True,False,308.0,GR
7149,169,52491.96761133604,Lumnezia,GR,0,0,0,0,0,0,0,46.6531039732708,9.095672201645057,Vrin,True,False,169.0,GR
7151,611,60910.54733727811,Schluein,GR,0,0,0,1,0,1,0,46.78743440449892,9.228164371264484,Schluein,True,False,611.0,GR
7152,777,66775.3607748184,Sagogn,GR,0,0,0,0,0,0,0,46.79185980134065,9.25617667729658,Sagogn,True,False,777.0,GR
7153,651,76087.56172839506,Falera,GR,0,0,0,0,0,0,0,46.80189243614669,9.230544693563546,Falera,True,False,651.0,GR
7154,348,56829.13416370107,Ilanz/Glion,GR,0,0,0,0,0,0,0,46.78546558684036,9.190923810315528,Ruschein,True,False,348.0,GR
7155,95,56829.13416370107,Ilanz/Glion,GR,0,0,0,0,0,0,0,46.79089851169816,9.201554597654589,Ladir,True,False,95.0,GR
7156,442,56829.13416370107,Ilanz/Glion,GR,0,0,0,0,0,0,0,46.79489471795487,9.132120054602732,Rueun,True,False,442.0,GR
7157,154,56829.13416370107,Ilanz/Glion,GR,0,0,0,0,0,0,0,46.79118868993119,9.160717177996386,Siat,True,False,154.0,GR
7158,315,56441.724770642206,Breil/Brigels,GR,0,0,0,0,0,0,0,46.77715321813895,9.108575681559774,Waltensburg/Vuorz,True,False,315.0,GR
7159,218,56441.724770642206,Breil/Brigels,GR,0,0,0,0,0,0,0,46.78682770346468,9.11211099818894,Andiast,True,False,218.0,GR
7162,116,56441.724770642206,Breil/Brigels,GR,0,0,0,0,0,0,0,46.75588963416493,9.066404062990944,Tavanasa,True,False,116.0,GR
7163,296,56441.724770642206,Breil/Brigels,GR,0,0,0,0,0,0,0,46.75511137347219,9.054690163293207,Danis,True,False,296.0,GR
7164,139,56441.724770642206,Breil/Brigels,GR,0,0,0,0,0,0,0,46.75700926477075,9.041969679689256,Dardin,True,False,139.0,GR
7165,654,56441.724770642206,Breil/Brigels,GR,0,0,0,0,0,0,0,46.77030675498563,9.061745584273732,Breil/Brigels,True,False,654.0,GR
7166,963,52876.062409288825,Trun,GR,0,0,0,0,0,0,0,46.74270123379947,8.986090481965785,Trun,True,False,963.0,GR
7167,91,52876.062409288825,Trun,GR,0,0,0,0,0,0,0,46.740240586125566,9.005533075341685,Zignau,True,False,91.0,GR
7168,76,52876.062409288825,Trun,GR,0,0,0,0,0,0,0,46.75410714791814,9.01454978217899,Schlans,True,False,76.0,GR
7172,410,52980.30546826998,"Sumvitg, Trun",GR,0,0,0,0,0,0,0,46.737335824168014,8.960902074884803,Rabius,True,False,410.0,GR
7173,203,52983.95884146341,Sumvitg,GR,0,0,0,0,0,0,0,46.712938725736514,8.947800209542933,Surrein,True,False,203.0,GR
7174,22,52983.95884146341,Sumvitg,GR,0,0,0,0,0,0,0,46.734894238998855,8.939424565588375,S. Benedetg,True,False,22.0,GR
7175,280,52983.95884146341,Sumvitg,GR,0,0,0,0,0,0,0,46.729229495044,8.935053760453695,Sumvitg,True,False,280.0,GR
7176,139,52983.95884146341,Sumvitg,GR,0,0,0,0,0,0,0,46.71992029920741,8.92036591758265,Cumpadials,True,False,139.0,GR
7180,1851,59409.45285721206,"Disentis/Mustér, Sumvitg",GR,0,1,0,0,0,1,0,46.71090461968177,8.876637321165333,Disentis/Mustér,True,False,1851.0,GR
7182,14,59503.26568265683,Disentis/Mustér,GR,0,0,0,0,0,0,0,46.707374597712814,8.884917268794956,Cavardiras,True,False,14.0,GR
7183,43,59503.26568265683,Disentis/Mustér,GR,0,0,0,0,0,0,0,46.68578213363011,8.841692417981207,Mumpé Medel,True,False,43.0,GR
7184,263,54281.95,Medel (Lucmagn),GR,0,0,0,0,0,0,0,46.67349227836396,8.858404187198273,Curaglia,True,False,263.0,GR
7185,67,54281.95,Medel (Lucmagn),GR,0,0,0,0,0,0,0,46.64478846332827,8.847081331882224,Platta,True,False,67.0,GR
7186,260,59503.26568265683,Disentis/Mustér,GR,0,0,0,0,0,0,0,46.69240755381224,8.828907085341562,Segnas,True,False,260.0,GR
7187,200,55985.65090403338,Tujetsch,GR,0,1,0,0,0,1,0,46.67999859770158,8.764142138596418,Camischolas,True,False,200.0,GR
7188,743,55985.65090403338,Tujetsch,GR,0,0,1,0,0,0,1,46.679946449640696,8.777840324440694,Sedrun,True,False,743.0,GR
7189,243,55985.65090403338,Tujetsch,GR,0,0,0,0,0,0,0,46.67179340019389,8.741525723084486,Rueras,True,False,243.0,GR
7202,196,68305.56253383866,Trimmis,GR,0,0,0,0,0,0,0,46.90446437827207,9.580355926857468,Says,True,False,196.0,GR
7203,3276,68305.56253383866,Trimmis,GR,0,0,1,0,0,0,1,46.90056345377536,9.561767910024612,Trimmis,True,False,3276.0,GR
7204,2678,66021.27880621841,"Landquart, Untervaz",GR,0,0,0,0,0,0,0,46.93795086244775,9.539157987834605,Untervaz,True,False,2678.0,GR
7205,3827,66440.71499257794,Zizers,GR,0,0,0,0,0,0,0,46.93533414156988,9.565625028329286,Zizers,True,False,3827.0,GR
7206,3739,62345.21989202658,Landquart,GR,0,0,0,0,0,0,0,46.9465236580666,9.573610436673231,Igis,True,False,3739.0,GR
7208,2530,81325.32050384885,Malans,GR,0,0,0,0,0,0,0,46.98152215891026,9.573911255203392,Malans GR,True,False,2530.0,GR
7212,1484,61579.9454770756,Seewis im Prättigau,GR,0,0,0,0,0,0,0,46.98394632022545,9.636544872692468,Seewis Dorf,True,False,1484.0,GR
7213,109,64399.233177541624,"Grüsch, Trimmis",GR,0,0,0,0,0,0,0,46.93070692633712,9.616210684406576,Valzeina,True,False,109.0,GR
7214,1635,63799.42062852538,Grüsch,GR,0,0,0,0,0,0,0,46.97523575883121,9.644970889578374,Grüsch,True,False,1635.0,GR
7215,446,63782.53042262285,"Grüsch, Seewis im Prättigau",GR,0,0,0,0,0,0,0,47.00108935163435,9.661942096440187,Fanas,True,False,446.0,GR
7220,2541,58555.86838624338,Schiers,GR,0,1,1,0,0,1,1,46.97207682939956,9.688487646813629,Schiers,True,False,2541.0,GR
7222,221,59419.97062360206,"Luzein, Schiers",GR,0,0,0,0,0,0,0,46.94808892733116,9.713159867291813,Lunden,True,False,221.0,GR
7223,195,60673.97368421053,Luzein,GR,0,0,0,0,0,0,0,46.94066907362621,9.71860067739814,Buchen im Prättigau,True,False,195.0,GR
7224,102,60673.97368421053,Luzein,GR,0,0,0,0,0,0,0,46.92634712383863,9.743095192507012,Putz,True,False,102.0,GR
7226,203,58751.84607893779,"Luzein, Schiers",GR,0,0,0,0,0,0,0,46.96506521284184,9.72439846996072,Stels,True,False,203.0,GR
7228,156,58555.86838624338,Schiers,GR,0,0,0,0,0,0,0,46.989211809597016,9.724760936782324,Schuders,True,False,156.0,GR
7231,461,57204.25112781955,Jenaz,GR,0,0,0,0,0,0,0,46.93847958294499,9.704685979540963,Pragg-Jenaz,True,False,461.0,GR
7232,200,55303.16009769288,"Furna, Jenaz",GR,0,0,0,0,0,0,0,46.940302154550345,9.67790097549954,Furna,True,False,200.0,GR
7233,689,57204.25112781955,Jenaz,GR,0,0,0,0,0,0,0,46.92818703585864,9.71545688661538,Jenaz,True,False,689.0,GR
7235,634,58737.88603988605,Fideris,GR,0,0,0,0,0,0,0,46.91224868440885,9.74204413198344,Fideris,True,False,634.0,GR
7240,1028,59146.429795549055,"Küblis, Luzein",GR,0,1,1,0,0,1,1,46.914910467784296,9.773441202101251,Küblis,True,False,1028.0,GR
7241,235,67194.7205882353,Conters im Prättigau,GR,0,0,0,0,0,0,0,46.902275325097385,9.796500098569211,Conters im Prättigau,True,False,235.0,GR
7242,170,60673.97368421053,Luzein,GR,0,0,0,0,0,0,0,46.920621609870885,9.763667651845845,Luzein,True,False,170.0,GR
7243,675,60673.97368421053,Luzein,GR,0,0,0,0,0,0,0,46.93129111277441,9.76384041273458,Pany,True,False,675.0,GR
7244,26,60673.97368421053,Luzein,GR,0,0,0,0,0,0,0,46.94311072610032,9.793601806485746,Gadenstätt,True,False,26.0,GR
7245,111,60673.97368421053,Luzein,GR,0,0,0,0,0,0,0,46.957774523130745,9.809110504467323,Ascharina,True,False,111.0,GR
7246,208,60673.97368421053,Luzein,GR,0,0,0,0,0,0,0,46.97333022373937,9.828795779750235,St. Antönien,True,False,208.0,GR
7247,789,68359.1337398374,Klosters,GR,0,0,0,0,0,0,0,46.91144963986733,9.812412001603736,Saas im Prättigau,True,False,789.0,GR
7249,480,68359.1337398374,Klosters,GR,0,0,0,0,0,0,0,46.89157570272632,9.84016589992583,Serneus,True,False,480.0,GR
7250,2600,68359.1337398374,Klosters,GR,0,1,0,0,0,1,0,46.86822337754244,9.889722229102256,Klosters,True,False,2600.0,GR
7252,628,68359.1337398374,Klosters,GR,0,0,0,0,0,0,0,46.88499938126177,9.871992004599791,Klosters Dorf,True,False,628.0,GR
7260,2798,72432.94359691169,"Arosa, Davos",GR,0,0,0,0,1,0,1,46.82008971871968,9.820805044275332,Davos Dorf,True,True,2798.0,GR
7265,650,72352.37966182058,"Davos, Klosters",GR,0,0,0,0,0,0,0,46.84358584455663,9.867831520434656,Davos Wolfgang,True,False,650.0,GR
7270,5759,72438.32829101387,Davos,GR,1,1,1,0,2,2,3,46.79363946238468,9.82227575939766,Davos Platz,True,True,2879.5,GR
7272,255,72438.32829101387,Davos,GR,0,0,0,0,0,0,0,46.75761830619322,9.829390814338032,Davos Clavadel,True,False,255.0,GR
7276,338,72438.32829101387,Davos,GR,0,0,0,0,0,0,0,46.76454894383764,9.792110915251952,Davos Frauenkirch,True,False,338.0,GR
7277,400,72438.32829101387,Davos,GR,0,0,0,0,0,0,0,46.7447793044613,9.782384725135316,Davos Glaris,True,False,400.0,GR
7278,153,72438.32829101387,Davos,GR,0,0,0,0,0,0,0,46.71195628770759,9.773265330066922,Davos Monstein,True,False,153.0,GR
7302,4949,63359.54646850788,"Landquart, Maienfeld, Zizers",GR,1,1,1,1,1,3,2,46.96515584271327,9.557000578205187,Landquart,True,True,4949.0,GR
7303,612,62345.21989202658,Landquart,GR,0,0,0,0,0,0,0,46.96661210811727,9.543742629873709,Mastrils,True,False,612.0,GR
7304,3327,80405.49575107383,"Fläsch, Maienfeld",GR,0,0,0,0,0,0,0,47.024576914109474,9.55492120144393,Maienfeld,True,False,3327.0,GR
7306,881,80392.0,Fläsch,GR,0,0,0,0,0,0,0,47.026692091528986,9.513229003041728,Fläsch,True,False,881.0,GR
7307,979,79859.83491461101,Jenins,GR,0,0,0,0,0,0,0,47.000542142238736,9.557569203504729,Jenins,True,False,979.0,GR
7310,6829,66630.312150056,Bad Ragaz,SG,0,1,0,0,1,1,1,47.00703831431429,9.50135352366849,Bad Ragaz,True,True,6829.0,SG
7312,642,61119.18491484185,Pfäfers,SG,0,0,0,0,0,0,0,46.99003731511461,9.50104197382006,Pfäfers,True,False,642.0,SG
7313,104,61142.61444325585,"Landquart, Pfäfers","GR, SG",0,0,0,0,0,0,0,46.96928370824969,9.515432963029438,St. Margrethenberg,True,False,104.0,SG
7314,48,61119.18491484185,Pfäfers,SG,0,0,0,0,0,0,0,46.95715351642114,9.48622949339884,Vadura,True,False,48.0,SG
7315,406,61427.68715039736,"Pfäfers, Tamins","GR, SG",0,0,0,0,0,0,0,46.89210486902398,9.425713950186593,Vättis,True,False,406.0,SG
7317,457,61466.19304120711,"Bad Ragaz, Pfäfers",SG,0,0,0,0,0,0,0,46.97337878661708,9.478576086892916,Valens,True,False,457.0,SG
7320,6654,62716.83949756376,"Sargans, Wartau",SG,0,1,0,0,0,1,0,47.05849444360267,9.4557185153355,Sargans,True,False,6654.0,SG
7323,2979,65571.39779635258,Vilters-Wangs,SG,0,0,0,0,0,0,0,47.02971326144423,9.4316497878286,Wangs,True,False,2979.0,SG
7324,2189,65571.39779635258,Vilters-Wangs,SG,0,0,0,0,0,0,0,47.02630158296075,9.451827090864445,Vilters,True,False,2189.0,SG
7325,83,64088.983208218095,Mels,SG,0,0,0,0,0,0,0,47.010534539199725,9.363953123542228,Schwendi im Weisstannental,True,False,83.0,SG
7326,114,64088.983208218095,Mels,SG,0,0,0,0,0,0,0,46.9895064073676,9.334822297013226,Weisstannen,True,False,114.0,SG
7402,3625,67883.22956421983,"Bonaduz, Safiental",GR,0,0,0,0,0,0,0,46.79334253447137,9.378449660261502,Bonaduz,True,False,3625.0,GR
7403,1607,63982.69629629629,Rhäzüns,GR,0,1,1,0,0,1,1,46.7986122231758,9.396918197416673,Rhäzüns,True,False,1607.0,GR
7404,141,63983.01191421763,Domleschg,GR,0,0,0,0,0,0,0,46.79496830442225,9.432777477563544,Feldis/Veulden,True,False,141.0,GR
7405,339,57856.36694354386,"Cazis, Rothenbrunnen",GR,0,0,0,0,0,0,0,46.76701002952187,9.42273336420695,Rothenbrunnen,True,False,339.0,GR
7407,49,63983.01191421763,Domleschg,GR,0,0,0,0,0,0,0,46.761942298485074,9.466098361775815,Trans,True,False,49.0,GR
7408,1550,54402.80358534685,Cazis,GR,0,0,0,0,0,0,0,46.72665018654922,9.428811998714544,Cazis,True,False,1550.0,GR
7411,954,61102.37142857143,Sils im Domleschg,GR,0,0,0,0,0,0,0,46.70325919331982,9.45465867049057,Sils im Domleschg,True,False,954.0,GR
7412,846,62479.764344262294,Scharans,GR,0,0,0,0,0,0,0,46.71710604670321,9.458826474311646,Scharans,True,False,846.0,GR
7413,184,65125.751243781095,Fürstenau,GR,0,0,0,0,0,0,0,46.71369547756973,9.450692179180026,Fürstenaubruck,True,False,184.0,GR
7414,169,65125.751243781095,Fürstenau,GR,0,0,0,0,0,0,0,46.72077720524435,9.4486535078785,Fürstenau,True,False,169.0,GR
7415,613,63609.335888350026,"Cazis, Domleschg",GR,0,0,0,0,0,0,0,46.734366435555565,9.44105004629179,Rodels,True,False,613.0,GR
7416,203,63983.01191421763,Domleschg,GR,0,0,0,0,0,0,0,46.73708529049742,9.456132776491009,Almens,True,False,203.0,GR
7417,568,63983.01191421763,Domleschg,GR,0,0,0,0,0,0,0,46.74858905288858,9.444179121697406,Paspels,True,False,568.0,GR
7418,516,63983.01191421763,Domleschg,GR,0,0,0,0,0,0,0,46.76207769385134,9.442638330451224,Tumegl/Tomils,True,False,516.0,GR
7419,144,63983.01191421763,Domleschg,GR,0,0,0,0,0,0,0,46.78157495472543,9.450437051967029,Scheid,True,False,144.0,GR
7421,469,55654.65271141471,"Cazis, Masein",GR,1,0,0,0,0,1,0,46.71194821428767,9.430794508852664,Summaprada,True,False,469.0,GR
7422,169,54402.80358534685,Cazis,GR,0,0,0,0,0,0,0,46.71861501637561,9.419487784556749,Tartar,True,False,169.0,GR
7423,199,54402.80358534685,Cazis,GR,0,0,0,0,0,0,0,46.716662656429975,9.396795829375796,Sarn,True,False,199.0,GR
7424,172,54402.80358534685,Cazis,GR,0,0,0,0,0,0,0,46.73814143078275,9.404139115133532,Präz,True,False,172.0,GR
7425,527,63708.15648854962,Masein,GR,0,2,0,0,0,2,0,46.70103231812247,9.428782677957011,Masein,True,False,527.0,GR
7426,253,57742.506578947374,Flerden,GR,0,0,0,0,0,0,0,46.70209319487838,9.40654714103431,Flerden,True,False,253.0,GR
7427,162,69533.875,Urmein,GR,0,0,0,0,0,0,0,46.69688299936757,9.39138245825761,Urmein,True,False,162.0,GR
7428,148,47787.35897435898,Tschappina,GR,0,0,0,0,0,0,0,46.68909507810343,9.376350533492648,Tschappina,True,False,148.0,GR
7430,3463,52555.15747246563,"Rongellen, Thusis",GR,0,0,0,1,1,1,1,46.6863158713695,9.44210623210292,Thusis,True,True,3463.0,GR
7431,45,53574.772087788406,Thusis,GR,0,0,0,0,0,0,0,46.67580452088952,9.493455640784596,Mutten,True,False,45.0,GR
7432,440,55134.24399999999,Zillis-Reischen,GR,0,0,0,0,0,0,0,46.63761009105502,9.44781913361468,Zillis,True,False,440.0,GR
7433,378,51837.94470046084,Muntogna da Schons,GR,0,0,0,0,0,0,0,46.63636723669704,9.4155849129825,Donat,True,False,378.0,GR
7434,146,63673.36363636364,Sufers,GR,0,0,0,0,0,0,0,46.57197918843512,9.367000891904611,Sufers,True,False,146.0,GR
7435,345,56217.625786163524,Rheinwald,GR,0,0,0,0,0,0,0,46.552451785192666,9.322518983932405,Splügen,True,False,345.0,GR
7436,51,56217.625786163524,Rheinwald,GR,0,0,0,0,0,0,0,46.54821792817914,9.294357334655638,Medels im Rheinwald,True,False,51.0,GR
7437,138,56217.625786163524,Rheinwald,GR,0,0,0,0,0,0,0,46.54120513576381,9.244277337599144,Nufenen,True,False,138.0,GR
7438,64,56217.625786163524,Rheinwald,GR,0,0,0,0,0,0,0,46.53195896483865,9.196980839039,Hinterrhein,True,False,64.0,GR
7440,747,60951.5393939394,Andeer,GR,0,0,0,0,0,0,0,46.601328779294434,9.425229579397124,Andeer,True,False,747.0,GR
7442,38,60951.5393939394,Andeer,GR,0,0,0,0,0,0,0,46.615811223585546,9.423972885942998,Clugin,True,False,38.0,GR
7443,127,60951.5393939394,Andeer,GR,0,0,0,0,0,0,0,46.61285776700188,9.438476433508244,Pignia,True,False,127.0,GR
7444,37,52615.50980392156,Ferrera,GR,0,0,0,0,0,0,0,46.55872045860476,9.443715248209475,Ausserferrera,True,False,37.0,GR
7445,37,52615.50980392156,Ferrera,GR,0,0,0,0,0,0,0,46.52001964388898,9.446661948892013,Innerferrera,True,False,37.0,GR
7447,138,54960.553231020036,"Avers, Bregaglia",GR,0,0,0,0,0,0,0,46.43575977233324,9.510049142113902,Avers,True,False,138.0,GR
7448,28,54868.44444444445,Avers,GR,0,0,0,0,0,0,0,46.44540208590135,9.579612229596185,Juf,True,False,28.0,GR
7450,266,56466.4040174231,"Albula/Alvra, Vaz/Obervaz",GR,0,0,0,0,0,0,0,46.672057132212586,9.54495151156029,Tiefencastel,True,False,266.0,GR
7451,109,55357.56088082901,Albula/Alvra,GR,0,0,0,0,0,0,0,46.67534312712779,9.550687222224674,Alvaschein,True,False,109.0,GR
7452,288,59036.12207602339,Surses,GR,0,0,0,0,0,0,0,46.6076863556629,9.592177737855469,Cunter,True,False,288.0,GR
7453,204,59036.12207602339,Surses,GR,0,0,0,0,0,0,0,46.58276191373304,9.625054098638651,Tinizong,True,False,204.0,GR
7454,57,59036.12207602339,Surses,GR,0,0,0,0,0,0,0,46.56031555288723,9.625190565278748,Rona,True,False,57.0,GR
7455,13,59036.12207602339,Surses,GR,0,0,0,0,0,0,0,46.52323170511114,9.614331830036388,Mulegns,True,False,13.0,GR
7456,131,59036.12207602339,Surses,GR,0,0,0,0,0,0,0,46.51370298515885,9.653595607881176,Sur,True,False,131.0,GR
7457,166,59036.12207602339,Surses,GR,0,0,0,0,0,0,0,46.46757236664048,9.65110395237432,Bivio,True,False,166.0,GR
7458,66,55357.56088082901,Albula/Alvra,GR,0,0,0,0,0,0,0,46.65093593853847,9.561467665427031,Mon,True,False,66.0,GR
7459,123,55357.56088082901,Albula/Alvra,GR,0,0,0,0,0,0,0,46.66303772093511,9.539226443063209,Stierva,True,False,123.0,GR
7460,1172,59036.12207602339,Surses,GR,0,0,0,0,0,0,0,46.59745962506101,9.599028986951351,Savognin,True,False,1172.0,GR
7462,190,59036.12207602339,Surses,GR,0,0,0,0,0,0,0,46.62642466552822,9.573893176135403,Salouf,True,False,190.0,GR
7463,144,59036.12207602339,Surses,GR,0,0,0,0,0,0,0,46.609069406453806,9.581838760608765,Riom,True,False,144.0,GR
7464,129,59036.12207602339,Surses,GR,0,0,0,0,0,0,0,46.59975239619137,9.571468777047311,Parsonz,True,False,129.0,GR
7472,239,55357.56088082901,Albula/Alvra,GR,0,0,0,0,0,0,0,46.66590682419176,9.616460517556456,Surava,True,False,239.0,GR
7473,66,55357.56088082901,Albula/Alvra,GR,0,0,0,0,0,0,0,46.66965759961527,9.64879696763362,Alvaneu Bad,True,False,66.0,GR
7477,448,57161.85416666666,Bergün Filisur,GR,0,1,0,0,0,1,0,46.67199190448,9.686335021325378,Filisur,True,False,448.0,GR
7482,368,57161.85416666666,Bergün Filisur,GR,0,0,0,0,0,0,0,46.62381628163647,9.751244718311566,Bergün/Bravuogn,True,False,368.0,GR
7484,67,57161.85416666666,Bergün Filisur,GR,0,0,0,0,0,0,0,46.63459502129358,9.751291302676902,Latsch,True,False,67.0,GR
7492,346,55357.56088082901,Albula/Alvra,GR,0,0,0,0,0,0,0,46.67905482367168,9.645899903708964,Alvaneu Dorf,True,False,346.0,GR
7493,213,54706.813008130084,Schmitten (GR),GR,0,0,0,0,0,0,0,46.68709749636761,9.673272317122308,Schmitten (Albula),True,False,213.0,GR
7494,398,71524.33684415418,"Bergün Filisur, Davos",GR,0,0,0,0,0,0,0,46.69995271994974,9.720056481766225,Davos Wiesen,True,False,398.0,GR
7500,4791,80719.64459078085,"Celerina/Schlarigna, St. Moritz",GR,0,2,0,1,0,3,0,46.4897825421415,9.850214036948511,St. Moritz,True,False,4791.0,GR
7502,627,79364.540625,Bever,GR,0,0,0,0,0,0,0,46.55230733599462,9.88858490278194,Bever,True,False,627.0,GR
7503,2925,71929.0,Samedan,GR,1,1,1,0,1,2,2,46.53428698223447,9.871519645426142,Samedan,True,True,2925.0,GR
7504,2078,88768.32235884306,"Celerina/Schlarigna, Pontresina, Samedan",GR,0,1,0,0,0,1,0,46.47361284168739,9.88791261091196,Pontresina,True,False,2078.0,GR
7505,1398,136984.1038406828,Celerina/Schlarigna,GR,0,1,0,0,0,1,0,46.51232997385844,9.857901135576135,Celerina/Schlarigna,True,False,1398.0,GR
7512,461,83201.19057562742,"Silvaplana, St. Moritz",GR,0,0,0,0,0,0,0,46.47815627219568,9.812120461486987,Champfèr,True,False,461.0,GR
7513,895,85754.24497534092,"Samedan, Silvaplana",GR,0,0,0,0,0,0,0,46.44533545091406,9.809230679705204,Silvaplana,True,False,895.0,GR
7514,612,85365.48844884489,Sils im Engadin/Segl,GR,0,0,0,0,0,0,0,46.423194607748925,9.764783713504874,Sils/Segl Maria,True,False,612.0,GR
7515,73,85365.48844884489,Sils im Engadin/Segl,GR,0,0,0,0,0,0,0,46.43278712132462,9.757144630700932,Sils/Segl Baselgia,True,False,73.0,GR
7516,370,63196.54449648712,Bregaglia,GR,0,0,0,0,0,0,0,46.403849299190064,9.698524423476092,Maloja,True,False,370.0,GR
7517,8,85365.48844884489,Sils im Engadin/Segl,GR,0,0,0,0,0,0,0,46.42266422949196,9.716655588298092,Plaun da Lej,True,False,8.0,GR
7522,763,78297.05,La Punt Chamues-ch,GR,0,0,0,0,0,0,0,46.576324496567935,9.928540646546669,La Punt Chamues-ch,True,False,763.0,GR
7523,206,77761.4953271028,Madulain,GR,0,0,0,0,0,0,0,46.587756416238605,9.939536841083672,Madulain,True,False,206.0,GR
7524,1210,81828.74502712478,Zuoz,GR,0,1,0,0,0,1,0,46.60137241719836,9.958356439536557,Zuoz,True,False,1210.0,GR
7525,529,75788.62953367876,S-chanf,GR,0,0,0,0,0,0,0,46.61288732850805,9.986085848174476,S-chanf,True,False,529.0,GR
7526,207,75788.62953367876,S-chanf,GR,0,0,0,0,0,0,0,46.63798929387481,10.013868166241544,Cinuos-chel,True,False,207.0,GR
7527,107,64035.85301507538,Zernez,GR,0,0,0,0,0,0,0,46.65491640336216,10.032837344858704,Brail,True,False,107.0,GR
7530,1075,64035.85301507538,Zernez,GR,0,1,1,0,0,1,1,46.69947861339,10.09337913967246,Zernez,True,False,1075.0,GR
7532,154,54443.870114942525,Val Müstair,GR,0,0,0,0,0,0,0,46.6275837822737,10.336447382817624,Tschierv,True,False,154.0,GR
7533,117,54443.870114942525,Val Müstair,GR,0,0,0,0,0,0,0,46.60970278902689,10.369619935350302,Fuldera,True,False,117.0,GR
7534,50,54443.870114942525,Val Müstair,GR,0,0,0,0,0,0,0,46.61963957913961,10.374209102222364,Lü,True,False,50.0,GR
7535,170,54443.870114942525,Val Müstair,GR,0,0,0,0,0,0,0,46.60106961414531,10.405746732550874,Valchava,True,False,170.0,GR
7536,331,54443.870114942525,Val Müstair,GR,0,0,0,0,0,0,0,46.60293214196568,10.424016769088224,Sta. Maria Val Müstair,True,False,331.0,GR
7537,605,54443.870114942525,Val Müstair,GR,0,0,1,0,0,0,1,46.625643012608144,10.446975509766949,Müstair,True,False,605.0,GR
7542,202,64035.85301507538,Zernez,GR,0,0,0,0,0,0,0,46.7503424443668,10.078586395081246,Susch,True,False,202.0,GR
7543,202,64035.85301507538,Zernez,GR,0,0,0,0,0,0,0,46.76743247369542,10.110769356569788,Lavin,True,False,202.0,GR
7545,171,64021.92845528454,Scuol,GR,0,0,0,0,0,0,0,46.77549366943382,10.153249769766148,Guarda,True,False,171.0,GR
7546,380,64021.92845528454,Scuol,GR,0,0,0,0,0,0,0,46.7759219893221,10.19955862735866,Ardez,True,False,380.0,GR
7550,2441,64021.92845528454,Scuol,GR,0,1,1,0,0,1,1,46.79743788223406,10.29959401868657,Scuol,True,False,2441.0,GR
7551,465,64021.92845528454,Scuol,GR,0,0,0,0,0,0,0,46.79396653798888,10.248360257956591,Ftan,True,False,465.0,GR
7552,139,64021.92845528454,Scuol,GR,0,0,0,0,0,0,0,46.78719256867857,10.28742577565315,Vulpera,True,False,139.0,GR
7553,217,64021.92845528454,Scuol,GR,0,0,0,0,0,0,0,46.77853978033697,10.261077371232105,Tarasp,True,False,217.0,GR
7554,784,64021.92845528454,Scuol,GR,0,0,0,0,0,0,0,46.817289812016426,10.33905519401187,Sent,True,False,784.0,GR
7556,356,55817.39065817409,Valsot,GR,0,0,0,0,0,0,0,46.83455074603854,10.38180192743752,Ramosch,True,False,356.0,GR
7557,62,56299.98157140014,"Scuol, Valsot",GR,0,0,0,0,0,0,0,46.85720573383792,10.346668894674549,Vnà,True,False,62.0,GR
7558,180,55817.39065817409,Valsot,GR,0,0,0,0,0,0,0,46.86408260656925,10.434917862712036,Strada,True,False,180.0,GR
7559,148,55817.39065817409,Valsot,GR,0,0,0,0,0,0,0,46.87023602711336,10.425088152119509,Tschlin,True,False,148.0,GR
7560,80,55817.39065817409,Valsot,GR,0,0,0,0,0,0,0,46.88828456082755,10.461411728838486,Martina,True,False,80.0,GR
7562,415,60766.65535248042,Samnaun,GR,0,0,0,0,0,0,0,46.959994564188335,10.399355350656892,Samnaun-Compatsch,True,False,415.0,GR
7563,346,60766.65535248042,Samnaun,GR,0,0,0,0,0,0,0,46.9488399840924,10.3654575599355,Samnaun Dorf,True,False,346.0,GR
7602,100,63196.54449648712,Bregaglia,GR,0,0,0,0,0,0,0,46.38814386240298,9.66495424771112,Casaccia,True,False,100.0,GR
7603,330,63196.54449648712,Bregaglia,GR,0,0,0,0,0,0,0,46.35321386698376,9.624025328949628,Vicosoprano,True,False,330.0,GR
7604,78,63196.54449648712,Bregaglia,GR,0,0,0,0,0,0,0,46.34764167190491,9.603970471143786,Borgonovo,True,False,78.0,GR
7605,195,63196.54449648712,Bregaglia,GR,0,0,0,0,0,0,0,46.344172938445226,9.583379237034515,Stampa,True,False,195.0,GR
7606,198,63196.54449648712,Bregaglia,GR,0,0,0,0,0,0,0,46.33546800888523,9.554355667790931,Promontogno,True,False,198.0,GR
7608,181,63196.54449648712,Bregaglia,GR,0,0,0,0,0,0,0,46.334415636295205,9.516918152530804,Castasegna,True,False,181.0,GR
7610,150,63196.54449648712,Bregaglia,GR,0,0,0,0,0,0,0,46.342145792235485,9.539341806368434,Soglio,True,False,150.0,GR
7710,4,53848.979851537646,Poschiavo,GR,0,0,0,0,0,0,0,46.39176189244999,10.038181447820987,Ospizio Bernina,True,False,4.0,GR
7741,599,53848.979851537646,Poschiavo,GR,0,0,0,0,0,0,0,46.34534786105308,10.06422602079757,S. Carlo (Poschiavo),True,False,599.0,GR
7742,1524,53848.979851537646,Poschiavo,GR,0,0,0,0,0,0,0,46.37273668177344,10.074135379786606,Poschiavo,True,False,1524.0,GR
7743,661,49581.084351705445,"Brusio, Poschiavo",GR,0,0,0,0,0,0,0,46.26931803042191,10.108311848581282,Brusio,True,False,661.0,GR
7744,162,47253.15334420881,Brusio,GR,0,0,0,0,0,0,0,46.23291041609532,10.142108711283647,Campocologno,True,False,162.0,GR
7745,964,53848.979851537646,Poschiavo,GR,0,1,0,0,0,1,0,46.31078234402987,10.063568872659424,Li Curt,True,False,964.0,GR
7746,389,53848.979851537646,Poschiavo,GR,0,0,0,0,0,0,0,46.295912446650405,10.079069152437643,Le Prese,True,False,389.0,GR
7747,58,47253.15334420881,Brusio,GR,0,0,0,0,0,0,0,46.252816212519605,10.144551341484132,Viano,True,False,58.0,GR
7748,236,47253.15334420881,Brusio,GR,0,0,1,0,0,0,1,46.2443607606519,10.128485059222186,Campascio,True,False,236.0,GR
8000,1220,,,,0,0,0,0,0,0,0,,,,False,False,1220.0,
8001,5540,77136.3912983018,Zürich,ZH,1,7,0,1,4,9,4,47.372308632286455,8.5424538453222,Zürich,True,True,1385.0,ZH
8002,9992,77136.3912983018,Zürich,ZH,0,1,0,0,1,1,1,47.36096828357556,8.529880800337645,Zürich,True,True,9992.0,ZH
8003,20002,77136.3912983018,Zürich,ZH,0,2,0,0,1,2,1,47.371963427775945,8.517103053587112,Zürich,True,True,20002.0,ZH
8004,27288,77136.3912983018,Zürich,ZH,0,4,2,1,2,5,4,47.37723949210984,8.523301351140837,Zürich,True,True,13644.0,ZH
8005,15769,77136.3912983018,Zürich,ZH,1,4,3,1,4,6,7,47.38584273213336,8.525754535611838,Zürich,True,True,3942.25,ZH
8006,18624,77136.3912983018,Zürich,ZH,0,2,0,0,1,2,1,47.3865927297997,8.545292735904063,Zürich,True,True,18624.0,ZH
8008,17495,77136.3912983018,Zürich,ZH,0,4,0,0,3,4,3,47.35658641304703,8.559125213211306,Zürich,True,True,5831.666666666667,ZH
8032,18582,77136.3912983018,Zürich,ZH,0,1,1,0,1,1,2,47.36698965669534,8.562336125374006,Zürich,True,True,18582.0,ZH
8037,16353,77136.3912983018,Zürich,ZH,0,2,0,0,1,2,1,47.3942352901801,8.526694079505303,Zürich,True,True,16353.0,ZH
8038,18395,77136.3912983018,Zürich,ZH,2,2,1,0,1,4,2,47.34083343753426,8.530262854441931,Zürich,True,True,18395.0,ZH
8041,9648,77151.4936401927,"Adliswil, Zürich",ZH,0,1,0,0,1,1,1,47.32738002064252,8.51456800311789,Zürich,True,True,9648.0,ZH
8044,11474,77037.64443866609,"Dübendorf, Zürich",ZH,0,1,0,0,1,1,1,47.38129367511807,8.578994068769221,Zürich,True,True,11474.0,ZH
8045,11660,77136.3912983018,Zürich,ZH,0,2,1,1,1,3,2,47.35817001020678,8.512693887531473,Zürich,True,True,11660.0,ZH
8046,26323,77136.3912983018,Zürich,ZH,1,2,1,1,1,4,2,47.41727077652821,8.514283311235731,Zürich,True,True,26323.0,ZH
8047,22693,77136.3912983018,Zürich,ZH,0,3,2,0,1,3,3,47.37455144633144,8.490062743089224,Zürich,True,True,22693.0,ZH
8048,32652,77136.3912983018,Zürich,ZH,2,6,5,1,1,9,6,47.387146569329474,8.483887480834216,Zürich,True,True,32652.0,ZH
8049,24309,77136.3912983018,Zürich,ZH,0,3,1,0,1,3,2,47.4032148079863,8.496391704095883,Zürich,True,True,24309.0,ZH
8050,32193,77136.3912983018,Zürich,ZH,2,5,4,2,3,9,7,47.41041878307843,8.552982945480906,Zürich,True,True,10731.0,ZH
8051,22495,77135.5776241784,"Dübendorf, Zürich",ZH,1,2,2,1,1,4,3,47.398728315969365,8.5844292793796,Zürich,True,True,22495.0,ZH
8052,21369,77090.07754864972,"Opfikon, Rümlang, Zürich",ZH,1,1,1,0,1,2,2,47.424621736478194,8.5503045581653,Zürich,True,True,21369.0,ZH
8053,11935,77136.3912983018,Zürich,ZH,1,1,1,0,1,2,2,47.35864513631197,8.590330707242238,Zürich,True,True,11935.0,ZH
8055,20750,77136.3912983018,Zürich,ZH,1,1,2,0,1,2,3,47.36665885167751,8.50617879969707,Zürich,True,True,20750.0,ZH
8057,23203,77136.3912983018,Zürich,ZH,0,2,1,0,1,2,2,47.39969736892692,8.54165675254726,Zürich,True,True,23203.0,ZH
8064,3497,77136.3912983018,Zürich,ZH,0,0,0,0,0,0,0,47.39733221161798,8.48848543767767,Zürich,True,False,3497.0,ZH
8102,7076,70384.18048780487,Oberengstringen,ZH,0,1,1,0,1,1,2,47.40920095736719,8.462934204566507,Oberengstringen,True,True,7076.0,ZH
8103,4358,90274.45437872535,Unterengstringen,ZH,0,0,0,0,0,0,0,47.41323169210607,8.449535149334235,Unterengstringen,True,False,4358.0,ZH
8104,2947,84511.96664080683,Weiningen (ZH),ZH,0,0,0,0,0,0,0,47.41947530299078,8.43593698739105,Weiningen ZH,True,False,2947.0,ZH
8105,15663,70020.6233858668,Regensdorf,ZH,1,2,1,0,1,3,2,47.4387961096678,8.472804514924478,Regensdorf,True,True,15663.0,ZH
8106,5038,70020.6233858668,Regensdorf,ZH,0,0,0,1,0,1,0,47.45131114568056,8.46538890843657,Adlikon b. Regensdorf,True,False,5038.0,ZH
8107,6816,74230.5107676353,"Buchs (ZH), Otelfingen",ZH,0,1,1,0,0,1,1,47.456182173644365,8.42441079535978,Buchs ZH,True,False,6816.0,ZH
8108,4469,71739.8597449909,Dällikon,ZH,0,1,0,0,0,1,0,47.43907982514193,8.440586452274122,Dällikon,True,False,4469.0,ZH
8109,21,85925.6067090804,Würenlos,AG,1,0,1,0,0,1,1,47.40797417779076,8.438676414649272,Kloster Fahr,True,False,21.0,AG
8112,2859,83447.93110367893,Otelfingen,ZH,1,0,0,0,0,1,0,47.46045170798499,8.38938258847736,Otelfingen,True,False,2859.0,ZH
8113,1438,109394.28125,Boppelsen,ZH,0,0,0,0,0,0,0,47.47061081409797,8.403015292016095,Boppelsen,True,False,1438.0,ZH
8114,1861,75479.00103412617,Dänikon,ZH,0,0,0,0,0,0,0,47.44555602887921,8.407865111666991,Dänikon ZH,True,False,1861.0,ZH
8115,954,94041.34375,Hüttikon,ZH,0,0,0,0,0,0,0,47.44487840747412,8.38651895764088,Hüttikon,True,False,954.0,ZH
8117,5298,83557.17726904376,Fällanden,ZH,0,1,1,0,1,1,2,47.372018970552325,8.639122971856176,Fällanden,True,True,5298.0,ZH
8118,2248,83557.17726904376,Fällanden,ZH,0,0,0,0,0,0,0,47.365327866563405,8.624183437669986,Pfaffhausen,True,False,2248.0,ZH
8121,2088,83557.17726904376,Fällanden,ZH,0,0,0,0,0,0,0,47.35977254738096,8.635153686025022,Benglen,True,False,2088.0,ZH
8122,2225,102317.1001059322,Maur,ZH,0,0,0,0,0,0,0,47.35753660856047,8.62606205199051,Binz,True,False,2225.0,ZH
8123,2823,102317.1001059322,Maur,ZH,0,0,0,0,1,0,1,47.35090294042811,8.640368270572795,Ebmatingen,True,True,2823.0,ZH
8124,2307,102317.1001059322,Maur,ZH,0,0,0,0,0,0,0,47.33942254684416,8.669606874381838,Maur,True,False,2307.0,ZH
8125,5377,142090.15766049013,"Zollikon, Zürich",ZH,0,2,0,0,0,2,0,47.34833051740698,8.601252257172746,Zollikerberg,True,False,5377.0,ZH
8126,5781,154700.43071847508,Zumikon,ZH,1,1,1,0,1,2,2,47.33160757386453,8.622110843504538,Zumikon,True,True,5781.0,ZH
8127,4273,117677.94169142356,"Egg, Küsnacht (ZH), Maur",ZH,0,0,0,0,0,0,0,47.31821327927318,8.652396316539631,Forch,True,False,4273.0,ZH
8132,6779,87647.3256174018,"Egg, Maur",ZH,0,1,1,0,1,1,2,47.307746553727554,8.685500408464332,Egg b. Zürich,True,True,6779.0,ZH
8133,1991,87402.04757858964,Egg,ZH,0,0,0,0,0,0,0,47.28842722383735,8.711015365207633,Esslingen,True,False,1991.0,ZH
8134,19833,82968.76647457092,"Adliswil, Stallikon, Zürich",ZH,2,1,2,1,1,4,3,47.31737232533482,8.520184933334974,Adliswil,True,True,19833.0,ZH
8135,8147,89157.98958541492,"Horgen, Langnau am Albis",ZH,0,1,0,0,1,1,1,47.26476933075552,8.556686575968834,Langnau am Albis,True,True,8147.0,ZH
8136,2681,100808.27488101534,Thalwil,ZH,0,0,1,1,0,1,1,47.28431930079755,8.54876476918805,Gattikon,True,False,2681.0,ZH
8142,5751,149549.6868895327,"Birmensdorf (ZH), Uitikon, Zürich",ZH,0,1,1,0,1,1,2,47.36315284462408,8.464586807245942,Uitikon Waldegg,True,True,5751.0,ZH
8143,3918,94325.95313006303,"Stallikon, Uitikon, Zürich",ZH,0,1,0,0,0,1,0,47.34674417845088,8.48893788509835,Stallikon,True,False,3918.0,ZH
8152,21472,70085.26407241389,"Opfikon, Rümlang, Zürich",ZH,1,4,3,0,2,5,5,47.42887405708119,8.562692897755586,Glattbrugg,True,True,10736.0,ZH
8153,8331,70815.78761061947,Rümlang,ZH,1,1,1,0,1,2,2,47.44987706152734,8.529688011490135,Rümlang,True,True,8331.0,ZH
8154,7741,64106.68391101914,Oberglatt,ZH,0,0,0,1,1,1,1,47.47592527409566,8.517313373563303,Oberglatt ZH,True,True,7741.0,ZH
8155,7559,71035.19765871171,"Niederglatt, Niederhasli, Steinmaur",ZH,0,1,0,0,1,1,1,47.48217635550107,8.478497376577486,Niederhasli,True,True,7559.0,ZH
8156,2300,71029.79895561357,Niederhasli,ZH,0,0,0,0,0,0,0,47.467756059792656,8.500990984843272,Oberhasli,True,False,2300.0,ZH
8157,6817,71141.15499533147,Dielsdorf,ZH,1,0,0,0,0,1,0,47.479947538170926,8.453483023168392,Dielsdorf,True,False,6817.0,ZH
8158,485,86869.59165424245,"Boppelsen, Regensberg",ZH,0,0,0,0,0,0,0,47.4819578366493,8.419401859089174,Regensberg,True,False,485.0,ZH
8162,3756,76414.80317542136,"Neerach, Steinmaur",ZH,0,0,0,0,0,0,0,47.49898075202183,8.448341657078823,Steinmaur,True,False,3756.0,ZH
8164,662,79434.7653162905,"Bachs, Neerach",ZH,0,0,0,0,0,0,0,47.51956809573217,8.448880593537634,Bachs,True,False,662.0,ZH
8165,4202,80966.71111375466,"Oberweningen, Schleinikon, Schöfflisdorf",ZH,0,0,0,0,0,0,0,47.5004649100172,8.405733587372813,Schöfflisdorf,True,False,4202.0,ZH
8166,3284,81885.47717589774,Niederweningen,ZH,0,0,0,0,0,0,0,47.506625763296405,8.375553192013774,Niederweningen,True,False,3284.0,ZH
8172,5503,70599.51854443667,Niederglatt,ZH,0,1,0,0,0,1,0,47.492772772904,8.499765450445963,Niederglatt ZH,True,False,5503.0,ZH
8173,3337,102761.86349372385,Neerach,ZH,0,0,1,0,0,0,1,47.50988937049944,8.471949811428706,Neerach,True,False,3337.0,ZH
8174,1744,74929.81665577831,"Neerach, Stadel",ZH,0,0,0,0,0,0,0,47.5245046612899,8.468010924345162,Stadel b. Niederglatt,True,False,1744.0,ZH
8175,758,74563.52017608217,Stadel,ZH,0,0,1,0,1,0,2,47.542127487991074,8.469760662435023,Windlach,True,True,758.0,ZH
8180,24594,71445.40077489955,"Bachenbülach, Bülach, Winkel",ZH,0,0,1,0,2,0,3,47.51230621390593,8.557370004407073,Bülach,True,True,12297.0,ZH
8181,3676,66693.15482695811,Höri,ZH,0,0,0,0,0,0,0,47.506802857350486,8.505819974243611,Höri,True,False,3676.0,ZH
8182,2015,78232.36987607245,Hochfelden,ZH,0,1,1,0,0,1,1,47.52229088990013,8.515625161554146,Hochfelden,True,False,2015.0,ZH
8184,4446,76265.01299283154,Bachenbülach,ZH,1,1,1,1,0,3,1,47.50448426258323,8.5477199504018,Bachenbülach,True,False,4446.0,ZH
8185,5115,107002.03386676591,Winkel,ZH,0,0,0,0,0,0,0,47.48838252076712,8.55717761649456,Winkel,True,False,5115.0,ZH
8187,2133,70182.87704213242,Weiach,ZH,0,0,0,0,0,0,0,47.556747107901,8.4364679083729,Weiach,True,False,2133.0,ZH
8192,5558,74255.92353251926,"Bülach, Glattfelden, Hochfelden",ZH,0,1,0,0,0,1,0,47.554217729712086,8.499316253839668,Glattfelden,True,False,5558.0,ZH
8193,5795,83962.37446378896,"Eglisau, Glattfelden",ZH,0,1,1,0,2,1,3,47.57682257626775,8.509001503856876,Eglisau,True,True,2897.5,ZH
8194,1142,82714.09595959596,Hüntwangen,ZH,0,0,0,0,0,0,0,47.59576229714056,8.49267608531438,Hüntwangen,True,False,1142.0,ZH
8195,583,70887.61904761905,Wasterkingen,ZH,0,0,0,0,0,0,0,47.59029040114662,8.471041880202192,Wasterkingen,True,False,583.0,ZH
8196,1597,82399.37101875231,"Wasterkingen, Wil (ZH)",ZH,0,0,0,0,0,0,0,47.60775719255884,8.49198931818232,Wil ZH,True,False,1597.0,ZH
8197,4794,75433.85907121148,"Eglisau, Rafz, Wil (ZH)",ZH,0,0,0,0,0,0,0,47.598977820026114,8.53868406146462,Rafz,True,False,4794.0,ZH
8200,29969,61889.880413969615,"Büttenhardt, Neuhausen am Rheinfall, Schaffhausen",SH,0,2,2,0,2,2,4,47.71389755394117,8.629629376935016,Schaffhausen,True,True,14984.5,SH
8203,2998,61898.5325929728,Schaffhausen,SH,0,1,1,0,1,1,2,47.69681293735854,8.655556648044506,Schaffhausen,True,True,2998.0,SH
8207,5586,61898.5325929728,Schaffhausen,SH,1,1,1,2,1,4,2,47.722571994122085,8.65989429635906,Schaffhausen,True,True,5586.0,SH
8212,12385,72668.22207974264,"Laufen-Uhwiesen, Neuhausen am Rheinfall, Schaffhausen","SH, ZH",0,1,1,0,1,1,2,47.68304729926757,8.614324801204695,Neuhausen am Rheinfall,True,True,12385.0,ZH
8213,2698,65174.379783393495,Neunkirch,SH,0,1,0,0,1,1,1,47.68840122093546,8.498794856462885,Neunkirch,True,True,2698.0,SH
8214,1021,68108.90123456791,Gächlingen,SH,0,0,0,0,0,0,0,47.703983854684,8.499240003985008,Gächlingen,True,False,1021.0,SH
8215,2600,63767.00325203252,Hallau,SH,0,1,0,0,0,1,0,47.69669793192836,8.45811471501604,Hallau,True,False,2600.0,SH
8216,455,63559.05833333333,Oberhallau,SH,0,0,0,0,0,0,0,47.70642346634595,8.47707645925058,Oberhallau,True,False,455.0,SH
8217,1412,64352.57053153744,"Neunkirch, Trasadingen, Wilchingen",SH,0,0,0,0,0,0,0,47.67023497210637,8.459724304689207,Wilchingen,True,False,1412.0,SH
8218,341,64390.22945570971,Wilchingen,SH,0,0,0,0,0,0,0,47.66243885958889,8.48749148888327,Osterfingen,True,False,341.0,SH
8219,620,57385.09146341463,Trasadingen,SH,0,0,0,0,0,0,0,47.66751613848512,8.43065735694574,Trasadingen,True,False,620.0,SH
8222,5132,67725.89472344548,"Beringen, Schaffhausen",SH,0,1,0,0,1,1,1,47.69617506461588,8.592366182853631,Beringen,True,True,5132.0,SH
8223,266,67814.79405458672,"Beringen, Löhningen, Neunkirch",SH,0,0,0,0,0,0,0,47.68817749953259,8.551232350924304,Guntmadingen,True,False,266.0,SH
8224,1662,75754.14233842463,"Löhningen, Neunkirch",SH,0,0,0,0,0,0,0,47.70041753095883,8.538852529973841,Löhningen,True,False,1662.0,SH
8225,921,70887.09441974074,"Gächlingen, Siblingen",SH,0,0,0,0,0,0,0,47.72096253009497,8.50870203520886,Siblingen,True,False,921.0,SH
8226,1939,60005.55442848519,"Beggingen, Gächlingen, Schleitheim",SH,0,1,0,0,0,1,0,47.75057396632949,8.501303209605831,Schleitheim,True,False,1939.0,SH
8228,455,56099.03112840467,Beggingen,SH,0,0,0,0,0,0,0,47.76613740844577,8.535503326813208,Beggingen,True,False,455.0,SH
8231,666,61898.5325929728,Schaffhausen,SH,0,0,0,0,0,0,0,47.73362384542852,8.584077214734036,Hemmental,True,False,666.0,SH
8232,907,65768.52202643172,Merishausen,SH,0,0,0,0,0,0,0,47.75949434508541,8.609006618464,Merishausen,True,False,907.0,SH
8233,339,56514.292553191495,Bargen (SH),SH,0,0,0,0,0,0,0,47.79225409671432,8.608624050221794,Bargen SH,True,False,339.0,SH
8234,1485,96616.74340175952,Stetten (SH),SH,0,0,0,0,0,0,0,47.73863948880207,8.661238409427177,Stetten SH,True,False,1485.0,SH
8235,763,76067.80678851175,Lohn (SH),SH,0,0,0,0,0,0,0,47.75545555558999,8.670896629063694,Lohn SH,True,False,763.0,SH
8236,606,70384.15849875133,"Büttenhardt, Thayngen",SH,0,0,0,0,0,0,0,47.766190513715785,8.656746661226446,Büttenhardt,True,False,606.0,SH
8239,1074,79524.89083820663,Dörflingen,SH,0,0,0,0,0,0,0,47.70753352495361,8.721684524692762,Dörflingen,True,False,1074.0,SH
8240,5029,66090.02926165362,Thayngen,SH,0,1,0,0,1,1,1,47.748942990933294,8.707778985493905,Thayngen,True,True,5029.0,SH
8241,175,66090.02926165362,Thayngen,SH,0,0,0,0,0,0,0,47.76016740664481,8.720933646883886,Barzheim,True,False,175.0,SH
8242,422,66090.02926165362,Thayngen,SH,0,0,0,0,0,0,0,47.777860307537566,8.677202929403155,Bibern SH,True,False,422.0,SH
8243,164,66090.02926165362,Thayngen,SH,0,0,0,0,0,0,0,47.78469823072486,8.658660236644572,Altdorf SH,True,False,164.0,SH
8245,2717,73259.02447216891,Feuerthalen,ZH,0,1,1,0,0,1,1,47.69043195656504,8.644726502498346,Feuerthalen,True,False,2717.0,ZH
8246,1176,73259.02447216891,Feuerthalen,ZH,0,0,1,0,1,0,2,47.68456421687255,8.660549885560746,Langwiesen,True,True,1176.0,ZH
8247,1505,86688.47535211267,Flurlingen,ZH,0,0,0,0,0,0,0,47.6848711363762,8.629255601550993,Flurlingen,True,False,1505.0,ZH
8248,1657,88722.61919191919,Laufen-Uhwiesen,ZH,0,0,0,0,0,0,0,47.67122420357356,8.634754877414233,Uhwiesen,True,False,1657.0,ZH
8252,1873,69115.13405874878,"Diessenhofen, Schlatt (TG)",TG,0,0,0,0,0,0,0,47.66981313882636,8.703833638442038,Schlatt TG,True,False,1873.0,TG
8253,4141,64603.26924963217,Diessenhofen,TG,0,1,0,0,1,1,1,47.68414207385648,8.743595544400973,Diessenhofen,True,True,4141.0,TG
8254,1128,69257.73467230445,Basadingen-Schlattingen,TG,0,0,0,0,0,0,0,47.66898735666537,8.747116848770077,Basadingen,True,False,1128.0,TG
8255,803,69257.73467230445,Basadingen-Schlattingen,TG,0,0,0,0,0,0,0,47.6652786037159,8.770326717763652,Schlattingen,True,False,803.0,TG
8259,1852,63002.11007268951,Wagenhausen,TG,0,0,0,0,0,0,0,47.6609889224759,8.828693006486095,Kaltenbach,True,False,1852.0,TG
8260,3956,65757.86509964231,Stein am Rhein,SH,0,1,0,0,1,1,1,47.65992425765279,8.857864369283098,Stein am Rhein,True,True,3956.0,SH
8261,492,80409.03225806452,Hemishofen,SH,0,0,0,0,0,0,0,47.67695257378466,8.831763846086837,Hemishofen,True,False,492.0,SH
8262,1697,59606.90726817043,Ramsen,SH,0,0,0,0,1,0,1,47.70721154952975,8.813557325548441,Ramsen,True,True,1697.0,SH
8263,340,64134.1835443038,Buch (SH),SH,0,0,0,0,0,0,0,47.7174396426478,8.78346098722141,Buch SH,True,False,340.0,SH
8264,1980,68165.73692686277,"Eschenz, Mammern",TG,0,0,0,0,0,0,0,47.64086789515741,8.886612742219151,Eschenz,True,False,1980.0,TG
8265,680,78062.5,Mammern,TG,0,0,0,0,0,0,0,47.64403723572215,8.915005447751092,Mammern,True,False,680.0,TG
8266,4036,65921.60328317374,Steckborn,TG,0,1,0,0,1,1,1,47.66316181191304,8.982007510450359,Steckborn,True,True,4036.0,TG
8267,941,76862.54901960785,Berlingen,TG,0,0,0,0,0,0,0,47.67277540706328,9.023572586955057,Berlingen,True,False,941.0,TG
8268,796,90745.6608478803,Salenstein,TG,0,0,0,0,0,0,0,47.671262388384704,9.05470346658668,Mannenbach-Salenstein,True,False,796.0,TG
8269,706,90745.6608478803,Salenstein,TG,0,0,0,0,0,0,0,47.66169895099696,9.06736755593057,Fruthwilen,True,False,706.0,TG
8272,3327,78862.42631058359,Ermatingen,TG,0,0,0,0,0,0,0,47.66954236408469,9.082084452862112,Ermatingen,True,False,3327.0,TG
8273,472,78862.42631058359,Ermatingen,TG,0,0,0,0,0,0,0,47.6610106758703,9.108223704623969,Triboltingen,True,False,472.0,TG
8274,5849,81150.41506428327,"Gottlieben, Tägerwilen",TG,0,1,0,0,1,1,1,47.65934853516252,9.133229777531044,Tägerwilen,True,True,5849.0,TG
8280,23616,64552.42426022934,"Bottighofen, Kreuzlingen, Tägerwilen",TG,2,2,2,1,2,5,4,47.64633342681565,9.179131812757031,Kreuzlingen,True,True,11808.0,TG
8302,22017,68989.43940592319,Kloten,ZH,1,2,2,1,2,4,4,47.45400231556447,8.584012866706429,Kloten,True,True,11008.5,ZH
8303,12358,76599.39042271096,Bassersdorf,ZH,0,1,1,0,2,1,3,47.44300926581136,8.629546610744107,Bassersdorf,True,True,6179.0,ZH
8304,17811,84368.35268394009,Wallisellen,ZH,1,1,2,1,2,3,4,47.41634090953309,8.594772212328419,Wallisellen,True,True,8905.5,ZH
8305,8033,77314.57485875706,Dietlikon,ZH,1,2,0,0,0,3,0,47.42230089323011,8.616531979624156,Dietlikon,True,False,8033.0,ZH
8306,5629,79476.64131994262,Wangen-Brüttisellen,ZH,0,0,1,0,0,0,1,47.42332982975908,8.631107856302998,Brüttisellen,True,False,5629.0,ZH
8307,12747,68905.73652699143,"Illnau-Effretikon, Volketswil",ZH,0,2,2,0,1,2,3,47.42495615463099,8.696814992623699,Effretikon,True,True,12747.0,ZH
8308,4815,69610.42996692077,"Fehraltorf, Illnau-Effretikon, Weisslingen",ZH,0,0,0,0,0,0,0,47.416460429645134,8.73943102645461,Illnau,True,False,4815.0,ZH
8309,5858,91802.83637754415,"Kloten, Nürensdorf",ZH,0,0,0,0,0,0,0,47.45907535261134,8.635098047347048,Nürensdorf,True,False,5858.0,ZH
8310,1512,79486.12789655963,"Lindau, Winterthur",ZH,0,0,0,0,0,0,0,47.45159136327113,8.70510813100987,Kemptthal,True,False,1512.0,ZH
8311,2277,96568.94696969698,Brütten,ZH,0,0,0,0,0,0,0,47.47278485635528,8.676500386870046,Brütten,True,False,2277.0,ZH
8312,1000,80991.58352553542,Lindau,ZH,0,0,0,0,0,0,0,47.45486752363361,8.694770062925967,Winterberg ZH,True,False,1000.0,ZH
8314,371,68902.34622273732,Illnau-Effretikon,ZH,0,0,0,0,0,0,0,47.4539751370211,8.742890392223309,Kyburg,True,False,371.0,ZH
8315,836,80991.58352553542,Lindau,ZH,0,0,0,0,0,0,0,47.44250917981201,8.673794145224667,Lindau,True,False,836.0,ZH
8317,2598,80991.58352553542,Lindau,ZH,0,0,0,0,0,0,0,47.43051729501004,8.672230084313911,Tagelswangen,True,False,2598.0,ZH
8320,6901,77703.99944305207,Fehraltorf,ZH,0,1,1,0,1,1,2,47.38844415968055,8.75397572374202,Fehraltorf,True,True,6901.0,ZH
8322,1022,88755.90085602345,"Russikon, Wildberg",ZH,0,0,0,0,0,0,0,47.40979081786347,8.80153121482797,Madetswil,True,False,1022.0,ZH
8330,12224,77926.64186507936,Pfäffikon,ZH,1,1,2,1,1,3,3,47.36816887954959,8.785915499023371,Pfäffikon ZH,True,True,12224.0,ZH
8331,657,77926.64186507936,Pfäffikon,ZH,0,0,0,0,0,0,0,47.34458959385365,8.808229672125838,Auslikon,True,False,657.0,ZH
8332,3670,88779.89415279556,Russikon,ZH,0,0,0,0,0,0,0,47.40170845043112,8.768061670850916,Russikon,True,False,3670.0,ZH
8335,3974,79749.81752873563,Hittnau,ZH,0,0,0,0,1,0,1,47.366213319257405,8.82571994171309,Hittnau,True,True,3974.0,ZH
8340,11019,70655.45646149697,"Bäretswil, Dürnten, Fischenthal, Hinwil",ZH,1,1,2,0,1,2,3,47.30540090624393,8.85989815491736,Hinwil,True,True,11019.0,ZH
8342,923,70643.43104505057,Hinwil,ZH,0,0,0,0,0,0,0,47.2971499203098,8.86649129004119,Wernetshausen,True,False,923.0,ZH
8344,3849,73575.78346873895,Bäretswil,ZH,0,1,0,0,0,1,0,47.33675042942894,8.85769274095725,Bäretswil,True,False,3849.0,ZH
8345,1150,73491.97363791455,"Bäretswil, Wetzikon (ZH)",ZH,0,0,0,0,0,0,0,47.33702120978853,8.835858510905979,Adetswil,True,False,1150.0,ZH
8352,4037,70678.4624812748,"Elsau, Winterthur",ZH,0,1,0,0,0,1,0,47.49399863281889,8.800743708869547,Elsau,True,False,4037.0,ZH
8353,4686,70335.90351201479,Elgg,ZH,0,1,1,0,1,1,2,47.49436804701664,8.866743984577694,Elgg,True,True,4686.0,ZH
8354,509,70355.75750240682,"Elgg, Schlatt (ZH)",ZH,0,0,0,0,0,0,0,47.479790806029655,8.84331566432666,Hofstetten ZH,True,False,509.0,ZH
8355,5873,69627.57852484258,"Aadorf, Elgg","TG, ZH",1,1,0,0,1,2,1,47.49222859157024,8.897630337134256,Aadorf,True,True,5873.0,TG
8356,1493,69604.1628227873,Aadorf,TG,0,0,0,0,0,0,0,47.479888848357646,8.89890410987824,Ettenhausen TG,True,False,1493.0,TG
8357,1538,69604.1628227873,Aadorf,TG,0,0,0,0,0,0,0,47.4753407562,8.918442383642772,Guntershausen b. Aadorf,True,False,1538.0,TG
8360,5013,69271.64618775778,"Eschlikon, Münchwilen (TG)",TG,0,0,0,0,0,0,0,47.465002582792266,8.964080576876656,Eschlikon TG,True,False,5013.0,TG
8362,1995,66309.67977873387,Bichelsee-Balterswil,TG,0,0,0,0,0,0,0,47.454638277137065,8.936195879948697,Balterswil,True,False,1995.0,TG
8363,1061,66219.37267592206,"Bichelsee-Balterswil, Turbenthal","TG, ZH",0,0,0,0,1,0,1,47.44193161244711,8.91909838541957,Bichelsee,True,True,1061.0,TG
8370,6791,64726.88739534414,"Eschlikon, Sirnach",TG,1,1,1,0,1,2,2,47.46183462678496,8.98911288347109,Sirnach,True,True,6791.0,TG
8371,887,64712.8585812357,Sirnach,TG,0,0,0,0,0,0,0,47.45258373989008,9.014320598813624,Busswil TG,True,False,887.0,TG
8372,722,65662.05305436051,"Fischingen, Sirnach",TG,0,0,0,0,0,0,0,47.44693148733002,8.982518828836469,Wiezikon b. Sirnach,True,False,722.0,TG
8374,2347,68374.02680280792,Fischingen,TG,0,0,0,0,0,0,0,47.4303835970335,8.965235452992792,Dussnang,True,False,2347.0,TG
8376,658,67953.11306582205,"Fischingen, Kirchberg (SG), Mosnang","SG, TG",0,0,0,0,0,0,0,47.40081540269385,8.964774155541342,Fischingen,True,False,658.0,TG
8400,42944,65654.83098910729,Winterthur,ZH,2,4,5,0,6,6,11,47.5007506335234,8.725972245903838,Winterthur,True,True,7157.333333333333,ZH
8404,21602,65654.83098910729,Winterthur,ZH,1,2,0,0,2,3,2,47.52397214544222,8.756684268618528,Winterthur,True,True,10801.0,ZH
8405,19098,65675.20744655078,"Schlatt (ZH), Winterthur",ZH,1,1,1,0,1,2,2,47.47749208150371,8.783747526584948,Winterthur,True,True,19098.0,ZH
8406,14425,65654.83098910729,Winterthur,ZH,0,1,2,1,2,2,4,47.488457607819626,8.705290875195214,Winterthur,True,True,7212.5,ZH
8408,17163,65654.83098910729,Winterthur,ZH,1,1,0,0,1,2,1,47.508880240666194,8.69254159622494,Winterthur,True,True,17163.0,ZH
8409,3566,65654.83098910729,Winterthur,ZH,0,1,1,1,1,2,2,47.505536598580015,8.775139457643164,Winterthur,True,True,3566.0,ZH
8412,962,84257.0357257805,Neftenbach,ZH,0,0,0,0,0,0,0,47.543451013936334,8.678287762247743,Aesch (Neftenbach),True,False,962.0,ZH
8413,4818,84257.0357257805,Neftenbach,ZH,0,1,1,1,0,2,1,47.52568823737116,8.66600657406764,Neftenbach,True,False,4818.0,ZH
8414,1068,83233.5,Buch am Irchel,ZH,0,0,0,0,0,0,0,47.55134475943118,8.620708837697736,Buch am Irchel,True,False,1068.0,ZH
8415,595,122227.43567251462,Berg am Irchel,ZH,0,0,0,0,0,0,0,47.56335043477706,8.600908884301845,Berg am Irchel,True,False,595.0,ZH
8416,1572,76567.29118773947,Flaach,ZH,0,0,0,0,0,0,0,47.57575341149173,8.606803606324984,Flaach,True,False,1572.0,ZH
8418,771,71755.56675062972,Schlatt (ZH),ZH,0,0,0,0,0,0,0,47.47386146640516,8.821322986769726,Schlatt ZH,True,False,771.0,ZH
8421,844,89828.26650943396,Dättlikon,ZH,0,0,0,0,0,0,0,47.5253476743128,8.62268027306103,Dättlikon,True,False,844.0,ZH
8422,4170,70029.65268915224,Pfungen,ZH,0,0,1,0,1,0,2,47.51494751505546,8.64294842285066,Pfungen,True,True,4170.0,ZH
8424,10415,70703.05442046974,Embrach,ZH,1,1,2,0,1,2,3,47.50692203910785,8.59460475000638,Embrach,True,True,10415.0,ZH
8425,1132,79949.75427682737,Oberembrach,ZH,0,0,0,0,0,0,0,47.489323640151326,8.623510492774402,Oberembrach,True,False,1132.0,ZH
8426,2870,89364.31271960646,Lufingen,ZH,0,0,0,0,0,0,0,47.48492760095361,8.592998803821226,Lufingen,True,False,2870.0,ZH
8427,4993,74816.5927747284,"Freienstein-Teufen, Rorbas",ZH,0,0,0,0,0,0,0,47.53188170272119,8.580173197865538,Freienstein,True,False,4993.0,ZH
8428,458,79265.28985778411,"Freienstein-Teufen, Rorbas",ZH,0,0,0,0,0,0,0,47.546728463812016,8.56953205677095,Teufen ZH,True,False,458.0,ZH
8442,3208,92035.85011848342,Hettlingen,ZH,0,0,0,0,0,0,0,47.54680702192454,8.707864641868351,Hettlingen,True,False,3208.0,ZH
8444,2376,74906.29804560261,Henggart,ZH,0,0,0,0,0,0,0,47.56375078606687,8.682381766403264,Henggart,True,False,2376.0,ZH
8447,1910,78755.45439067647,"Dachsen, Laufen-Uhwiesen",ZH,0,0,0,0,0,0,0,47.67082731721524,8.615936745126302,Dachsen,True,False,1910.0,ZH
8450,2477,0.0,Andelfingen,ZH,0,0,0,0,0,0,0,47.59319991567474,8.677314399441956,Andelfingen,True,False,2477.0,ZH
8451,1539,78410.93112467306,Kleinandelfingen,ZH,0,1,1,0,1,1,2,47.59972661490714,8.685193143287334,Kleinandelfingen,True,True,1539.0,ZH
8452,734,0.0,Andelfingen,ZH,0,0,0,0,0,0,0,47.57685826938058,8.70497537486465,Adlikon b. Andelfingen,True,False,734.0,ZH
8453,325,78410.93112467306,Kleinandelfingen,ZH,0,0,0,0,0,0,0,47.59906943118912,8.646134095509353,Alten,True,False,325.0,ZH
8454,860,143925.1733615222,Buchberg,SH,0,0,0,0,0,0,0,47.5731161055668,8.560544260407942,Buchberg,True,False,860.0,SH
8455,829,89150.24000861868,"Buchberg, Rüdlingen",SH,0,0,0,0,0,0,0,47.586165606323696,8.560899106184138,Rüdlingen,True,False,829.0,SH
8457,508,0.0,Andelfingen,ZH,0,0,0,0,0,0,0,47.57648833526234,8.669653430425788,Humlikon,True,False,508.0,ZH
8458,739,79309.25,Dorf,ZH,0,0,0,0,0,0,0,47.57195799139609,8.647139059656881,Dorf,True,False,739.0,ZH
8459,391,79053.0294117647,Volken,ZH,0,0,0,0,0,0,0,47.574816859850216,8.625511464724019,Volken,True,False,391.0,ZH
8460,1943,74835.1563670412,Marthalen,ZH,0,0,0,0,0,0,0,47.62787269623105,8.651060896662331,Marthalen,True,False,1943.0,ZH
8461,414,78410.93112467306,Kleinandelfingen,ZH,0,0,0,0,0,0,0,47.62460070222422,8.675586366261639,Oerlingen,True,False,414.0,ZH
8462,1334,68815.63356643356,Rheinau,ZH,0,0,0,0,0,0,0,47.64077169009619,8.602646374011952,Rheinau,True,False,1334.0,ZH
8463,894,83602.55907172996,Benken (ZH),ZH,0,0,0,0,0,0,0,47.65361819454921,8.654192303744331,Benken ZH,True,False,894.0,ZH
8464,84,74638.8597285134,"Marthalen, Rheinau",ZH,0,0,0,0,0,0,0,47.604452624925656,8.603019960748917,Ellikon am Rhein,True,False,84.0,ZH
8465,427,69804.2023217247,Trüllikon,ZH,0,0,0,0,0,0,0,47.64616522018223,8.675157923211994,Rudolfingen,True,False,427.0,ZH
8466,708,69809.16825379783,"Ossingen, Trüllikon",ZH,0,0,0,0,0,0,0,47.631022154218,8.691164782772795,Trüllikon,True,False,708.0,ZH
8467,467,71478.27099236641,Truttikon,ZH,0,0,0,0,0,0,0,47.62954578222058,8.727022845944548,Truttikon,True,False,467.0,ZH
8468,682,73838.97215025907,Stammheim,ZH,0,0,0,0,0,0,0,47.62772988089782,8.773088955951785,Waltalingen,True,False,682.0,ZH
8471,1204,74502.29073482429,Dägerlen,ZH,0,0,0,0,0,0,0,47.56052989728547,8.728185802097324,Rutschwil (Dägerlen),True,False,1204.0,ZH
8472,7990,86066.95802063792,Seuzach,ZH,1,1,1,0,1,2,2,47.53231102305464,8.72027799067259,Seuzach,True,True,7990.0,ZH
8474,1734,84958.58653846155,Dinhard,ZH,0,0,0,0,0,0,0,47.55911302217561,8.765166822478161,Dinhard,True,False,1734.0,ZH
8475,1856,70930.26401630988,Ossingen,ZH,0,0,0,0,0,0,0,47.61209840546999,8.726000538359465,Ossingen,True,False,1856.0,ZH
8476,1003,73825.4574996991,"Basadingen-Schlattingen, Stammheim","TG, ZH",0,0,0,0,0,0,0,47.6441607050305,8.783045491492963,Unterstammheim,True,False,1003.0,ZH
8477,1225,73838.97215025907,Stammheim,ZH,0,0,0,0,0,0,0,47.63272419238383,8.7984785076075,Oberstammheim,True,False,1225.0,ZH
8478,1024,75375.13518518518,Thalheim an der Thur,ZH,0,0,0,0,0,0,0,47.58146510014713,8.746634364631218,Thalheim an der Thur,True,False,1024.0,ZH
8479,760,71868.46287128713,Altikon,ZH,0,0,0,0,0,0,0,47.57329452233605,8.782308281366182,Altikon,True,False,760.0,ZH
8482,1840,65970.74927103482,"Illnau-Effretikon, Winterthur",ZH,0,0,0,0,0,0,0,47.46755005419239,8.7570791059143,Sennhof (Winterthur),True,False,1840.0,ZH
8483,3272,65505.62880478369,"Illnau-Effretikon, Zell (ZH)",ZH,0,1,0,0,1,1,1,47.45286121659296,8.772325091661006,Kollbrunn,True,True,3272.0,ZH
8484,3436,84826.00786575774,Weisslingen,ZH,0,0,0,0,0,0,0,47.42721840265798,8.77451242326374,Weisslingen,True,False,3436.0,ZH
8486,1975,65534.20388880694,"Weisslingen, Zell (ZH)",ZH,0,0,0,0,0,0,0,47.44693879057397,8.791602596789064,Rikon im Tösstal,True,False,1975.0,ZH
8487,1703,65139.08739495798,Zell (ZH),ZH,0,0,0,0,0,0,0,47.443139631692446,8.820027629893415,Zell ZH,True,False,1703.0,ZH
8488,5039,64255.02766971139,"Turbenthal, Wildberg",ZH,1,1,0,0,1,2,1,47.43903881828588,8.840465419973048,Turbenthal,True,True,5039.0,ZH
8489,1012,75880.2722323049,Wildberg,ZH,0,0,0,0,0,0,0,47.41734784136471,8.817893310056098,Wildberg,True,False,1012.0,ZH
8492,2309,64504.79421804922,"Turbenthal, Wila",ZH,0,0,0,0,0,0,0,47.414826156548,8.858586550558979,Wila,True,False,2309.0,ZH
8493,1663,67712.0478546713,"Bauma, Wila",ZH,0,0,0,0,0,0,0,47.3930802765551,8.856351623898465,Saland,True,False,1663.0,ZH
8494,3133,67840.91179521261,"Bauma, Fischenthal",ZH,0,0,1,0,1,0,2,47.36412943504398,8.900060468034939,Bauma,True,True,3133.0,ZH
8495,203,65260.471246819376,"Fischingen, Turbenthal","TG, ZH",0,0,0,0,0,0,0,47.419828222007794,8.91106176804186,Schmidrüti,True,False,203.0,ZH
8496,969,64565.93405174917,"Fischenthal, Mosnang","SG, ZH",0,0,0,0,0,0,0,47.3528499893094,8.94954670281401,Steg im Tösstal,True,False,969.0,ZH
8497,809,64561.916493245735,"Fischenthal, Wald (ZH)",ZH,0,0,0,0,0,0,0,47.32380390982348,8.927752134876464,Fischenthal,True,False,809.0,ZH
8498,1085,67799.28077923278,"Bäretswil, Fischenthal, Hinwil",ZH,0,0,0,0,0,0,0,47.31710519826152,8.904069635287765,Gibswil,True,False,1085.0,ZH
8499,384,67878.02883399984,"Bauma, Fischingen","TG, ZH",0,0,0,0,0,0,0,47.39467700247195,8.914532547598984,Sternenberg,True,False,384.0,ZH
8500,28541,68236.40379274837,"Felben-Wellhausen, Frauenfeld, Gachnang, Hagenbuch, Matzingen, Thundorf","TG, ZH",2,3,3,1,2,6,5,47.549201767779664,8.905491171241353,Frauenfeld,True,True,14270.5,TG
8505,2250,65564.01461736887,Pfyn,TG,0,0,0,0,0,0,0,47.606739817116576,8.953324534967098,Pfyn,True,False,2250.0,TG
8506,464,73984.13621262458,Herdern,TG,0,0,0,0,0,0,0,47.623806774695765,8.936808276357093,Lanzenneunforn,True,False,464.0,TG
8507,712,71089.331605605,"Homburg, Mammern",TG,0,0,0,0,0,0,0,47.63882583889013,8.950427667053361,Hörhausen,True,False,712.0,TG
8508,897,70839.06195273093,"Homburg, Pfyn",TG,0,0,0,0,0,0,0,47.62070916993819,8.97919826866612,Homburg,True,False,897.0,TG
8512,1728,69445.08857808857,Thundorf,TG,0,0,0,0,0,0,0,47.54558591328094,8.983842158735532,Thundorf,True,False,1728.0,TG
8514,1511,69517.48023322102,"Affeltrangen, Amlikon-Bissegg",TG,0,0,0,0,0,0,0,47.55435470040724,9.039047559202304,Amlikon-Bissegg,True,False,1511.0,TG
8522,585,69604.1628227873,Aadorf,TG,0,0,0,0,0,0,0,47.519980746194655,8.901460057253363,Häuslenen,True,False,585.0,TG
8523,1169,70984.72718047925,"Elgg, Hagenbuch",ZH,0,0,0,0,0,0,0,47.51012315938969,8.888110334783034,Hagenbuch ZH,True,False,1169.0,ZH
8524,1242,73115.31414473684,Uesslingen-Buch,TG,0,0,0,0,0,0,0,47.58975222933171,8.835086540190094,Uesslingen,True,False,1242.0,TG
8525,572,73823.6516333093,"Neunforn, Stammheim","TG, ZH",0,0,0,0,0,0,0,47.60005379212817,8.792659000148637,Niederneunforn,True,False,572.0,TG
8526,662,73819.41033925686,Neunforn,TG,0,0,0,0,0,0,0,47.60641875493965,8.767825158707797,Oberneunforn,True,False,662.0,TG
8532,1478,108708.8829414947,"Herdern, Warth-Weiningen",TG,0,0,0,0,0,0,0,47.589948539778455,8.888207140892858,Warth,True,False,1478.0,TG
8535,711,74191.29732155571,"Herdern, Hüttwilen",TG,0,0,0,0,0,0,0,47.61542423970666,8.909672674080824,Herdern,True,False,711.0,TG
8536,1113,79576.68300836027,"Herdern, Hüttwilen, Warth-Weiningen",TG,0,0,0,0,0,0,0,47.60346225500263,8.879070085178041,Hüttwilen,True,False,1113.0,TG
8537,659,79616.57528089888,Hüttwilen,TG,0,0,0,0,0,0,0,47.61699748454807,8.823119451853216,Nussbaumen TG,True,False,659.0,TG
8542,5171,82817.72509285301,"Wiesendangen, Winterthur",ZH,0,1,0,0,1,1,1,47.52788388541616,8.784167740597718,Wiesendangen,True,True,5171.0,ZH
8543,1164,82855.22194513716,Wiesendangen,ZH,0,0,0,0,0,0,0,47.53795750903003,8.82843286013275,Bertschikon,True,False,1164.0,ZH
8544,461,82855.22194513716,Wiesendangen,ZH,0,0,0,0,0,0,0,47.53627016110416,8.797032325004196,Attikon,True,False,461.0,ZH
8545,2899,74622.71355413356,"Rickenbach (ZH), Winterthur",ZH,0,0,0,0,0,0,0,47.541974361232384,8.788699222220353,Rickenbach ZH,True,False,2899.0,ZH
8546,2053,77595.70883648419,"Gachnang, Wiesendangen","TG, ZH",0,0,0,0,0,0,0,47.54795398292455,8.832914801946915,Islikon,True,False,2053.0,TG
8547,1552,74965.95228215768,Gachnang,TG,0,0,0,0,0,0,0,47.54002372920509,8.851711799419876,Gachnang,True,False,1552.0,TG
8548,1027,79868.2261484099,Ellikon an der Thur,ZH,0,0,0,0,0,0,0,47.562931752239805,8.82587502025553,Ellikon an der Thur,True,False,1027.0,ZH
8552,3278,67597.47125748503,Felben-Wellhausen,TG,0,0,0,0,1,0,1,47.5766592011378,8.943347233309057,Felben-Wellhausen,True,True,3278.0,TG
8553,898,66820.39002267574,Hüttlingen,TG,0,0,0,0,0,0,0,47.57677276428638,8.989096653453489,Harenwilen,True,False,898.0,TG
8554,462,67882.53777500476,"Amlikon-Bissegg, Wigoltingen",TG,0,0,0,0,0,0,0,47.58409532133993,9.024748441077536,Müllheim-Wigoltingen,True,False,462.0,TG
8555,3403,66488.06196213425,Müllheim,TG,0,1,0,0,1,1,1,47.60239927516053,9.002158268755467,Müllheim Dorf,True,True,3403.0,TG
8556,2015,67850.58158682635,Wigoltingen,TG,0,0,0,0,0,0,0,47.60752492899462,9.040660535203912,Wigoltingen,True,False,2015.0,TG
8558,435,65767.91044628937,"Raperswilen, Wäldi",TG,0,0,0,0,0,0,0,47.63371493105552,9.053485570863591,Raperswilen,True,False,435.0,TG
8560,2492,70369.69783488617,"Märstetten, Wigoltingen",TG,0,0,0,0,0,0,0,47.59635068366883,9.070648184148574,Märstetten,True,False,2492.0,TG
8561,609,70464.80321782178,Märstetten,TG,0,0,1,0,0,0,1,47.586392360334685,9.084987353128412,Ottoberg,True,False,609.0,TG
8564,1342,67737.66122937252,"Wigoltingen, Wäldi",TG,0,0,0,0,0,0,0,47.62025781089323,9.076016421889005,Hefenhausen,True,False,1342.0,TG
8565,464,66055.2613480055,Kemmental,TG,0,0,0,0,0,0,0,47.59878838307653,9.11635987658637,Hugelshofen,True,False,464.0,TG
8566,1248,66055.2613480055,Kemmental,TG,0,0,0,0,0,0,0,47.61059194778548,9.131857630401427,Neuwilen,True,False,1248.0,TG
8570,12672,67033.83103142769,"Berg (TG), Weinfelden",TG,1,1,1,1,2,3,3,47.567606391277,9.125177425140135,Weinfelden,True,True,6336.0,TG
8572,3145,70154.16497597437,Berg (TG),TG,0,0,1,0,0,0,1,47.58185036388794,9.178987637635176,Berg TG,True,False,3145.0,TG
8573,1212,66055.2613480055,Kemmental,TG,0,0,0,0,0,0,0,47.60731082411115,9.16473279187432,Siegershausen,True,False,1212.0,TG
8574,1814,67791.58662280702,Lengwil,TG,0,0,0,0,0,0,0,47.61671919058264,9.199179733010023,Illighausen,True,False,1814.0,TG
8575,3861,58105.93726152567,"Bussnang, Bürglen (TG), Weinfelden",TG,0,0,0,0,0,0,0,47.54693010865655,9.142862646824447,Bürglen TG,True,False,3861.0,TG
8576,578,70154.16497597437,Berg (TG),TG,0,0,0,0,0,0,0,47.56622107194101,9.15586960691541,Mauren TG,True,False,578.0,TG
8577,872,64449.41794310722,Schönholzerswilen,TG,0,0,0,0,0,0,0,47.51580931421343,9.13993905660029,Schönholzerswilen,True,False,872.0,TG
8580,15823,60428.48251661827,"Amriswil, Hefenhofen, Muolen, Salmsach, Sommeri","SG, TG",1,1,2,0,2,2,4,47.54596464125272,9.300998981111464,Amriswil,True,True,7911.5,TG
8581,430,58991.80381967,Amriswil,TG,0,0,0,1,0,1,0,47.53758104751837,9.267915760671093,Schocherswil,True,False,430.0,TG
8582,724,71871.00864553315,Dozwil,TG,0,0,0,0,0,0,0,47.5763190974179,9.319584325285865,Dozwil,True,False,724.0,TG
8583,4177,63758.607126330404,Sulgen,TG,0,1,1,0,1,1,2,47.54314772628078,9.199696879524458,Sulgen,True,True,4177.0,TG
8584,434,59140.07020844724,"Berg (TG), Bürglen (TG)",TG,0,0,0,0,0,0,0,47.56380437301601,9.177960484071424,Leimbach TG,True,False,434.0,TG
8585,2381,65326.34660439011,"Birwinken, Langrickenbach",TG,0,0,0,0,0,0,0,47.59114430312046,9.225051233240078,Mattwil,True,False,2381.0,TG
8586,4645,62862.93146824058,"Birwinken, Erlen, Langrickenbach",TG,0,0,0,0,0,0,0,47.55717016692004,9.232605370946027,Erlen,True,False,4645.0,TG
8587,1036,58991.80381967,Amriswil,TG,0,0,0,0,0,0,0,47.55738592884177,9.268212729157147,Oberaach,True,False,1036.0,TG
8588,1454,63065.24345930233,Zihlschlacht-Sitterdorf,TG,0,0,0,0,0,0,0,47.5212397846287,9.257326192759662,Zihlschlacht,True,False,1454.0,TG
8589,1022,63058.09018120936,"Bischofszell, Zihlschlacht-Sitterdorf",TG,0,0,0,0,0,0,0,47.50199181106397,9.243805022126017,Sitterdorf,True,False,1022.0,TG
8590,11983,59272.21612009701,"Romanshorn, Uttwil",TG,1,0,1,1,1,2,2,47.5710773194292,9.362136351289998,Romanshorn,True,True,11983.0,TG
8592,1872,77478.13232514178,Uttwil,TG,0,0,0,0,0,0,0,47.58314663739373,9.342762736301358,Uttwil,True,False,1872.0,TG
8593,1004,77402.48936170213,Kesswil,TG,0,0,0,0,0,0,0,47.59332477445052,9.31996115095964,Kesswil,True,False,1004.0,TG
8594,1905,67143.56435643564,Güttingen,TG,0,1,0,0,0,1,0,47.60532830229823,9.28960626127313,Güttingen,True,False,1905.0,TG
8595,2351,68622.04769351055,Altnau,TG,0,0,0,0,0,0,0,47.612623412506416,9.260672702022203,Altnau,True,False,2351.0,TG
8596,2140,72988.60343871325,Münsterlingen,TG,0,0,0,0,0,0,0,47.63104803092453,9.229692451000744,Scherzingen,True,False,2140.0,TG
8597,1586,72988.60343871325,Münsterlingen,TG,0,0,0,0,0,0,0,47.6271424978776,9.246893029865689,Landschlacht,True,False,1586.0,TG
8598,2767,98170.38946348109,"Bottighofen, Kreuzlingen",TG,0,0,1,0,0,0,1,47.63623712723791,9.205438493651853,Bottighofen,True,False,2767.0,TG
8599,1609,61983.67171717172,Salmsach,TG,0,1,0,0,0,1,0,47.55350740194992,9.369181712966387,Salmsach,True,False,1609.0,TG
8600,30765,76938.25227218546,"Dietlikon, Dübendorf, Schwerzenbach",ZH,1,1,3,2,3,4,6,47.398810511954906,8.632046113229398,Dübendorf,True,True,10255.0,ZH
8602,2660,79476.64131994262,Wangen-Brüttisellen,ZH,0,0,0,0,0,0,0,47.410676115984174,8.645599511712524,Wangen b. Dübendorf,True,False,2660.0,ZH
8603,5257,76241.98949492123,"Dübendorf, Schwerzenbach",ZH,0,1,2,0,0,1,2,47.38410700978712,8.651328425147756,Schwerzenbach,True,False,5257.0,ZH
8604,17861,76879.5327029925,Volketswil,ZH,1,0,1,1,1,2,2,47.39023166807111,8.680238458468647,Volketswil,True,True,17861.0,ZH
8605,2081,76879.37169361573,"Uster, Volketswil",ZH,0,0,0,0,0,0,0,47.3810597612228,8.716226993034743,Gutenswil,True,False,2081.0,ZH
8606,8556,81470.38307379515,"Greifensee, Uster",ZH,0,0,1,0,1,0,2,47.36865891646476,8.68582681397924,Nänikon,True,True,8556.0,ZH
8607,1513,80607.76019273179,"Mönchaltorf, Seegräben",ZH,0,0,0,0,0,0,0,47.33280655335879,8.762633682859331,Aathal-Seegräben,True,False,1513.0,ZH
8608,4028,79366.17538428579,"Bubikon, Dürnten",ZH,0,1,0,0,0,1,0,47.268253595563785,8.823822850591533,Bubikon,True,False,4028.0,ZH
8610,31314,76760.26649797571,Uster,ZH,2,3,3,1,2,6,5,47.34857375226116,8.718155249300606,Uster,True,True,15657.0,ZH
8614,1648,76694.39210725558,"Gossau (ZH), Uster",ZH,0,0,0,0,0,0,0,47.32495219080327,8.751701926233086,Bertschikon (Gossau ZH),True,False,1648.0,ZH
8615,1392,76760.26649797571,Uster,ZH,0,0,0,0,0,0,0,47.36913322001117,8.737860959440319,Wermatswil,True,False,1392.0,ZH
8616,788,76760.26649797571,Uster,ZH,0,0,0,0,0,0,0,47.33190078413634,8.712846317136542,Riedikon,True,False,788.0,ZH
8617,4429,74210.9291172248,"Gossau (ZH), Mönchaltorf, Uster",ZH,1,1,1,0,0,2,1,47.31547752711713,8.730539968894325,Mönchaltorf,True,False,4429.0,ZH
8618,5190,68743.84568028645,"Männedorf, Oetwil am See",ZH,0,0,1,0,0,0,1,47.268911291287125,8.717489126285404,Oetwil am See,True,False,5190.0,ZH
8620,18217,68230.76874779542,Wetzikon (ZH),ZH,1,1,2,1,2,3,4,47.32467081384858,8.7931783023605,Wetzikon ZH,True,True,9108.5,ZH
8623,9092,68251.22704007289,"Pfäffikon, Wetzikon (ZH)",ZH,0,0,1,0,0,0,1,47.33530360855248,8.815236191046598,Wetzikon ZH,True,False,9092.0,ZH
8624,2472,76628.51771653544,Gossau (ZH),ZH,0,1,0,0,0,1,0,47.31048927812567,8.783546436606548,Grüt (Gossau ZH),True,False,2472.0,ZH
8625,5527,76628.51771653544,Gossau (ZH),ZH,0,1,1,0,1,1,2,47.3053059905048,8.760350929092462,Gossau ZH,True,True,5527.0,ZH
8626,1346,76628.51771653544,Gossau (ZH),ZH,0,0,0,0,0,0,0,47.29286169357037,8.786275604732309,Ottikon (Gossau ZH),True,False,1346.0,ZH
8627,3933,76066.08767938038,"Gossau (ZH), Grüningen, Hombrechtikon",ZH,0,0,0,0,0,0,0,47.27843427570218,8.759317255213034,Grüningen,True,False,3933.0,ZH
8630,13148,64527.199573459795,"Dürnten, Rapperswil-Jona, Rüti (ZH)","SG, ZH",1,1,2,0,2,2,4,47.25670508604092,8.853266963727393,Rüti ZH,True,True,6574.0,ZH
8632,4219,71834.97304389313,Dürnten,ZH,0,0,0,0,0,0,0,47.26699390258562,8.849812487043284,Tann,True,False,4219.0,ZH
8633,3665,79414.40766883791,"Bubikon, Rapperswil-Jona","SG, ZH",0,0,0,0,0,0,0,47.25300731834844,8.808595863920047,Wolfhausen,True,False,3665.0,ZH
8634,8787,73448.22638715274,"Hombrechtikon, Stäfa",ZH,0,1,1,0,1,1,2,47.24682018835863,8.762649875225627,Hombrechtikon,True,True,8787.0,ZH
8635,3794,71834.97304389313,Dürnten,ZH,0,0,0,0,0,0,0,47.27779657871511,8.855068250425056,Dürnten,True,False,3794.0,ZH
8636,8712,62485.54858775632,"Dürnten, Eschenbach (SG), Rüti (ZH), Wald (ZH)","SG, ZH",0,1,0,0,1,1,1,47.27625072469601,8.913633599542749,Wald ZH,True,True,8712.0,ZH
8637,2075,62341.4856108317,"Eschenbach (SG), Wald (ZH)","SG, ZH",0,0,0,0,0,0,0,47.263594655037096,8.934234332138615,Laupen ZH,True,False,2075.0,ZH
8638,1109,68893.90878567431,Eschenbach (SG),SG,0,0,0,0,0,0,0,47.270373333155646,8.967150030666332,Goldingen,True,False,1109.0,SG
8640,8780,113400.8512553222,"Freienbach, Rapperswil-Jona","SG, SZ",0,2,1,1,1,3,2,47.22073898362581,8.810390002306477,Rapperswil SG,True,True,8780.0,SZ
8645,18903,80048.65776714313,Rapperswil-Jona,SG,0,2,1,1,1,3,2,47.2336988295998,8.832885761989578,Jona,True,True,18903.0,SG
8646,1231,80048.65776714313,Rapperswil-Jona,SG,0,0,0,0,0,0,0,47.2337655590649,8.883671531553784,Wagen,True,False,1231.0,SG
8700,14482,155643.97080796902,Küsnacht (ZH),ZH,0,2,0,0,1,2,1,47.31999511282354,8.588239721011945,Küsnacht ZH,True,True,14482.0,ZH
8702,8360,142354.29015084295,Zollikon,ZH,0,1,0,0,1,1,1,47.3408420293117,8.575045244993081,Zollikon,True,True,8360.0,ZH
8703,5689,157608.6113167719,"Erlenbach (ZH), Herrliberg",ZH,0,1,1,0,1,1,2,47.2984583959592,8.60142188295426,Erlenbach ZH,True,True,5689.0,ZH
8704,6792,156483.90213791028,Herrliberg,ZH,0,2,0,0,0,2,0,47.28955824519159,8.61464750425042,Herrliberg,True,False,6792.0,ZH
8706,14952,117900.84776554833,Meilen,ZH,1,1,2,0,1,2,3,47.27251834423684,8.644485772307727,Meilen,True,True,14952.0,ZH
8707,6744,105277.77804295943,Uetikon am See,ZH,0,1,0,0,0,1,0,47.26688365976264,8.681229661079495,Uetikon am See,True,False,6744.0,ZH
8708,11764,98792.9750970246,Männedorf,ZH,1,2,1,0,1,3,2,47.25624968504832,8.696256387734298,Männedorf,True,True,11764.0,ZH
8712,11963,93454.80591744794,Stäfa,ZH,1,1,0,0,1,2,1,47.24258902581812,8.726845237415931,Stäfa,True,True,11963.0,ZH
8713,3267,93454.80591744794,Stäfa,ZH,0,0,0,0,0,0,0,47.2374197289787,8.755197863580086,Uerikon,True,False,3267.0,ZH
8714,467,73581.2332043429,"Hombrechtikon, Rapperswil-Jona","SG, ZH",0,0,0,0,0,0,0,47.24450340013154,8.796687700839904,Feldbach,True,False,467.0,ZH
8715,135,80048.65776714313,Rapperswil-Jona,SG,0,0,0,0,0,0,0,47.2204838619784,8.891089949606743,Bollingen,True,False,135.0,SG
8716,4134,72240.60168033195,"Schmerikon, Uznach",SG,0,0,1,0,0,0,1,47.22769453075587,8.95354815038224,Schmerikon,True,False,4134.0,SG
8717,3119,66437.13430235248,"Benken (SG), Kaltbrunn",SG,0,0,0,0,0,0,0,47.2007384606288,9.006528181660714,Benken SG,True,False,3119.0,SG
8718,3253,62681.340284360194,Schänis,SG,1,0,1,1,0,2,1,47.15952386538928,9.048636413606918,Schänis,True,False,3253.0,SG
8722,5141,65642.47250600047,"Kaltbrunn, Schänis",SG,0,0,0,0,1,0,1,47.20797350365426,9.039347837613647,Kaltbrunn,True,True,5141.0,SG
8723,893,62681.340284360194,Schänis,SG,0,0,0,0,0,0,0,47.1874162490538,9.054854082116387,Rufi,True,False,893.0,SG
8725,1302,71272.8678582099,"Eschenbach (SG), Gommiswald, Uznach",SG,0,0,0,0,0,0,0,47.24401531354471,8.997886498074086,Ernetschwil,True,False,1302.0,SG
8726,437,65182.693027685375,"Gommiswald, Wattwil",SG,0,0,0,0,0,0,0,47.2641393124419,9.045460937093011,Ricken SG,True,False,437.0,SG
8727,234,68893.90878567431,Eschenbach (SG),SG,0,0,0,0,0,0,0,47.27071782702946,9.01635497601107,Walde SG,True,False,234.0,SG
8730,7164,66615.18280163623,"Gommiswald, Schmerikon, Tuggen, Uznach","SG, SZ",1,1,1,0,1,2,2,47.22623664000506,8.97873256387823,Uznach,True,True,7164.0,SG
8732,1049,68893.90878567431,Eschenbach (SG),SG,0,0,0,0,0,0,0,47.24405815824528,8.943318046577389,Neuhaus SG,True,False,1049.0,SG
8733,5148,68893.90878567431,Eschenbach (SG),SG,0,1,1,0,1,1,2,47.24164569838171,8.921229047310984,Eschenbach SG,True,True,5148.0,SG
8734,840,69767.10253594369,"Eschenbach (SG), Rapperswil-Jona",SG,0,0,0,0,0,0,0,47.242981716210494,8.884059598554522,Ermenswil,True,False,840.0,SG
8735,1961,68893.90878567431,Eschenbach (SG),SG,0,0,0,0,0,0,0,47.25458487869359,8.976252914082533,St. Gallenkappel,True,False,1961.0,SG
8737,2107,71296.2625118036,Gommiswald,SG,0,1,1,0,0,1,1,47.2329153065806,9.022886208767392,Gommiswald,True,False,2107.0,SG
8738,1334,71296.2625118036,Gommiswald,SG,0,0,0,0,0,0,0,47.23712841551971,9.033116170105837,Uetliburg SG,True,False,1334.0,SG
8739,796,71296.2625118036,Gommiswald,SG,0,0,0,0,0,0,0,47.22293563417083,9.050943011744035,Rieden SG,True,False,796.0,SG
8750,7214,64736.639351794896,"Glarus, Glarus Süd, Muotathal","GL, SZ",0,0,0,0,1,0,1,47.0317623033217,9.005751626756805,Glarus,True,True,7214.0,GL
8751,41,51427.50318471338,Spiringen,UR,0,0,0,0,0,0,0,46.892349121063454,8.9083704456735,Urnerboden,True,False,41.0,UR
8752,5052,65785.48149213656,Glarus Nord,GL,1,0,0,0,1,1,1,47.09832576265725,9.059036610281888,Näfels,True,True,5052.0,GL
8753,4227,65785.48149213656,Glarus Nord,GL,0,0,0,0,0,0,0,47.09297556602268,9.075328812132303,Mollis,True,False,4227.0,GL
8754,3129,64760.0691773039,"Glarus, Glarus Nord",GL,0,1,0,0,0,1,0,47.06582359728187,9.061010438581166,Netstal,True,False,3129.0,GL
8755,2637,64724.84159489269,"Glarus, Glarus Süd",GL,1,1,1,0,0,2,1,47.03262527273961,9.077454556395152,Ennenda,True,False,2637.0,GL
8756,1048,58312.529315960914,Glarus Süd,GL,0,0,0,0,0,0,0,47.01126739873886,9.079584157535216,Mitlödi,True,False,1048.0,GL
8757,508,65785.48149213656,Glarus Nord,GL,0,0,0,0,0,0,0,47.12023865629287,9.129214097525736,Filzbach,True,False,508.0,GL
8758,499,65785.48149213656,Glarus Nord,GL,0,0,0,0,0,0,0,47.11458633755584,9.154853991598213,Obstalden,True,False,499.0,GL
8762,3168,58312.529315960914,Glarus Süd,GL,0,1,0,0,0,1,0,47.00031780828362,9.075167918865942,Schwanden GL,True,False,3168.0,GL
8765,621,58312.529315960914,Glarus Süd,GL,0,0,0,0,0,0,0,46.9831525096974,9.152676487377107,Engi,True,False,621.0,GL
8766,281,58312.529315960914,Glarus Süd,GL,0,0,0,0,0,0,0,46.96085959220632,9.175817130836856,Matt,True,False,281.0,GL
8767,624,58312.529315960914,Glarus Süd,GL,0,0,0,0,0,0,0,46.91900624749972,9.16374901454936,Elm,True,False,624.0,GL
8772,256,58312.529315960914,Glarus Süd,GL,0,0,0,0,0,0,0,46.98639718045827,9.055053015344464,Nidfurn,True,False,256.0,GL
8773,592,58312.529315960914,Glarus Süd,GL,0,0,0,0,0,0,0,46.9804691424659,9.058805214425597,Haslen GL,True,False,592.0,GL
8774,136,58312.529315960914,Glarus Süd,GL,0,0,0,0,0,0,0,46.97674155653737,9.04494286641886,Leuggelbach,True,False,136.0,GL
8775,865,58312.529315960914,Glarus Süd,GL,0,0,0,0,0,0,0,46.96412654755764,9.036016569931256,Luchsingen,True,False,865.0,GL
8777,400,58312.529315960914,Glarus Süd,GL,0,0,0,0,0,0,0,46.94875407824688,9.02897735633238,Diesbach GL,True,False,400.0,GL
8782,383,58312.529315960914,Glarus Süd,GL,0,0,0,0,0,0,0,46.93555063035132,9.01468303662574,Rüti GL,True,False,383.0,GL
8783,1003,58312.529315960914,Glarus Süd,GL,0,0,0,0,0,0,0,46.91413720466768,8.994990858048894,Linthal,True,False,1003.0,GL
8784,245,58312.529315960914,Glarus Süd,GL,0,0,0,0,0,0,0,46.94269441470419,8.997578442878673,Braunwald,True,False,245.0,GL
8800,16154,100808.27488101534,Thalwil,ZH,0,1,2,0,1,1,3,47.29322289580996,8.561960080812959,Thalwil,True,True,16154.0,ZH
8802,9571,141795.14224910396,Kilchberg (ZH),ZH,0,1,1,0,0,1,1,47.32377423814546,8.54393681539057,Kilchberg ZH,True,False,9571.0,ZH
8803,6454,135647.45911141444,"Kilchberg (ZH), Rüschlikon",ZH,0,1,0,0,1,1,1,47.31117454475223,8.553469875920984,Rüschlikon,True,True,6454.0,ZH
8804,6358,80303.2295295223,Wädenswil,ZH,1,1,0,0,0,2,0,47.24290512516442,8.647027355461955,Au ZH,True,False,6358.0,ZH
8805,11204,84708.1388591323,Richterswil,ZH,1,2,1,0,1,3,2,47.207448896813546,8.698606709094225,Richterswil,True,True,11204.0,ZH
8806,2429,165269.48128930718,"Freienbach, Wollerau",SZ,0,0,0,0,0,0,0,47.20230358564675,8.72740613284121,Bäch SZ,True,False,2429.0,SZ
8807,3106,146753.04474350126,Freienbach,SZ,0,1,1,0,0,1,1,47.2047213467684,8.75583152678972,Freienbach,True,False,3106.0,SZ
8808,7598,146753.04474350126,Freienbach,SZ,0,2,1,0,1,2,2,47.19953100257124,8.776861793260712,Pfäffikon SZ,True,True,7598.0,SZ
8810,21844,89806.09770162289,Horgen,ZH,0,2,2,1,1,3,3,47.25512906742931,8.600782862939596,Horgen,True,True,21844.0,ZH
8815,338,89806.09770162289,Horgen,ZH,0,0,0,0,0,0,0,47.24729164037839,8.585750659480597,Horgenberg,True,False,338.0,ZH
8816,2409,89806.09770162289,Horgen,ZH,0,0,0,0,0,0,0,47.21602732739508,8.60768284712102,Hirzel,True,False,2409.0,ZH
8820,16897,80303.2295295223,Wädenswil,ZH,0,1,1,1,2,2,3,47.22615569226154,8.668226234958663,Wädenswil,True,True,8448.5,ZH
8824,1896,80303.2295295223,Wädenswil,ZH,0,0,0,0,0,0,0,47.19508111466507,8.644719374730611,Schönenberg ZH,True,False,1896.0,ZH
8825,861,80303.2295295223,Wädenswil,ZH,0,0,0,0,0,0,0,47.17623654107837,8.664150043672675,Hütten,True,False,861.0,ZH
8832,11281,176495.94613111188,"Feusisberg, Freienbach, Wollerau",SZ,0,1,1,0,1,1,2,47.19367078985813,8.72844242147995,Wollerau,True,True,11281.0,SZ
8833,3350,85647.59096914518,"Richterswil, Wollerau","SZ, ZH",0,0,0,0,0,0,0,47.19469197735789,8.687517155021407,Samstagern,True,False,3350.0,ZH
8834,3853,184542.10774553972,"Feusisberg, Wollerau",SZ,0,0,0,0,1,0,1,47.177330086849615,8.702719682996214,Schindellegi,True,True,3853.0,SZ
8835,1752,183745.15145081386,Feusisberg,SZ,1,0,0,0,0,1,0,47.18565877100084,8.747167596258013,Feusisberg,True,False,1752.0,SZ
8836,1174,77067.55642422738,"Einsiedeln, Feusisberg, Oberägeri","SZ, ZG",0,0,0,0,0,0,0,47.1510044563388,8.713041104548614,Bennau,True,False,1174.0,SZ
8840,11766,70968.32558889965,Einsiedeln,SZ,0,2,1,1,1,3,2,47.116617369689344,8.736528378063777,Einsiedeln,True,True,11766.0,SZ
8841,1390,70968.32558889965,Einsiedeln,SZ,0,0,0,0,0,0,0,47.11488720684877,8.772954537551145,Gross,True,False,1390.0,SZ
8842,2093,62697.345194085894,"Oberiberg, Schwyz, Unteriberg",SZ,0,0,0,0,0,0,0,47.02443056562976,8.801193273858496,Unteriberg,True,False,2093.0,SZ
8843,920,82644.25927163943,"Oberiberg, Schwyz",SZ,0,0,0,0,0,0,0,47.02634940639723,8.756121559329161,Oberiberg,True,False,920.0,SZ
8844,734,70892.19296998564,"Einsiedeln, Unteriberg",SZ,0,0,0,0,0,0,0,47.083310035486654,8.833802008062683,Euthal,True,False,734.0,SZ
8845,459,61132.06991525424,Unteriberg,SZ,0,0,0,0,0,0,0,47.06953320437326,8.842704425091295,Studen SZ,True,False,459.0,SZ
8846,1141,71384.0013976997,"Altendorf, Einsiedeln",SZ,0,0,0,0,0,0,0,47.14026360302224,8.811989629962396,Willerzell,True,False,1141.0,SZ
8847,535,71647.24208058837,"Einsiedeln, Feusisberg",SZ,0,0,0,0,0,0,0,47.16595977175855,8.766938940038074,Egg SZ,True,False,535.0,SZ
8849,641,67274.82142857143,Alpthal,SZ,0,0,0,0,0,0,0,47.05579463092754,8.709193775880092,Alpthal,True,False,641.0,SZ
8852,7533,111522.06303280806,Altendorf,SZ,0,1,1,1,0,2,1,47.18901020206548,8.825861378402632,Altendorf,True,False,7533.0,SZ
8853,9466,97749.98169745307,"Galgenen, Lachen, Wangen (SZ)",SZ,0,1,1,0,1,1,2,47.19316315823502,8.859985419183362,Lachen SZ,True,True,9466.0,SZ
8854,11369,76149.12806026993,"Galgenen, Schübelbach, Wangen (SZ)",SZ,1,1,1,1,0,3,1,47.176430769692345,8.891641817512859,Siebnen,True,False,11369.0,SZ
8855,4007,77692.89439744009,"Schübelbach, Tuggen, Wangen (SZ)",SZ,0,0,0,0,0,0,0,47.18978145277702,8.904878111828756,Wangen SZ,True,False,4007.0,SZ
8856,3382,78605.75929861849,Tuggen,SZ,0,0,0,0,0,0,0,47.20182189559397,8.941838936090917,Tuggen,True,False,3382.0,SZ
8857,1032,59430.046357615895,Vorderthal,SZ,0,0,0,0,0,0,0,47.125561002956935,8.898427207989913,Vorderthal,True,False,1032.0,SZ
8858,194,54883.55263157895,Innerthal,SZ,0,0,0,0,0,0,0,47.055070812487465,8.920686896043545,Innerthal,True,False,194.0,SZ
8862,2909,67555.2923195976,Schübelbach,SZ,0,0,0,0,0,0,0,47.17392435510337,8.929378930225257,Schübelbach,True,False,2909.0,SZ
8863,2796,67546.00070844364,"Benken (SG), Schübelbach","SG, SZ",0,0,1,0,0,0,1,47.1770077575573,8.956724078739896,Buttikon SZ,True,False,2796.0,SZ
8864,4142,72734.84203102962,Reichenburg,SZ,0,1,0,0,1,1,1,47.16919723411668,8.979522538856761,Reichenburg,True,True,4142.0,SZ
8865,2580,65785.48149213656,Glarus Nord,GL,0,0,1,0,0,0,1,47.150460021537846,9.023029929138184,Bilten,True,False,2580.0,GL
8866,460,64850.63832600263,"Glarus Nord, Schänis","GL, SG",0,0,0,0,0,0,0,47.13515102721199,9.06085015324268,Ziegelbrücke,True,False,460.0,GL
8867,3954,65785.48149213656,Glarus Nord,GL,0,1,1,0,2,1,3,47.12590350460122,9.053741735803849,Niederurnen,True,True,1977.0,GL
8868,2123,65785.48149213656,Glarus Nord,GL,0,0,0,0,0,0,0,47.11496989423344,9.059672055807155,Oberurnen,True,False,2123.0,GL
8872,2333,67520.82596453538,"Amden, Glarus Nord, Weesen","GL, SG",0,0,0,0,0,0,0,47.13532354057489,9.099148482318723,Weesen,True,False,2333.0,SG
8873,1523,72604.47449470645,Amden,SG,0,0,0,0,0,0,0,47.14940044117567,9.152726298489895,Amden,True,False,1523.0,SG
8874,435,65785.48149213656,Glarus Nord,GL,0,0,0,0,0,0,0,47.11396506438374,9.176434925750929,Mühlehorn,True,False,435.0,GL
8877,742,61154.75768535262,Quarten,SG,0,0,0,0,0,0,0,47.110846789199606,9.213273417784444,Murg,True,False,742.0,SG
8878,45,61260.81502513626,"Quarten, Walenstadt",SG,0,0,0,0,0,0,0,47.13036837441626,9.234473840032312,Quinten,True,False,45.0,SG
8880,4795,65874.71050171393,Walenstadt,SG,0,1,1,0,1,1,2,47.12378428291908,9.315243818258937,Walenstadt,True,True,4795.0,SG
8881,590,65874.71050171393,Walenstadt,SG,0,0,0,0,0,0,0,47.12811575599969,9.310427798525872,Walenstadtberg,True,False,590.0,SG
8882,896,61154.75768535262,Quarten,SG,0,0,0,0,0,0,0,47.11239507544493,9.250120905492857,Unterterzen,True,False,896.0,SG
8883,398,61154.75768535262,Quarten,SG,0,0,0,0,0,0,0,47.10668252428543,9.23920095164488,Quarten,True,False,398.0,SG
8884,397,61154.75768535262,Quarten,SG,0,0,0,0,0,0,0,47.100161571757546,9.259049086079358,Oberterzen,True,False,397.0,SG
8885,596,61154.75768535262,Quarten,SG,0,0,0,0,0,0,0,47.1117916525616,9.280715605965913,Mols,True,False,596.0,SG
8886,145,64088.983208218095,Mels,SG,0,0,0,0,0,0,0,47.04649808617992,9.38000094428839,Mädris-Vermol,True,False,145.0,SG
8887,7178,64088.983208218095,Mels,SG,1,1,1,0,1,2,2,47.04570420571972,9.420647182398136,Mels,True,True,7178.0,SG
8888,1503,64065.827335007016,"Flums, Mels, Sargans",SG,0,0,0,0,0,0,0,47.06250677675704,9.408726889167175,Heiligkreuz (Mels),True,False,1503.0,SG
8889,576,64088.983208218095,Mels,SG,0,0,0,0,0,0,0,47.05849836779667,9.394997761590274,Plons,True,False,576.0,SG
8890,3982,57468.828169551554,"Flums, Walenstadt",SG,1,1,0,1,0,3,0,47.0965364372199,9.345232268586168,Flums,True,False,3982.0,SG
8892,695,65814.78002568004,"Flums, Walenstadt",SG,0,0,0,0,1,0,1,47.10318719297182,9.351892417464626,Berschis,True,True,695.0,SG
8893,380,57457.01089258713,"Flums, Walenstadt",SG,0,0,0,0,0,0,0,47.08640040052816,9.372686799900816,Flums Hochwiese,True,False,380.0,SG
8894,173,57433.79838426414,Flums,SG,0,0,0,0,0,0,0,47.07331380080147,9.351985161825086,Flumserberg Saxli,True,False,173.0,SG
8895,222,57433.79838426414,Flums,SG,0,0,0,0,0,0,0,47.079409919996,9.334342345482291,Flumserberg Portels,True,False,222.0,SG
8896,416,57620.41499820167,"Flums, Quarten, Walenstadt",SG,0,0,0,0,0,0,0,47.09932893274942,9.30270375719178,Flumserberg Bergheim,True,False,416.0,SG
8897,230,57433.79838426414,Flums,SG,0,0,0,0,0,0,0,47.08682029808894,9.303239194708462,Flumserberg Tannenheim,True,False,230.0,SG
8898,100,60785.30363634754,"Flums, Quarten",SG,0,0,0,0,0,0,0,47.07926371004326,9.268272104757052,Flumserberg Tannenbodenalp,True,False,100.0,SG
8902,10572,73829.64294325955,"Schlieren, Urdorf",ZH,0,0,2,0,1,0,3,47.38852047389574,8.43004659698742,Urdorf,True,True,10572.0,ZH
8903,7585,85505.5771460116,Birmensdorf (ZH),ZH,0,1,0,0,1,1,1,47.35531555068662,8.443063046306618,Birmensdorf ZH,True,True,7585.0,ZH
8904,1644,111785.86689419794,Aesch (ZH),ZH,0,0,0,0,0,0,0,47.33675592739432,8.440278853879056,Aesch ZH,True,False,1644.0,ZH
8905,2635,88335.01227625908,"Arni (AG), Islisberg",AG,0,0,0,0,0,0,0,47.32031496705664,8.430624988261382,Islisberg,True,False,2635.0,AG
8906,5659,88577.16884008236,Bonstetten,ZH,0,1,0,0,0,1,0,47.31977717831391,8.470450840956111,Bonstetten,True,False,5659.0,ZH
8907,5419,110417.34716406549,Wettswil am Albis,ZH,0,0,0,0,0,0,0,47.33530218651047,8.475541097709376,Wettswil,True,False,5419.0,ZH
8908,3983,90047.2800387597,Hedingen,ZH,0,0,0,0,0,0,0,47.29790699017244,8.44840909033766,Hedingen,True,False,3983.0,ZH
8909,1390,69647.0919607556,Affoltern am Albis,ZH,0,0,0,0,0,0,0,47.2883472027572,8.434717211270677,Zwillikon,True,False,1390.0,ZH
8910,11521,69667.88305975086,"Affoltern am Albis, Obfelden",ZH,1,1,2,1,1,3,3,47.27482650135848,8.445666831554954,Affoltern am Albis,True,True,11521.0,ZH
8911,1213,91280.26621160409,Rifferswil,ZH,0,0,0,0,0,0,0,47.24413279110144,8.495607140223383,Rifferswil,True,False,1213.0,ZH
8912,6081,77613.03027311615,Obfelden,ZH,0,1,0,0,0,1,0,47.264034277854,8.423058227012266,Obfelden,True,False,6081.0,ZH
8913,3038,82697.17509727627,Ottenbach,ZH,0,0,0,0,0,0,0,47.28059375466214,8.406140080636142,Ottenbach,True,False,3038.0,ZH
8914,2003,101526.21803127875,Aeugst am Albis,ZH,0,0,0,0,0,0,0,47.27582623239724,8.486433941720138,Aeugst am Albis,True,False,2003.0,ZH
8915,2970,85507.59539789072,Hausen am Albis,ZH,0,0,0,0,0,0,0,47.24548034832669,8.532423057416818,Hausen am Albis,True,False,2970.0,ZH
8916,2333,89452.23601973684,Jonen,AG,0,0,0,0,0,0,0,47.29741867581671,8.393791148001045,Jonen,True,False,2333.0,AG
8917,2196,93171.1973355537,Oberlunkhofen,AG,0,0,0,0,0,0,0,47.31197375482252,8.392583536804672,Oberlunkhofen,True,False,2196.0,AG
8918,1662,84680.20022753128,Unterlunkhofen,AG,0,0,0,0,0,0,0,47.32208745169949,8.381242316879163,Unterlunkhofen,True,False,1662.0,AG
8919,1013,73101.21466905187,Rottenschwil,AG,0,0,0,0,0,0,0,47.3144790492621,8.363278516484208,Rottenschwil,True,False,1013.0,AG
8925,972,85507.59539789072,Hausen am Albis,ZH,0,0,0,0,0,0,0,47.226624433463705,8.550418837070056,Ebertswil,True,False,972.0,ZH
8926,1375,92345.22005988024,Kappel am Albis,ZH,0,0,1,0,0,0,1,47.22677754889202,8.507527345326993,Kappel am Albis,True,False,1375.0,ZH
8932,5841,87007.5349471531,Mettmenstetten,ZH,0,0,0,0,0,0,0,47.24590932745129,8.464255753818465,Mettmenstetten,True,False,5841.0,ZH
8933,669,73974.48433048432,Maschwanden,ZH,0,0,0,0,0,0,0,47.23450731833674,8.426727405521866,Maschwanden,True,False,669.0,ZH
8934,2515,82992.83375314862,Knonau,ZH,0,0,0,0,0,0,0,47.22314563361605,8.461825206278332,Knonau,True,False,2515.0,ZH
8942,5410,106325.29601722282,Oberrieden,ZH,0,1,0,0,0,1,0,47.27577207204008,8.576607979451524,Oberrieden,True,False,5410.0,ZH
8951,3234,83229.43210660924,"Geroldswil, Unterengstringen, Weiningen (ZH)",ZH,0,0,1,1,0,1,1,47.408812678300286,8.414590159998072,Fahrweid,True,False,3234.0,ZH
8952,20441,65067.31248441393,"Schlieren, Zürich",ZH,1,2,1,2,2,5,3,47.39962678685049,8.456663060278732,Schlieren,True,True,10220.5,ZH
8953,28330,62414.1973945775,"Dietikon, Spreitenbach","AG, ZH",1,3,2,0,2,4,4,47.40346405188609,8.39060446734702,Dietikon,True,True,14165.0,ZH
8954,4428,78636.13538575667,Geroldswil,ZH,0,1,1,0,0,1,1,47.423127998549965,8.410492039186288,Geroldswil,True,False,4428.0,ZH
8955,2604,86891.87935656836,Oetwil an der Limmat,ZH,0,1,0,0,1,1,1,47.42853312890028,8.396566898934399,Oetwil an der Limmat,True,True,2604.0,ZH
8956,2272,75659.92222222222,Killwangen,AG,0,2,0,0,0,2,0,47.431617907937365,8.349869536133701,Killwangen,True,False,2272.0,AG
8957,13372,60544.490423387106,Spreitenbach,AG,0,1,2,1,1,2,3,47.41949255819539,8.366890548734725,Spreitenbach,True,True,13372.0,AG
8962,2989,97760.51579626049,Bergdietikon,AG,1,0,0,0,0,1,0,47.392850717653566,8.384547091188649,Bergdietikon,True,False,2989.0,AG
8964,4669,74971.38021077198,"Berikon, Rudolfstetten-Friedlisberg",AG,0,0,0,1,0,1,0,47.363732295829735,8.383123297498488,Rudolfstetten,True,False,4669.0,AG
8965,5024,75850.84392214469,Berikon,AG,0,1,0,0,1,1,1,47.3541980793086,8.370347099951466,Berikon,True,True,5024.0,AG
8966,2699,118426.55602240896,Oberwil-Lieli,AG,0,0,0,0,0,0,0,47.33886192419457,8.393434873785216,Oberwil-Lieli,True,False,2699.0,AG
8967,3915,93474.11049915865,"Bellikon, Bergdietikon, Widen",AG,0,0,0,0,0,0,0,47.376321728214464,8.359597623089355,Widen,True,False,3915.0,AG
9000,36926,60729.99106920235,St. Gallen,SG,1,1,2,1,4,3,6,47.423436525553335,9.372802403669589,St. Gallen,True,True,9231.5,SG
9008,8416,60829.37635490459,"St. Gallen, Wittenbach",SG,0,0,2,0,1,0,3,47.44178328581006,9.39166400941404,St. Gallen,True,True,8416.0,SG
9010,2893,60729.99106920235,St. Gallen,SG,0,0,0,0,1,0,1,47.439113098998725,9.377390201720178,St. Gallen,True,True,2893.0,SG
9011,3043,60729.99106920235,St. Gallen,SG,0,0,0,0,0,0,0,47.41685704815874,9.392220708945327,St. Gallen,True,False,3043.0,SG
9012,2223,61534.349164435655,"St. Gallen, Teufen (AR)","AR, SG",0,0,0,0,0,0,0,47.40785583165398,9.366497839834626,St. Gallen,True,False,2223.0,SG
9014,11026,60785.20029204066,"St. Gallen, Stein (AR)","AR, SG",1,1,1,1,1,3,2,47.4036300462012,9.330413153129268,St. Gallen,True,True,11026.0,SG
9015,4672,60937.12772682238,"Gossau (SG), St. Gallen",SG,1,2,0,0,0,3,0,47.40540818298695,9.297617676585862,St. Gallen,True,False,4672.0,SG
9016,10566,60729.99106920235,St. Gallen,SG,1,1,1,0,1,2,2,47.43965979466483,9.409965529690332,St. Gallen,True,True,10566.0,SG
9030,5756,76508.32644220261,"Gaiserwald, Gossau (SG), St. Gallen",SG,0,0,0,0,1,0,1,47.42389089286314,9.32001357289144,Abtwil SG,True,True,5756.0,SG
9032,3089,76419.06184485415,"Gaiserwald, Waldkirch",SG,0,0,0,0,0,0,0,47.447482944169934,9.335697770498376,Engelburg,True,False,3089.0,SG
9033,1017,73635.85739750446,Untereggen,SG,0,0,0,0,0,0,0,47.45233732400197,9.44858307651394,Untereggen,True,False,1017.0,SG
9034,1865,73122.26877589246,"Eggersriet, Rehetobel","AR, SG",0,0,0,0,0,0,0,47.43913039698178,9.467856424851629,Eggersriet,True,False,1865.0,SG
9035,943,58822.71741172683,"Eggersriet, Grub (AR)","AR, SG",0,0,0,0,0,0,0,47.4445694457475,9.503149736959056,Grub AR,True,False,943.0,AR
9036,497,73057.7268898161,"Eggersriet, Heiden","AR, SG",0,0,0,0,0,0,0,47.45487463882394,9.52050935786614,Grub SG,True,False,497.0,SG
9037,791,77265.2701543883,"Eggersriet, Rehetobel, Speicher, St. Gallen","AR, SG",0,0,0,0,0,0,0,47.42837078333855,9.4438169974027,Speicherschwendi,True,False,791.0,AR
9038,1754,62208.54983862107,"Grub (AR), Heiden, Rehetobel",AR,0,0,0,0,0,0,0,47.42958829221706,9.504233130293088,Rehetobel,True,False,1754.0,AR
9042,3777,78035.620795296,"Speicher, St. Gallen, Teufen (AR)","AR, SG",0,0,0,0,0,0,0,47.4087482443188,9.435163832723823,Speicher,True,False,3777.0,AR
9043,1916,71734.61677226418,"Bühler, Gais, Trogen, Wald (AR)",AR,0,0,0,0,0,0,0,47.39758304294924,9.469243156295262,Trogen,True,False,1916.0,AR
9044,915,58725.17214700193,Wald (AR),AR,0,0,0,0,0,0,0,47.415242100919166,9.495643148032478,Wald AR,True,False,915.0,AR
9050,11104,44712.07914272944,"Appenzell, Gonten, Schlatt-Haslen, Schwende-Rüte",AI,0,1,1,0,1,1,2,47.34112804008734,9.414988653798668,Appenzell,True,True,11104.0,AI
9052,1872,85189.6209973825,"Schlatt-Haslen, Teufen (AR)","AI, AR",0,0,0,0,0,0,0,47.38928933702744,9.364156730890048,Niederteufen,True,False,1872.0,AR
9053,4263,85105.19403205506,"Schlatt-Haslen, Teufen (AR)","AI, AR",0,0,0,0,1,0,1,47.3837523010708,9.392244989926034,Teufen AR,True,True,4263.0,AR
9054,674,74390.16863406409,Schlatt-Haslen,AI,0,0,0,0,0,0,0,47.36770112658933,9.373308632484507,Haslen AI,True,False,674.0,AI
9055,2058,62763.14709330721,"Bühler, Gais, Schlatt-Haslen, Teufen (AR)","AI, AR",0,0,1,0,0,0,1,47.37519535362708,9.415375211293483,Bühler,True,False,2058.0,AR
9056,3097,69887.64128225506,"Appenzell, Gais, Schlatt-Haslen","AI, AR",0,0,0,0,0,0,0,47.35953884679111,9.447511775875038,Gais,True,False,3097.0,AR
9057,1172,0.0,Schwende-Rüte,AI,0,0,0,0,0,0,0,47.28984033224705,9.42144008637323,Weissbad,True,False,1172.0,AI
9058,502,319.6921653139658,"Altstätten, Schwende-Rüte","AI, SG",0,0,0,0,0,0,0,47.291720575265856,9.473601760857582,Brülisau,True,False,502.0,AI
9062,516,85298.04529135599,Teufen (AR),AR,0,0,0,0,0,0,0,47.39834579119739,9.35706384461368,Lustmühle,True,False,516.0,AR
9063,1484,69078.94145943371,"Hundwil, Stein (AR)",AR,0,0,0,0,0,0,0,47.36539808503163,9.343813877396936,Stein AR,True,False,1484.0,AR
9064,721,56765.29978586724,Hundwil,AR,0,0,0,0,0,0,0,47.35789143703828,9.318495119320346,Hundwil,True,False,721.0,AR
9100,15763,61552.193205142874,"Gossau (SG), Herisau, Schwellbrunn, Waldstatt","AR, SG",1,1,2,1,2,3,4,47.37824696184954,9.2703287478093,Herisau,True,True,7881.5,AR
9103,1411,62400.55597964143,"Neckertal, Schwellbrunn, Urnäsch, Waldstatt","AR, SG",0,0,0,0,0,0,0,47.3477914879591,9.245219799989965,Schwellbrunn,True,False,1411.0,AR
9104,1907,61935.841522130395,"Schwellbrunn, Urnäsch, Waldstatt",AR,0,1,0,0,0,1,0,47.34718621371635,9.276677192202282,Waldstatt,True,False,1907.0,AR
9105,1258,28993.03261258029,"Neckertal, Schwellbrunn, Schönengrund","AR, SG",0,0,0,0,0,0,0,47.3292562527619,9.228031391924196,Schönengrund,True,False,1258.0,SG
9107,2615,57897.78706393443,"Hundwil, Neckertal, Nesslau, Schwende-Rüte, Schönengrund, Urnäsch, Wildhaus-Alt St. Johann","AI, AR, SG",0,1,0,0,0,1,0,47.290931723792845,9.28763860937672,Urnäsch,True,False,2615.0,AR
9108,1391,69049.42921669576,"Gonten, Hundwil, Schlatt-Haslen, Schwende-Rüte","AI, AR",0,0,0,0,0,0,0,47.32516399768384,9.346000051428518,Gonten,True,False,1391.0,AI
9112,393,61541.306666666664,Herisau,AR,0,0,0,0,0,0,0,47.38197635259629,9.241166926269564,Schachen b. Herisau,True,False,393.0,AR
9113,3837,55936.72592855409,"Degersheim, Flawil, Neckertal, Schwellbrunn","AR, SG",0,1,0,0,1,1,1,47.37283073513879,9.198721359119626,Degersheim,True,True,3837.0,SG
9114,248,0.0,Neckertal,SG,0,0,0,0,0,0,0,47.358853959678655,9.171920843550788,Hoffeld,True,False,248.0,SG
9115,384,0.0,Neckertal,SG,0,0,0,0,0,0,0,47.33749525534919,9.192229843370832,Dicken,True,False,384.0,SG
9116,492,54724.256078904764,"Degersheim, Neckertal",SG,0,0,0,0,0,0,0,47.38919565464135,9.172120819464896,Wolfertswil,True,False,492.0,SG
9122,785,0.0,Neckertal,SG,0,0,0,0,0,0,0,47.35418701777909,9.142755691148531,Mogelsberg,True,False,785.0,SG
9123,321,3356.9390407109004,"Lütisburg, Neckertal",SG,0,0,0,0,0,0,0,47.38397450436493,9.144868875439403,Nassen,True,False,321.0,SG
9125,1049,0.0,Neckertal,SG,0,0,0,0,0,0,0,47.33056653562281,9.136993153955482,Brunnadern,True,False,1049.0,SG
9126,406,0.0,Neckertal,SG,0,0,0,0,0,0,0,47.34753728428071,9.129406336781956,Necker,True,False,406.0,SG
9127,564,0.0,Neckertal,SG,0,0,0,0,0,0,0,47.32031362755794,9.176648498894185,St. Peterzell,True,False,564.0,SG
9200,16850,65662.19143359656,"Flawil, Gossau (SG), Herisau, Niederbüren","AR, SG",1,1,1,1,3,3,4,47.41664773173878,9.23353706739398,Gossau SG,True,True,5616.666666666667,SG
9203,1515,72654.93452743096,"Niederbüren, Oberbüren",SG,0,0,0,0,0,0,0,47.44179921694648,9.206448670696844,Niederwil SG,True,False,1515.0,SG
9204,2203,75069.54635036804,"Andwil (SG), Gossau (SG), Waldkirch",SG,0,0,0,0,0,0,0,47.43941872273685,9.271516330117764,Andwil SG,True,False,2203.0,SG
9205,2569,70777.74822501365,Waldkirch,SG,0,0,0,0,0,0,0,47.46731156619545,9.28598347889994,Waldkirch,True,False,2569.0,SG
9212,2009,66192.04309837757,"Andwil (SG), Gossau (SG)",SG,0,0,0,0,1,0,1,47.44385895845399,9.25924330915868,Arnegg,True,True,2009.0,SG
9213,1338,65296.27661671572,"Hauptwil-Gottshaus, Waldkirch","SG, TG",0,0,0,0,0,0,0,47.47794002867093,9.246450424789728,Hauptwil,True,False,1338.0,TG
9214,1683,61001.944748929505,"Kradolf-Schönenberg, Sulgen",TG,0,0,0,0,0,0,0,47.52799776841412,9.202243671688178,Kradolf,True,False,1683.0,TG
9215,1787,60965.126676602085,Kradolf-Schönenberg,TG,0,0,0,0,0,0,0,47.5239451732716,9.18075219024463,Schönenberg an der Thur,True,False,1787.0,TG
9216,675,70026.61189415737,"Erlen, Hohentannen",TG,0,0,0,0,0,0,0,47.5235668381417,9.22612459153185,Heldswil,True,False,675.0,TG
9217,474,60965.126676602085,Kradolf-Schönenberg,TG,0,0,0,0,0,0,0,47.51086599846655,9.174183323336027,Neukirch an der Thur,True,False,474.0,TG
9220,6180,60055.61164317201,"Bischofszell, Hauptwil-Gottshaus, Muolen, Zihlschlacht-Sitterdorf","SG, TG",1,1,0,0,1,2,1,47.50157224594127,9.268904972410391,Bischofszell,True,True,6180.0,TG
9223,589,59969.92889267845,"Bischofszell, Niederhelfenschwil","SG, TG",0,0,0,0,0,0,0,47.50011514412614,9.193670558683236,Schweizersholz,True,False,589.0,TG
9225,705,65027.81209899175,Hauptwil-Gottshaus,TG,0,0,0,0,0,0,0,47.48993611988296,9.292237745414567,Wilen (Gottshaus),True,False,705.0,TG
9230,10573,61037.78305422866,"Degersheim, Flawil, Oberbüren, Oberuzwil",SG,0,1,1,0,1,1,2,47.4124119441118,9.176623400940002,Flawil,True,True,10573.0,SG
9231,181,60923.78798649369,Flawil,SG,0,0,0,0,0,0,0,47.39175121153776,9.223493313842008,Egg (Flawil),True,False,181.0,SG
9240,5618,65706.97538283258,"Oberbüren, Oberuzwil, Uzwil",SG,0,1,0,0,0,1,0,47.43261555375516,9.156542999084245,Uzwil,True,False,5618.0,SG
9242,5410,67856.0602906007,"Jonschwil, Oberuzwil, Uzwil",SG,0,0,0,0,0,0,0,47.431307020037856,9.122650803747945,Oberuzwil,True,False,5410.0,SG
9243,1834,68736.15986836917,"Jonschwil, Lütisburg",SG,0,0,0,0,0,0,0,47.418265557697495,9.085852055480364,Jonschwil,True,False,1834.0,SG
9244,6789,63452.536125877305,"Oberuzwil, Uzwil",SG,1,1,2,1,1,3,3,47.44133903679246,9.145182453677304,Niederuzwil,True,True,6789.0,SG
9245,3250,72687.72909528748,"Niederhelfenschwil, Oberbüren",SG,0,0,0,0,0,0,0,47.458275165114,9.143699036899909,Oberbüren,True,False,3250.0,SG
9246,1543,70833.67721525737,"Niederbüren, Waldkirch",SG,0,0,0,0,0,0,0,47.46907808641463,9.223250737080209,Niederbüren,True,False,1543.0,SG
9247,1615,63399.43319838056,Uzwil,SG,0,0,0,0,0,0,0,47.45380491885688,9.115554422097444,Henau,True,False,1615.0,SG
9248,1023,67861.86408045977,Oberuzwil,SG,0,0,0,0,0,0,0,47.42038323870548,9.135351772268743,Bichwil,True,False,1023.0,SG
9249,978,63399.43319838056,Uzwil,SG,0,0,0,0,0,0,0,47.44890215112964,9.09387088343199,Algetshausen,True,False,978.0,SG
9300,9888,62023.144911623844,"Berg (SG), Gaiserwald, St. Gallen, Waldkirch, Wittenbach",SG,0,0,1,1,1,1,2,47.45871769005072,9.379002577893385,Wittenbach,True,True,9888.0,SG
9304,947,70777.74822501365,Waldkirch,SG,0,0,0,0,0,0,0,47.46892152124391,9.340410956647208,Bernhardzell,True,False,947.0,SG
9305,973,79520.96227916224,"Berg (SG), Steinach",SG,0,0,0,0,0,0,0,47.48965292089122,9.414043061119717,Berg SG,True,False,973.0,SG
9306,1489,73674.15496429858,"Berg (SG), Roggwil (TG)","SG, TG",0,0,0,0,0,0,0,47.48446883734435,9.388434286272108,Freidorf TG,True,False,1489.0,TG
9308,564,74235.86396985402,"Häggenschwil, Muolen, Roggwil (TG), Wittenbach","SG, TG",0,0,0,0,0,0,0,47.49604121915859,9.353064569493997,Lömmenschwil,True,False,564.0,SG
9312,914,75391.43026706231,Häggenschwil,SG,0,0,0,0,0,0,0,47.4934457021834,9.34262903562931,Häggenschwil,True,False,914.0,SG
9313,1207,67211.11777217883,"Muolen, Zihlschlacht-Sitterdorf","SG, TG",0,0,0,0,0,0,0,47.51480818664107,9.316424921733178,Muolen,True,False,1207.0,SG
9314,679,68758.20787831514,Egnach,TG,0,0,0,0,0,0,0,47.533663376266425,9.346249289517347,Steinebrunn,True,False,679.0,TG
9315,2318,68850.51058816082,"Egnach, Häggenschwil, Roggwil (TG)","SG, TG",0,0,0,0,0,0,0,47.51812789631857,9.37103997021027,Neukirch (Egnach),True,False,2318.0,TG
9320,16576,59669.1742262194,"Arbon, Roggwil (TG)",TG,1,3,1,1,1,5,2,47.51647538965262,9.41073288245266,Arbon,True,True,16576.0,TG
9322,2297,68719.72851291984,"Egnach, Salmsach",TG,0,0,0,0,0,0,0,47.54440316287019,9.35684597063178,Egnach,True,False,2297.0,TG
9323,3578,66183.15770791075,Steinach,SG,0,0,0,0,0,0,0,47.500465515583805,9.437976635578154,Steinach,True,False,3578.0,SG
9325,1826,73197.09002695417,Roggwil (TG),TG,0,0,0,0,0,0,0,47.50317669934756,9.398872201873743,Roggwil TG,True,False,1826.0,TG
9326,3229,72268.16085688378,"Horn, Tübach","SG, TG",0,1,1,0,1,1,2,47.492364051209805,9.456620962955304,Horn,True,True,3229.0,TG
9327,1598,77350.06139975137,"Mörschwil, Tübach",SG,0,0,0,0,0,0,0,47.484474800355486,9.447774128786891,Tübach,True,False,1598.0,SG
9400,10416,52567.64461477745,"Goldach, Rorschach",SG,1,1,2,0,2,2,4,47.47505282454513,9.487904900144098,Rorschach,True,True,5208.0,SG
9402,3690,96019.62311557791,Mörschwil,SG,0,0,0,0,0,0,0,47.46675084232029,9.424078221439547,Mörschwil,True,False,3690.0,SG
9403,9845,65984.6860422066,Goldach,SG,0,1,0,0,1,1,1,47.47616288024217,9.470118931095492,Goldach,True,True,9845.0,SG
9404,7711,69310.78341598029,"Rorschacherberg, Thal, Untereggen",SG,0,0,0,0,0,0,0,47.466879433349526,9.504967184762018,Rorschacherberg,True,False,7711.0,SG
9405,418,64479.92358792816,"Eggersriet, Lutzenberg, Rorschacherberg","AR, SG",0,0,0,0,0,0,0,47.46508681215602,9.531549703017006,Wienacht-Tobel,True,False,418.0,AR
9410,4424,66030.56557121113,"Heiden, Wolfhalden",AR,0,1,0,0,1,1,1,47.44068951641418,9.542671081915175,Heiden,True,True,4424.0,AR
9411,718,62775.627519839974,"Berneck, Reute (AR)","AR, SG",0,0,1,0,0,0,1,47.41942520445257,9.576262179459688,Reute AR,True,False,718.0,AR
9413,1681,62445.53712105329,"Heiden, Oberegg","AI, AR",0,0,0,0,0,0,0,47.42686365585165,9.548448698350557,Oberegg,True,False,1681.0,AI
9422,2994,67342.84136012023,"Rorschacherberg, Thal",SG,0,0,0,1,0,1,0,47.47947338011853,9.535181666954529,Staad SG,True,False,2994.0,SG
9423,993,67313.55239327296,Thal,SG,1,0,0,0,0,1,0,47.49069779314191,9.555177374560616,Altenrhein,True,False,993.0,SG
9424,3753,55608.14758762174,"Rheineck, St. Margrethen",SG,0,1,0,0,1,1,1,47.464254077431264,9.590564591749626,Rheineck,True,True,3753.0,SG
9425,3303,67256.56774789552,"Rheineck, Thal, Wolfhalden","AR, SG",0,0,1,0,1,0,2,47.4664586896827,9.56810916622594,Thal,True,True,3303.0,SG
9426,923,64193.50534228848,"Lutzenberg, Rheineck","AR, SG",0,0,0,0,0,0,0,47.46161525832389,9.576401582097702,Lutzenberg,True,False,923.0,AR
9427,1878,66154.35444916153,"Heiden, Lutzenberg, Oberegg, Walzenhausen, Wolfhalden","AI, AR",0,0,0,0,0,0,0,47.449871087460224,9.559903595230082,Wolfhalden,True,False,1878.0,AR
9428,2123,60209.46655231876,"Oberegg, St. Margrethen, Walzenhausen, Wolfhalden","AI, AR, SG",0,0,0,0,0,0,0,47.44175883348591,9.59798416937292,Walzenhausen,True,False,2123.0,AR
9430,6538,56529.099843014126,St. Margrethen,SG,0,1,2,0,1,1,3,47.45106845743953,9.636013477931863,St. Margrethen SG,True,True,6538.0,SG
9434,5136,63891.316840594445,"Au (SG), Berneck",SG,0,0,1,0,1,0,2,47.43276312513522,9.631498279681155,Au SG,True,True,5136.0,SG
9435,5392,67039.91055971691,"Au (SG), Balgach, Berneck, Widnau",SG,1,1,0,0,1,2,1,47.41088670589094,9.623876695468958,Heerbrugg,True,True,5392.0,SG
9436,4761,75823.274380905,"Balgach, Diepoldsau, Oberriet (SG)",SG,0,0,0,0,0,0,0,47.3882900649028,9.617098727306212,Balgach,True,False,4761.0,SG
9437,2150,65317.71964905526,"Marbach (SG), Rebstein, Reute (AR)","AR, SG",0,0,0,0,0,0,0,47.39608756976353,9.565153503158712,Marbach SG,True,False,2150.0,SG
9442,3866,66131.57741996061,"Berneck, Oberegg","AI, SG",0,0,0,0,0,0,0,47.427209780618746,9.608710273786006,Berneck,True,False,3866.0,SG
9443,9820,67510.42950447793,"Diepoldsau, Widnau",SG,0,0,1,1,1,1,2,47.40076358748862,9.635494812134834,Widnau,True,True,9820.0,SG
9444,6656,67943.67899205697,Diepoldsau,SG,0,1,0,0,1,1,1,47.38545491527714,9.656862253110132,Diepoldsau,True,True,6656.0,SG
9445,5085,64007.84558388141,"Balgach, Rebstein",SG,0,0,0,0,0,0,0,47.4031710304471,9.586426399536196,Rebstein,True,False,5085.0,SG
9450,11709,61068.134253083066,"Altstätten, Gais, Oberegg","AI, AR, SG",0,1,1,1,1,2,2,47.386993495916,9.538132460028958,Altstätten SG,True,True,11709.0,SG
9451,1916,64305.23527046049,Oberriet (SG),SG,0,0,0,0,0,0,0,47.36496831224408,9.60945904876814,Kriessern,True,False,1916.0,SG
9452,960,61932.06544911509,"Altstätten, Eichberg",SG,1,0,0,0,0,1,0,47.35964986120818,9.529825249089114,Hinterforst,True,False,960.0,SG
9453,1216,63043.09381027102,"Altstätten, Eichberg",SG,0,0,0,0,0,0,0,47.34442489784889,9.532855280061558,Eichberg,True,False,1216.0,SG
9462,2068,64305.23527046049,Oberriet (SG),SG,0,0,0,0,0,0,0,47.33412869924919,9.585650033391586,Montlingen,True,False,2068.0,SG
9463,5528,64156.98722167167,"Altstätten, Oberriet (SG), Rüthi (SG)",SG,0,1,1,0,1,1,2,47.31981702993733,9.548526821652676,Oberriet SG,True,True,5528.0,SG
9464,3137,62696.41114063215,"Altstätten, Rüthi (SG)",SG,0,0,0,0,0,0,0,47.28619342275302,9.524484358100905,Rüthi (Rheintal),True,False,3137.0,SG
9465,928,65585.80454403984,Sennwald,SG,0,0,0,0,0,0,0,47.23713351363166,9.49937924572081,Salez,True,False,928.0,SG
9466,2104,65585.80454403984,Sennwald,SG,0,0,0,0,0,0,0,47.260625153329066,9.500960006558556,Sennwald,True,False,2104.0,SG
9467,877,65238.199779956434,"Schwende-Rüte, Sennwald","AI, SG",0,0,0,0,0,0,0,47.252375035874906,9.462086022563774,Frümsen,True,False,877.0,SG
9468,991,65585.80454403984,Sennwald,SG,0,0,0,0,0,0,0,47.229986575951415,9.454298080674755,Sax,True,False,991.0,SG
9469,1534,65575.1405201518,"Buchs (SG), Grabs, Sennwald",SG,0,1,1,0,0,1,1,47.20190226002421,9.483345270954452,Haag (Rheintal),True,False,1534.0,SG
9470,15769,65300.035308919265,"Buchs (SG), Grabs, Sevelen",SG,1,1,2,1,2,3,4,47.16356633052316,9.46246016835607,Buchs SG,True,True,7884.5,SG
9472,6359,65305.5707906488,Grabs,SG,0,0,1,0,1,0,2,47.180111633506,9.427390825062004,Grabs,True,True,6359.0,SG
9473,3740,66926.82781088386,"Gams, Sennwald",SG,0,0,0,0,0,0,0,47.212550438740735,9.45648151395567,Gams,True,False,3740.0,SG
9475,5091,61418.215017064846,Sevelen,SG,1,1,0,1,1,3,1,47.12346801917225,9.486566386823194,Sevelen,True,True,5091.0,SG
9476,1366,60789.27749401014,"Sevelen, Wartau",SG,0,0,0,0,0,0,0,47.09739568358091,9.492570556644068,Weite,True,False,1366.0,SG
9477,1589,60788.881013587954,Wartau,SG,0,1,1,0,0,1,1,47.07343066875677,9.47997835902135,Trübbach,True,False,1589.0,SG
9478,1800,60788.881013587954,Wartau,SG,0,0,0,0,0,0,0,47.07981254985128,9.474781429808914,Azmoos,True,False,1800.0,SG
9479,862,60788.881013587954,Wartau,SG,0,0,0,0,0,0,0,47.09577259062747,9.478963290103046,Oberschan,True,False,862.0,SG
9500,20211,66344.9796112627,"Kirchberg (SG), Münchwilen (TG), Wil (SG), Zuzwil (SG)","SG, TG",1,2,4,0,3,3,7,47.46033593755054,9.050629742942885,Wil SG,True,True,6737.0,SG
9502,919,70310.31623931623,Braunau,TG,0,0,0,0,0,0,0,47.50311235368093,9.07020758760248,Braunau,True,False,919.0,TG
9503,201,64539.184150943394,Bussnang,TG,0,0,0,0,0,0,0,47.5216551843856,9.09316721139595,Stehrenberg,True,False,201.0,TG
9504,321,64539.184150943394,Bussnang,TG,0,0,0,0,0,0,0,47.537605823422936,9.08520212628909,Friltschen,True,False,321.0,TG
9506,896,78911.80529595015,Lommis,TG,0,0,1,0,0,0,1,47.51665898112535,8.994470136163768,Lommis,True,False,896.0,TG
9507,1275,86649.6875,Stettfurt,TG,0,0,0,0,0,0,0,47.52539809383556,8.954113668370473,Stettfurt,True,False,1275.0,TG
9508,459,78911.80529595015,Lommis,TG,0,0,0,0,0,0,0,47.52471795905954,8.983125460478341,Weingarten-Kalthäusern,True,False,459.0,TG
9512,1344,66346.41297870794,Wil (SG),SG,0,0,1,0,0,0,1,47.47688031914826,9.06254275349005,Rossrüti,True,False,1344.0,SG
9514,735,73773.5913081416,"Wil (SG), Wuppenau","SG, TG",0,0,0,0,0,0,0,47.49018304900964,9.096615106634207,Wuppenau,True,False,735.0,TG
9515,484,73921.02121681631,"Wuppenau, Zuzwil (SG)","SG, TG",0,0,0,0,0,0,0,47.485670265154994,9.121642960805849,Hosenruck,True,False,484.0,TG
9517,548,64539.184150943394,Bussnang,TG,0,0,0,0,0,0,0,47.53187455100376,9.12342494567887,Mettlen,True,False,548.0,TG
9523,1224,82469.95083152567,Zuzwil (SG),SG,0,0,0,0,0,0,0,47.46568268113043,9.091598636047417,Züberwangen,True,False,1224.0,SG
9524,3785,82199.61342892003,"Niederhelfenschwil, Wil (SG), Zuzwil (SG)",SG,1,1,1,0,1,2,2,47.47368567034213,9.109333626483014,Zuzwil SG,True,True,3785.0,SG
9525,781,73877.31575682382,Niederhelfenschwil,SG,0,0,0,0,0,0,0,47.47519914880978,9.148020851470642,Lenggenwil,True,False,781.0,SG
9526,1113,73877.31575682382,Niederhelfenschwil,SG,0,0,0,0,0,0,0,47.48504178729831,9.161303294701588,Zuckenriet,True,False,1113.0,SG
9527,1370,73877.31575682382,Niederhelfenschwil,SG,0,0,0,0,0,0,0,47.476345492199535,9.186299293585384,Niederhelfenschwil,True,False,1370.0,SG
9532,3082,60867.37106209765,"Jonschwil, Kirchberg (SG), Rickenbach (TG)","SG, TG",1,1,0,0,0,2,0,47.44243814356954,9.05523662789035,Rickenbach b. Wil,True,False,3082.0,TG
9533,3430,63700.56640870111,Kirchberg (SG),SG,0,0,0,0,0,0,0,47.41732595591806,9.028279473984924,Kirchberg SG,True,False,3430.0,SG
9534,1063,63700.56640870111,Kirchberg (SG),SG,0,0,0,0,0,0,0,47.39545694489293,9.002601589610698,Gähwil,True,False,1063.0,SG
9535,2471,75098.02529054748,"Rickenbach (TG), Wilen (TG)",TG,0,0,1,1,0,1,1,47.44982160497297,9.03631334139735,Wilen b. Wil,True,False,2471.0,TG
9536,2102,68688.55081289804,"Jonschwil, Rickenbach (TG), Uzwil, Wil (SG)","SG, TG",0,0,0,0,0,0,0,47.4451838424822,9.067439958270128,Schwarzenbach SG,True,False,2102.0,SG
9542,4913,66478.16736401674,Münchwilen (TG),TG,0,1,1,1,1,2,2,47.4782352589915,8.994712701234729,Münchwilen TG,True,True,4913.0,TG
9543,1042,66473.87612368724,"Münchwilen (TG), Wil (SG)","SG, TG",0,0,0,0,0,0,0,47.48535776855435,9.0048674852803,St. Margarethen TG,True,False,1042.0,TG
9545,4596,71219.45289712258,Wängi,TG,0,1,0,0,0,1,0,47.499535976348014,8.957544465805658,Wängi,True,False,4596.0,TG
9546,545,71219.45289712258,Wängi,TG,0,0,0,0,0,0,0,47.48167816431752,8.945277435775246,Tuttwil,True,False,545.0,TG
9547,481,69604.1628227873,Aadorf,TG,0,0,0,0,0,0,0,47.50269397812099,8.922124319512534,Wittenwil,True,False,481.0,TG
9548,3350,67074.9337429904,"Frauenfeld, Matzingen, Stettfurt",TG,0,1,1,0,1,1,2,47.53107117884588,8.930231757686697,Matzingen,True,True,3350.0,TG
9552,3862,66346.41297870794,Wil (SG),SG,0,0,0,0,1,0,1,47.47825568912072,9.033512007156574,Bronschhofen,True,True,3862.0,SG
9553,1355,71265.16516516516,Bettwiesen,TG,0,0,0,0,0,0,0,47.496969483898255,9.024157939820745,Bettwiesen,True,False,1355.0,TG
9554,699,62102.65554359526,Tobel-Tägerschen,TG,0,0,0,0,0,0,0,47.50798595777478,9.028987321953895,Tägerschen,True,False,699.0,TG
9555,1091,62466.13915019019,"Affeltrangen, Tobel-Tägerschen",TG,0,0,0,0,0,0,0,47.51697717400765,9.027337471583836,Tobel,True,False,1091.0,TG
9556,1338,68099.74524158126,Affeltrangen,TG,0,0,0,0,0,0,0,47.53121747457605,9.026009717395354,Affeltrangen,True,False,1338.0,TG
9562,1423,68087.53251704038,"Affeltrangen, Bussnang",TG,0,0,0,0,0,0,0,47.53892373303733,9.067893774171964,Märwil,True,False,1423.0,TG
9565,1496,64539.184150943394,Bussnang,TG,0,0,0,0,0,0,0,47.550255548849584,9.076599294533334,Bussnang,True,False,1496.0,TG
9573,98,64712.8585812357,Sirnach,TG,0,0,0,0,0,0,0,47.44090804237104,9.00896272259648,Littenheid,True,False,98.0,TG
9601,491,62400.85916750951,"Bütschwil-Ganterschwil, Kirchberg (SG), Lütisburg, Mosnang",SG,0,0,0,0,0,0,0,47.386014641363936,9.064236736232267,Lütisburg Station,True,False,491.0,SG
9602,5353,63700.06140753131,"Kirchberg (SG), Lütisburg",SG,1,0,1,0,1,1,2,47.40396376468312,9.062123877335624,Bazenheid,True,True,5353.0,SG
9604,1485,64691.58411077447,"Jonschwil, Lütisburg, Oberuzwil",SG,0,0,0,0,0,0,0,47.4048092362127,9.110307031313948,Lütisburg,True,False,1485.0,SG
9606,3183,61535.25299929429,Bütschwil-Ganterschwil,SG,0,0,1,0,1,0,2,47.35959885804457,9.072103146205324,Bütschwil,True,True,3183.0,SG
9607,1817,62094.88436268069,Mosnang,SG,0,0,0,0,0,0,0,47.3621439573821,9.04523716727702,Mosnang,True,False,1817.0,SG
9608,1264,61565.79765989105,"Bütschwil-Ganterschwil, Lütisburg",SG,0,0,0,0,0,0,0,47.3797264773507,9.104891929988767,Ganterschwil,True,False,1264.0,SG
9612,377,62094.88436268069,Mosnang,SG,0,0,0,0,0,0,0,47.36279770061972,9.0114807550681,Dreien,True,False,377.0,SG
9613,399,62129.21384482459,"Kirchberg (SG), Mosnang",SG,0,0,0,0,0,0,0,47.3738019388567,8.985690275485736,Mühlrüti,True,False,399.0,SG
9614,335,62030.92409415926,"Bütschwil-Ganterschwil, Mosnang",SG,0,0,0,0,0,0,0,47.33576200586611,9.036464490687123,Libingen,True,False,335.0,SG
9615,668,61435.8742344535,"Bütschwil-Ganterschwil, Mosnang, Wattwil",SG,0,0,0,0,0,0,0,47.33698975925366,9.05875095120293,Dietfurt,True,False,668.0,SG
9620,2837,54159.81628366344,"Bütschwil-Ganterschwil, Lichtensteig, Neckertal, Wattwil",SG,0,0,0,0,0,0,0,47.32654704663819,9.091272111827411,Lichtensteig,True,False,2837.0,SG
9621,954,426.43930328510936,"Bütschwil-Ganterschwil, Neckertal",SG,0,0,0,0,0,0,0,47.3456654956991,9.100625302118292,Oberhelfenschwil,True,False,954.0,SG
9622,287,55740.50188454672,Wattwil,SG,0,0,0,0,0,0,0,47.31794876019154,9.0533782233682,Krinau,True,False,287.0,SG
9630,6926,54707.3538644948,"Mosnang, Neckertal, Wattwil",SG,1,1,1,1,1,3,2,47.30106327778291,9.084222770249598,Wattwil,True,True,6926.0,SG
9631,1299,55740.50188454672,Wattwil,SG,0,0,0,0,0,0,0,47.28543764811824,9.105094865767654,Ulisbach,True,False,1299.0,SG
9633,960,2432.7243644371965,"Ebnat-Kappel, Neckertal, Nesslau, Wattwil",SG,0,0,0,0,0,0,0,47.289114558849306,9.178175909398677,Hemberg,True,False,960.0,SG
9642,5281,57743.48631353749,"Ebnat-Kappel, Wattwil",SG,0,1,0,0,1,1,1,47.26210781585184,9.109746305955076,Ebnat-Kappel,True,True,5281.0,SG
9643,593,57619.13467180623,"Ebnat-Kappel, Nesslau",SG,0,0,0,0,0,0,0,47.24517171867298,9.16298953101621,Krummenau,True,False,593.0,SG
9650,1848,57616.51519468185,Nesslau,SG,0,1,0,0,0,1,0,47.22281560882678,9.195650559281855,Nesslau,True,False,1848.0,SG
9651,429,57616.51519468185,Nesslau,SG,0,0,0,0,0,0,0,47.24464765089621,9.222210790538949,Ennetbühl,True,False,429.0,SG
9652,781,57616.51519468185,Nesslau,SG,0,0,0,0,1,0,1,47.2330995863019,9.193254550487277,Neu St. Johann,True,True,781.0,SG
9655,363,57616.51519468185,Nesslau,SG,0,0,0,0,0,0,0,47.20024350849388,9.225956797823738,Stein SG,True,False,363.0,SG
9656,665,55904.855633802814,Wildhaus-Alt St. Johann,SG,0,0,0,0,0,0,0,47.19024239025783,9.273176341997903,Alt St. Johann,True,False,665.0,SG
9657,715,55904.855633802814,Wildhaus-Alt St. Johann,SG,0,1,0,0,0,1,0,47.19895933557185,9.310688327056765,Unterwasser,True,False,715.0,SG
9658,1234,55960.44935619054,"Gams, Grabs, Wildhaus-Alt St. Johann",SG,0,0,0,0,0,0,0,47.19203071847769,9.358260157636872,Wildhaus,True,False,1234.0,SG
