osm_type,osm_id,name,brand,operator,shop_type,street,house_number,postal_code,city,latitude,longitude,opening_hours,website,store_group
node,36726161,Migros,Migros,Genossenschaft Migros Zürich,supermarket,Wiesentalstrasse,4,8730,Uznach,47.2281827,8.9653298,Mo-Th 07:30-19:00; Fr 07:30-20:00; Sa 07:30-17:00; PH off,https://filialen.migros.ch/de/migros-supermarkt-uznach,Migros
node,39768209,Coop,Coop,Coop Genossenschaft,supermarket,,,8730,Uznach,47.2251539,8.9698681,,,Coop
node,39947904,Coop,Coop,Coop Genossenschaft,supermarket,Bahnhofbrücke,1,8001,Zürich,47.3767316,8.5421608,Mo-Sa 06:00-22:00,,Coop
node,48932835,Migros,Migros,Genossenschaft Migros Zürich,supermarket,Wengistrasse,7,8004,Zürich,47.37502,8.522895,Mo-Sa 08:00-21:00; PH off,https://filialen.migros.ch/de/migros-supermarkt-zuerich-wengihof,Migros
node,70656488,Migros,Migros,Genossenschaft Migros Ostschweiz,supermarket,Zürcherstrasse,102,8406,Winterthur,47.4918744,8.7064484,Mo-Fr 07:30-20:00; PH off; Sa 08:00-19:00,https://filialen.migros.ch/de/migros-supermarkt-winterthur-toess,Migros
node,75749133,Aldi,ALDI,Aldi Suisse,supermarket,Albisstrasse,81,8038,Zürich,47.3409666,8.5306007,Mo-Sa 07:30-21:00; PH off,https://www.aldi-suisse.ch/,Aldi
node,79977755,Coop,Coop,Coop Genossenschaft,supermarket,Alte Kalchbühlstrasse,15,8038,Zürich,47.3400698,8.5305461,Mo-Sa 07:30-21:00; PH off,https://www.coop.ch/,Coop
node,83330862,Migros,Migros,Genossenschaft Migros Zürich,supermarket,Etzelstrasse,3,8038,Zürich,47.3447487,8.5299814,Mo-Sa 07:30-21:00; PH off,https://filialen.migros.ch/de/migros-supermarkt-zuerich-wollishofen,Migros
node,94635618,ALDI,ALDI,Aldi Suisse AG,supermarket,Schürmatt,5,6247,Schötz,47.1820486,7.9825542,,,Aldi
node,112148390,Coop,,,supermarket,,,,,47.4487722,8.2150751,,,Coop
node,119249170,Migros,Migros,Genossenschaft Migros Zürich,supermarket,Löwenstrasse,31-35,8001,Zürich,47.3752549,8.5361073,Mo-Sa 09:00-20:00; PH off,https://filialen.migros.ch/de/migros-supermarkt-zuerich-city,Migros
node,124140239,Aldi,Aldi,Aldi Suisse,supermarket,Häldelistrasse,11,8712,Stäfa,47.2414948,8.7183709,Mo-Sa 07:30-20:00; PH off,https://www.aldi-suisse.ch/,Aldi
node,124140551,Migros,Migros,Genossenschaft Migros Zürich,supermarket,Goethestrasse,18,8712,Stäfa,47.2406357,8.7239602,Mo-Sa 08:00-20:00; PH off,https://filialen.migros.ch/de/migros-supermarkt-staefa,Migros
node,124141245,Coop,Coop,Coop Genossenschaft,supermarket,Kronenstrasse,4-6,8712,Stäfa,47.241531,8.7245301,Mo-Sa 07:30-20:00,,Coop
node,128269749,Coop,,,supermarket,,,,,47.3816844,8.2389181,,,Coop
node,185627927,Migros,Migros,Genossenschaft Migros Aare,supermarket,Bachstrasse,15,5600,Lenzburg,47.3871106,8.1771397,Mo-Th 08:00-19:00; Fr 08:00-20:00; Sa 08:00-18:00; PH off,https://filialen.migros.ch/de/migros-supermarkt-lenzburg,Migros
node,206357901,Migros,Migros,Genossenschaft Migros Luzern,supermarket,Kreuzbuchstrasse,53,6006,Luzern,47.0544427,8.3398988,"Mo-Th 08:00-19:00, Fr 08:00-20:00, Sa 08:00-17:00; PH off",https://filialen.migros.ch/de/migros-supermarkt-luzern-wuerzenbach,Migros
node,220030477,Aldi,Aldi,,supermarket,Hauptstrasse,132,5070,Frick,47.501665,8.0324095,,,Aldi
node,220686094,Coop,Coop,,supermarket,Bäreggstrasse,10,,,47.2207301,7.7813527,Mo-Th 07:30-19:00; Fr 07:30-21:00; Sa 07:30-17:00; Su off; PH off,,Coop
node,241298934,Coop,Coop,Coop Genossenschaft,supermarket,,,,,47.2124233,7.7906102,Mo-Th 08:00-20:00; Sa 07:30-17:00; Su off; PH off; Fr 08:00-21:00,https://www.coop.ch/de/standorte/coop-supermarkt-langenthal-tell/1997_POS,Coop
node,243155987,Migros,Migros,Genossenschaft Migros Basel,supermarket,Burggartenstrasse,21,4133,Pratteln,47.520631,7.6937067,"Mo-Fr 08:00-19:00, Sa 08:00-18:00; PH off",https://filialen.migros.ch/de/migros-supermarkt-pratteln,Migros
node,246533376,Migros,Migros,Genossenschaft Migros Ostschweiz,supermarket,Schaffhauserstrasse,152,8400,Winterthur,47.5189532,8.720071,"Mo-Fr 08:30-20:00, Sa 08:00-18:00; PH off",https://filialen.migros.ch/de/migros-supermarkt-winterthur-rosenberg,Migros
node,246652001,Coop,,Coop Genossenschaft,supermarket,Regensdorferstrasse,9,8049,Zürich,47.4025264,8.4987145,"Mo-Sa 08:00-20:00; Su,PH off",,Coop
node,246652002,Denner,Denner,,supermarket,Regensdorferstrasse,16,8049,Zürich,47.4033126,8.498119,Mo-Sa 08:00-19:00,https://www.denner.ch/,Denner
node,248453373,Migros Partner,,Genossenschaft Migros Zürich,supermarket,Uznacherstrasse,1,8722,Kaltbrunn,47.2131224,9.0244723,"Mo-Fr 07:30-12:00,14:00-18:30; Sa 07:30-16:00; PH off",https://filialen.migros.ch/de/migros-partner-kaltbrunn,Migros
node,248816158,Coop,Coop,,supermarket,,,,,47.5265972,7.5725989,Mo-Sa 07:30-20:00,,Coop
node,251331440,Coop,Coop,,supermarket,,,,,47.4645599,9.0454258,"Mo-Fr 08:00-19:00, Tu 08:00-20:00, Sa 08:00-17:00",,Coop
node,251364444,Migros,Migros,Genossenschaft Migros Ostschweiz,supermarket,Amriswilerstrasse,12,8570,Weinfelden,47.567643,9.1108744,"Mo-Fr 08:00-19:00, Sa 08:00-18:00; PH off",https://filialen.migros.ch/de/migros-supermarkt-weinfelden-roesslifelsen,Migros
node,251364445,Coop,Coop,,supermarket,,,,,47.5667319,9.0970483,"Mo-Sa 08:00-20:00; Su,PH closed",,Coop
node,253909831,Migros,Migros,Genossenschaft Migros Ostschweiz,supermarket,Stossstrasse,2,9450,Altstätten SG,47.377383,9.5378003,"Mo-Th 08:00-19:00; Fr 08:00-20:00; Sa 08:00-17:00; Su,PH off",https://filialen.migros.ch/de/migros-supermarkt-altstaetten-sg,Migros
node,259774108,Coop,Coop,Coop Genossenschaft,supermarket,,,,,47.2590912,8.5987196,Mo-Sa 07:30-20:00,,Coop
node,259794007,Coop,Coop,Coop Genossenschaft,supermarket,,,,,47.245172,8.6081092,,,Coop
node,262304091,Coop,Coop,,supermarket,,,,,46.5557428,7.3736505,Mo-Fr 08:00-19:00; Sa 08:00-17:00,,Coop
node,262400822,Migros,Migros,Genossenschaft Migros Zürich,supermarket,Tessinerplatz,10,8002,Zürich,47.3640724,8.5309446,"Mo-Fr 06:30-22:00; Sa-Su,PH 08:00-22:00",https://filialen.migros.ch/de/migros-supermarkt-zuerich-bahnhof-enge,Migros
node,264065177,Migros,Migros,Genossenschaft Migros Zürich,supermarket,Bahnhofstrasse,30,8304,Wallisellen,47.4135249,8.5918701,Mo-Sa 07:00-20:00; PH off,https://filialen.migros.ch/de/migros-supermarkt-wallisellen,Migros
node,264065241,Coop,,Coop Genossenschaft,supermarket,Bahnhofplatz,2,8304,Wallisellen,47.4129519,8.5927658,Mo-Sa 06:30-21:00,,Coop
node,264793445,Coop,Coop,Coop Genossenschaft,supermarket,Industriestrasse,28,8305,Dietlikon,47.4133066,8.6189038,"Mo-Fr 09:00-21:00, Sa 08:00-21:00; PH off",https://www.coop.ch/,Coop
node,265064208,Denner,Denner,,supermarket,,,,,46.5066342,6.6712555,Mo-Fr 08:30-19:00; Sa 08:00-17:00,,Denner
node,265776668,Coop,Coop,Coop Genossenschaft,supermarket,Zürichbergstrasse,75,8044,Zürich,47.376417,8.5595945,Mo-Fr 07:00-21:00; Sa 07:30-20:00,,Coop
node,266571580,Migros,Migros,Genossenschaft Migros Aare,supermarket,,1,5200,Brugg AG,47.4821521,8.2094058,Mo-Sa 08:00-20:00; PH off,https://filialen.migros.ch/de/migros-supermarkt-brugg-neumarkt,Migros
node,266630559,Coop,Coop,Coop Genossenschaft,supermarket,Badenerstrasse,333,8003,Zürich,47.3777162,8.5112192,Mo-Sa 07:00-22:00; PH off,https://www.coop.ch/,Coop
node,266644613,Coop,Coop,Coop Genossenschaft,supermarket,Luzernerstrasse,27,6247,Schötz,47.1688761,7.9926369,"Mo 08:00-17:00; Tu-Th 08:00-19:00; Fr 08:00-20:00; Sa 07:30-17:00; Su,PH off",https://www.coop.ch/de/unternehmen/standorte-und-oeffnungszeiten/detail.html/1330/coop-supermarkt-schoetz.html,Coop
node,266914642,Migros,Migros,Genossenschaft Migros Zürich,supermarket,Alte Landstrasse,24,8810,Horgen,47.2603539,8.5972571,Mo-Sa 08:00-20:00; PH off,https://filialen.migros.ch/de/migros-supermarkt-horgen-schinzenhof,Migros
node,266914728,Denner,Denner,,supermarket,,2,,,47.2599469,8.5980574,"Mo-Sa 08:00-20:00; Su,PH off",https://www.denner.ch/de/filialen/denner-filiale-und-oeffnungszeiten/store/einkaufszentrum-schinzenhof-dorfplatz-2-8810-horgen/,Denner
node,267344304,Aldi,ALDI,Aldi Suisse,supermarket,Hohlstrasse,473,8048,Zürich,47.3882936,8.4966888,Mo-Sa 07:30-21:00; PH off,https://www.aldi-suisse.ch/,Aldi
node,267346993,Migros,Migros,Genossenschaft Migros Zürich,supermarket,Limmatstrasse,152,8005,Zürich,47.3855977,8.5314709,Mo-Sa 07:30-20:00; PH off,https://filialen.migros.ch/de/migros-supermarkt-zuerich-limmatplatz,Migros
node,267468996,Coop,Coop,Coop Genossenschaft,supermarket,Uetlibergstrasse,20,8045,Zürich,47.3648716,8.521006,Mo-Sa 07:30-21:00,,Coop
node,267761965,Coop,Coop,,supermarket,,,,,47.5511761,7.5804752,Mo-Fr 07:30-20:00; Sa 07:30-18:00,,Coop
node,267762044,Migros Partner,,Genossenschaft Migros Basel,supermarket,Birsigstrasse,105,4054,Basel,47.5501611,7.5784253,Mo-Fr 07:30-19:00; Sa 07:30-18:00; Su 09:00-18:00,https://filialen.migros.ch/de/migros-partner-basel-birsigstrasse,Migros
node,268603429,Coop,Coop,Coop Genossenschaft,supermarket,Theaterstrasse,18,8001,Zürich,47.36736,8.5461737,Mo-Fr 08:00-20:00; Sa 08:00-19:00,,Coop
node,269050379,Migros,Migros,Genossenschaft Migros Zürich,supermarket,Winterthurerstrasse,18,8610,Uster,47.3544624,8.7132591,Mo-Sa 08:00-20:00; PH off,https://filialen.migros.ch/de/migros-supermarkt-uster-west,Migros
node,269108913,Coop,Coop,Coop Genossenschaft,supermarket,,,,,47.3516553,8.7161267,Mo-Sa 06:00-22:00; Su 07:00-22:00,https://www.coop.ch/,Coop
node,269616490,Coop,Coop,Coop,supermarket,Rue des Fossés,4,1110,Morges,46.5104626,6.4978122,,https://www.lescharpentiers.ch/,Coop
node,269616499,Migros,Migros,,supermarket,Rue de la Gare,19,1110,Morges,46.5098409,6.4944953,Mo-Th 07:30-18:45; Fr 07:30-20:00; Sa 07:30-18:00; Su off,https://filialen.migros.ch/de/migros-supermarkt-morges,Migros
node,270692983,Coop,Coop,Coop Genossenschaft,supermarket,Seefeldstrasse,123,8008,Zürich,47.3579403,8.5546463,Mo-Sa 07:00-22:00,,Coop
node,270958272,Migros,Migros,Genossenschaft Migros Zürich,supermarket,Seefeldstrasse,111-113,8008,Zürich,47.3583667,8.5540739,Mo-Sa 07:30-20:00; PH off,https://filialen.migros.ch/de/migros-supermarkt-zuerich-hoeschgasse,Migros
node,271028298,Migros,Migros,Genossenschaft Migros Zürich,supermarket,Falkenstrasse,19-21,8008,Zürich,47.3656781,8.5480408,"Mo-Fr 07:00-20:00, Sa 08:00-20:00; PH off",https://filialen.migros.ch/de/migros-supermarkt-zuerich-stadelhofen,Migros
node,271028686,Coop,Coop,Coop Genossenschaft,supermarket,Stadelhoferstrasse,10,8001,Zürich,47.3667726,8.5480794,Mo-Sa 06:00-22:00; Su 07:00-22:00,https://www.coop.ch/,Coop
node,271029206,Migros,Migros,Genossenschaft Migros Zürich,supermarket,Kreuzplatz,20,8032,Zürich,47.3645956,8.5538464,Mo-Sa 08:00-20:00; PH off,https://filialen.migros.ch/de/migros-supermarkt-zuerich-kreuzplatz,Migros
node,271029581,Coop,Coop,Coop Genossenschaft,supermarket,Forchstrasse,4,8008,Zürich,47.3643,8.5551291,Mo-Sa 07:30-21:00,https://www.coop.ch/,Coop
node,271149179,Aldi,Aldi,Aldi Suisse,supermarket,Stadelhoferstrasse,10,8001,Zürich,47.3668299,8.5481,Mo-Sa 06:00-22:00; Su 08:00-22:00,https://www.aldi-suisse.ch/,Aldi
node,273529120,Migros,Migros,,supermarket,,,,,46.8468335,7.1920809,Mo-Th 08:00-19:00;Fr 08:00-21:00;Sa 07:30-16:00;Su off,,Migros
node,273942728,Migros,Migros,Genossenschaft Migros Zürich,supermarket,Forchstrasse,260,8008,Zürich,47.3576104,8.5713693,Mo-Sa 08:00-20:00; PH off,https://filialen.migros.ch/de/migros-supermarkt-zuerich-burgwies,Migros
node,274079274,Coop,Coop,Coop,supermarket,Route de l'Ancienne Ciblerie,2,1095,Lutry,46.5059315,6.6885514,Mo-Th 08:00-19:00; Fr 08:00-20:00; Sa 08:00-18:00,,Coop
node,274597962,Coop,Coop,,supermarket,,,,,47.4935876,7.5934065,Mo-Fr 08:00-20:00; Sa 07:30-20:00,,Coop
node,274598110,Migros,Migros,Genossenschaft Migros Basel,supermarket,Herrenweg,11,4153,Reinach BL,47.4926707,7.5943412,"Mo-Fr 08:00-19:00, Sa 07:30-18:00; PH off",https://filialen.migros.ch/de/migros-supermarkt-reinach-zentrum,Migros
node,274673564,Coop,Coop,,supermarket,,,,,47.5466265,7.5649976,Mo-Fr 07:30-20:00; Sa 07:30-18:00,,Coop
node,274716412,Migros,Migros,Genossenschaft Migros Basel,supermarket,Bahnhofstrasse,4,4242,Laufen,47.4200323,7.501762,"Mo-Th 08:00-19:00, Fr 08:00-20:00, Sa 08:00-18:00; PH off",https://filialen.migros.ch/de/migros-supermarkt-laufen-birscenter,Migros
node,274824641,Lidl,Lidl,,supermarket,Fraumünsterstrasse,16,8001,Zürich,47.3689582,8.5413011,Mo-Sa 08:00-21:00,,Lidl
node,276363821,Coop,Coop,Coop Genossenschaft,supermarket,Wehntalerstrasse,549,8046,Zürich,47.4188884,8.5056989,Mo-Sa 08:00-20:00,,Coop
node,276847742,Migros,Migros,Genossenschaft Migros Ostschweiz,supermarket,Bachstrasse,29,9008,St. Gallen,47.4356824,9.3920818,Mo-Fr 08:00-19:00; Th 08:00-21:00; Sa 07:30-17:00; PH off,https://filialen.migros.ch/de/migros-supermarkt-st-gallen-st-fiden,Migros
node,277204947,Coop,Coop,Coop Genossenschaft,supermarket,Stockbergstrasse,1,8854,Siebnen,47.1755809,8.9022254,Mo-Fr 08:00-20:00; Sa 07:30-20:00,,Coop
node,277204951,Denner,Denner,,supermarket,Glarnerstrasse,43,8854,Siebnen,47.1759674,8.901942,Mo-Fr 08:00-20:00; Sa 07:30-20:00,,Denner
node,277469387,Coop,Coop,Coop Genossenschaft,supermarket,,,,,47.7027188,8.6457825,Mo-Fr 08:00-19:00; Sa 08:00-17:00,,Coop
node,277730181,Coop,Coop,,supermarket,,,,,47.4986607,8.7975435,,https://coop.ch,Coop
node,279155943,Migros,Migros,Genossenschaft Migros Luzern,supermarket,Hauptstrasse,5,6280,Hochdorf,47.1656305,8.2917405,"Mo-Th 08:00-19:00, Fr 08:00-20:00, Sa 08:00-17:00; PH off",https://filialen.migros.ch/de/migros-supermarkt-hochdorf-seetal-center,Migros
node,279310856,Denner,Denner,,supermarket,Route de Daillens,1,,,46.6001273,6.5378702,"Mo-Fr 06:30-12:30,14:00-18:30; Sa 07:15-17:00; Su 08:00-12:00",,Denner
node,279370613,Migros,Migros,Genossenschaft Migros Aare,supermarket,Hertensteinstrasse,,5415,Nussbaumen AG,47.4881565,8.2924516,"Mo-Fr 08:00-19:00, Sa 08:00-18:00; PH off",https://filialen.migros.ch/de/migros-supermarkt-nussbaumen-markthof,Migros
node,279806422,Denner,Denner,,supermarket,,,,,47.4904404,7.5891582,Mo-Fr 08:00-20:00; Sa 08:00-18:00,,Denner
node,280130028,ALDI,ALDI,,supermarket,Säumergutstrasse,3,8718,Schänis,47.1554921,9.0396663,Mo-Th 07:30-19:00; Fr 07:30-20:00; Sa 07:30-17:00,,Aldi
node,280528081,Migros,Migros,Genossenschaft Migros Aare,supermarket,Dammweg,9,3013,Bern,46.9561025,7.4467039,"Mo-Fr 08:00-20:00, Sa 08:00-17:00; PH off",https://filialen.migros.ch/de/migros-supermarkt-bern-lorraine,Migros
node,280528117,Coop,Coop,,supermarket,,,,,46.956452,7.431997,"Mo-Fr 08:00-19:00; Sa 08:00-17:00; Su,PH closed",,Coop
node,281041474,Coop,Coop,Coop Genossenschaft,supermarket,Obermattstrasse,7,8805,Richterswil,47.2037134,8.6838242,,,Coop
node,281442993,Coop,Coop,Coop Genossenschaft,supermarket,Poststrasse,14b,8805,Richterswil,47.2084598,8.7057527,Mo-Sa 07:00-20:00,,Coop
node,281761435,Coop,Coop,Coop Genossenschaft,supermarket,Marktstrasse,32,6060,Sarnen,46.8974507,8.2511311,,,Coop
node,282021895,Migros,Migros,,supermarket,avenue de Rhodanie,2,1007,Lausanne,46.5079638,6.6248618,Mo-Sa 08:00-21:00; Su 09:00-20:00,https://filialen.migros.ch/fr/migros-partenaire-mp-ouchy,Migros
node,282645300,Denner,Denner,,supermarket,,,,,46.5181462,6.60851,Mo-Fr 08:00-19:00; Sa 08:00-18:00,,Denner
node,282648998,Coop,Coop,,supermarket,,,,,46.5160056,6.6137254,Mo-Fr 07:30-19:00; Sa 07:30-18:00,,Coop
node,282862307,Coop,Coop,,supermarket,,,,,46.7550411,7.6306619,Mo-Th 06:00-20:00; Fr 06:00-22:00; Sa 06:00-17:00; Su 06:00-18:00,,Coop
node,282874901,Migros,Migros,Genossenschaft Migros Aare,supermarket,Bahnhofstrasse,40/42,5400,Baden,47.4768338,8.3085492,"Mo-Tu 07:00-19:00, We-Sa 07:00-20:00, PH off",https://filialen.migros.ch/de/migros-supermarkt-baden-city,Migros
node,283103824,Coop,Coop,Coop Genossenschaft,supermarket,Scheffelstrasse,12,8037,Zürich,47.3936485,8.5295435,Mo-Sa 07:00-21:00,,Coop
node,283126967,Coop,Coop,Coop Genossenschaft,supermarket,Röschibachstrasse,22,8037,Zürich,47.392539,8.5245566,Mo-Sa 07:30-20:00,,Coop
node,283192425,Coop,Coop,,supermarket,,,,,46.6585969,6.5112877,,,Coop
node,283199465,Coop,Coop,Coop Genossenschaft,supermarket,Etzelstrasse,14,,,47.2005652,8.7783749,Mo-Sa 07:00-20:00,,Coop
node,283213395,Coop,Coop,,supermarket,,,,,46.9230886,7.4157605,Mo-Th 08:00-19:00; Fr 08:00-21:00; Sa 07:30-17:00,,Coop
node,283662654,Migros,Migros,Genossenschaft Migros Basel,supermarket,Laufenstrasse,4,4226,Breitenbach,47.4083114,7.542603,"Mo-Th 08:00-18:30, Fr 08:00-21:00, Sa 08:00-18:00; PH off",https://filialen.migros.ch/de/migros-supermarkt-breitenbach-wydehof,Migros
node,283723769,Coop,Coop,,supermarket,,,3823,,46.6050145,7.922093,Mo-Su 08:00-18:30,,Coop
node,284559066,Denner,Denner,,supermarket,,,,,47.4086995,7.5432606,,,Denner
node,285967297,Migros,Migros,Migros-Genossenschaft Luzern,supermarket,,,,,47.1733921,8.4493238,Mo-Fr 07:30-19:00; Sa 07:30-17:00; PH closed,,Migros
node,286904877,Denner,Denner,,supermarket,,,,,46.3487378,7.1586279,,,Denner
node,287001910,Migros,Migros,Genossenschaft Migros Aare,supermarket,,,,,46.9483633,7.4449955,"Mo-We 08:00-19:00; Th,Fr 08:00-20:00; Sa,PH -1 day 07:30-17:00; Su,PH closed",https://www.migros.ch/,Migros
node,287359105,Coop,Coop,,supermarket,,,3718,Kandersteg,46.4947362,7.6735831,Mo-Fr 08:00-18:30; Sa 08:00-18:30; Su 14:00-18:30,,Coop
node,287465898,Migros,Migros,Genossenschaft Migros Basel,supermarket,Spitzwaldstrasse,215,4123,Allschwil,47.5472852,7.5533851,"Mo-Fr 08:00-20:00, Sa 07:30-19:00; PH off",https://filialen.migros.ch/de/migros-supermarkt-allschwil-paradies,Migros
node,289958399,Coop,,,supermarket,Emmerstrasse,12,8192,,47.5568506,8.5028961,"Mo-Fr 07:30-20:00; Sa 10:00-22:00,07:30-20:00",,Coop
node,290331752,Migros,Migros,,supermarket,Chemin du Pré-de-la-Tour,3,1009,Pully,46.5116006,6.6597671,Mo-Fr 08:00-20:00; Sa 07:30-18:00,https://migros.ch/,Migros
node,291092161,Coop,Coop,Coop,supermarket,Rue d'Orbe,1,1400,Yverdon-les-Bains,46.7800543,6.6357906,Mo-Fr 08:00-18:30; Sa 08:00-18:00,https://www.coop.ch/,Coop
node,291234843,Migros,,,supermarket,,,,,46.8006438,7.1443306,Mo-Th 07:30-19:00; Fr 07:30-21:00; Sa 07:30-16:00,,Migros
node,291379304,Coop,Coop,Coop Genossenschaft,supermarket,Oberer Steisteg,2,6430,Schwyz,47.0202366,8.651667,Mo-Fr 07:30-19:00; Sa 07:30-18:00,,Coop
node,291769947,Migros,Migros,,supermarket,,,,,46.7759171,7.1614662,Mo-Th 08:00-19:00; Fr 08:00-20:00; Sa 08:00-16:00; PH off,https://filialen.migros.ch/fr/supermarche-migros-marly,Migros
node,293487431,Migros,Migros,Coopérative Migros Vaud,supermarket,Rue de Neuchâtel,3,1400,Yverdon-les-Bains,46.7811874,6.6349389,"Mo-Fr 07:30-18:30, Sa 07:30-18:00; PH off",https://www.migros.ch/,Migros
node,295160822,Coop,Coop,,supermarket,,,,,47.2781272,8.5755264,Mo-Sa 07:00-20:00,,Coop
node,295259613,Coop,Coop,,supermarket,,,,,47.5062355,7.600033,Mo-Fr 08:00-19:00; Sa 07:30-17:00,,Coop
node,295262648,Migros,Migros,Genossenschaft Migros Basel,supermarket,Niederbergstrasse,1,4153,Reinach BL,47.5024247,7.5960558,"Mo-Fr 08:00-19:00, Sa 08:00-17:00; PH off",https://filialen.migros.ch/de/migros-supermarkt-reinach-mischeli,Migros
node,295943800,Migros,Migros,Genossenschaft Migros Ostschweiz,supermarket,Hauptstrasse,3,8583,Sulgen,47.5403596,9.1825256,Mo-Fr 07:00-19:00; Sa 07:00-18:00,https://filialen.migros.ch/de/migros-supermarkt-sulgen-passerelle,Migros
node,298011050,Migros,Migros,,supermarket,,,,,46.7935758,7.1339387,Mo-Th 08:00-19:00; Fr 08:00-21:00; Sa 08:00-16:00,,Migros
node,298476455,Migros,Migros,Genossenschaft Migros Aare,supermarket,Talackerstrasse,62,3604,Thun,46.7444501,7.6138807,Mo-We 08:00-19:00; Th  08:00-20:00; Fr 08:00-21:00; Sa 07:30-17:00,,Migros
node,298540222,Coop,Coop,,supermarket,Höflistrasse,7,8135,Langnau am Albis,47.2892115,8.539786,Mo-Sa 07:30-20:00,,Coop
node,298540226,Migros,Migros,Genossenschaft Migros Zürich,supermarket,Hintere Grundstrasse,2,8135,Langnau am Albis,47.2913031,8.5377603,"Mo-Fr 08:00-20:00, Sa 08:00-18:00; PH off",https://filialen.migros.ch/de/migros-supermarkt-langnau-a-a,Migros
node,298540370,Migros,Migros,Genossenschaft Migros Zürich,supermarket,Alte Landstrasse,130,8800,Thalwil,47.2942957,8.5639941,Mo-Sa 07:30-20:00; PH off,https://filialen.migros.ch/de/migros-supermarkt-thalwil,Migros
node,298540395,Coop,Coop,Coop Genossenschaft,supermarket,Florastrasse,1,8800,Thalwil,47.2966747,8.5619352,Mo-Sa 07:30-20:00,https://www.coop.ch/de/unternehmen/standorte-und-oeffnungszeiten/detail.html/1932/coop-supermarkt-thalwil.html,Coop
node,298877642,Denner,Denner,,supermarket,,,,,47.523419,7.6165639,,,Denner
node,299311873,Coop,Coop,,supermarket,Dorfstrasse,101,3818,Grindelwald,46.6242026,8.0352078,Mo-Su 08:00-19:00,https://www.coop.ch/de/standorte/coop-supermarkt-grindelwald/4066_POS?lat=46.624164&long=8.0413962,Coop
node,300304878,Denner Satellit,,,supermarket,,,,,47.498353,9.4515962,Mo-Fr 08:00-19:00; Sa 08:00-17:00; Su off,,Denner
node,300332412,Migros,Migros,Genossenschaft Migros Zürich,supermarket,Unterdorfstrasse,2,8117,Fällanden,47.3738744,8.6410578,Mo-Sa 08:00-20:00; PH off,https://filialen.migros.ch/de/migros-supermarkt-faellanden,Migros
node,300940416,Coop,Coop,Coop,supermarket,,,,,46.3151473,7.9867062,Mo-Th 07:30-18:30; Fr 07:30-20:00; Sa 07:30-17:00,,Coop
node,301405956,Denner,Denner,,supermarket,,,,,47.5427643,8.133998,,,Denner
node,301508524,Coop,Coop,,supermarket,Frauenfelderstrasse,4,9542,Münchwilen TG,47.4793014,8.9954388,Mo-Fr 07:00-20:00; Sa 07:00-19:00,,Coop
node,301656130,Migros,Migros,Genossenschaft Migros Ostschweiz,supermarket,Turmstrasse,9,8330,Pfäffikon ZH,47.3685372,8.7809413,"Mo-Fr 08:00-20:00, Sa 08:00-19:00; PH off",https://filialen.migros.ch/de/migros-supermarkt-pfaeffikon-zh,Migros
node,301656131,Coop,,,supermarket,Turmstrasse,10,8330,Pfäffikon ZH,47.368887,8.7819351,Mo-Sa 08:00-20:00,,Coop
node,301815692,Denner,Denner,,supermarket,Werdstrasse,36,8004,Zürich,47.3728259,8.5294871,Mo-Sa 08:00-20:00,https://www.denner.ch/,Denner
node,302821909,Migros,Migros,Genossenschaft Migros Aare,supermarket,Bahnhofstrasse,7,5610,Wohlen,47.3494071,8.2724788,"Mo-We 08:00-19:00, Th-Fr 08:00-20:00, Sa 07:30-18:00; PH off",https://filialen.migros.ch/de/migros-supermarkt-wohlen,Migros
node,303310841,Migros,Migros,Genossenschaft Migros Ostschweiz,supermarket,Heinrich Gujerstrasse,10,8494,Bauma,47.3681073,8.8776448,"Mo-Fr 08:00-20:00, Sa 08:00-19:00; PH off",https://filialen.migros.ch/de/migros-supermarkt-bauma,Migros
node,303866553,Coop,,,supermarket,Rue du Pâquis,2,,,46.5863427,6.6046687,Mo-Fr 08:00-19:00;Sa 08:00-18:00,,Coop
node,304825636,Coop,Coop,,supermarket,,,,,47.4578086,8.4383315,Mo-Sa 07:30-20:00,https://www.coop.ch/de/standorte/coop-supermarkt-buchs-zh/1839_POS,Coop
node,305206833,Aldi,ALDI,Aldi Suisse,supermarket,,,,,47.4593389,8.4016043,Mo-Sa 07:30-20:00; PH off,https://www.aldi-suisse.ch/,Aldi
node,305382465,Migros,Migros,,supermarket,,,,,46.0967418,7.2235515,08:00-18:00; week 39-50 Sa 08:00-17:30; week 39-50 Su off,,Migros
node,305382467,Coop,Coop,,supermarket,,,,,46.0972862,7.2252409,,,Coop
node,305708461,Denner,Denner,,supermarket,Klotenerstrasse,26,8303,Bassersdorf,47.4442213,8.6265829,,,Denner
node,307366252,Coop,,Coop,supermarket,Feldstrasse,11,8400,,47.5084495,8.7178269,Mo-Fr 07:30-20:00; Sa 07:30-19:00,https://www.coop.ch/de/unternehmen/standorte-und-oeffnungszeiten/detail.html/1333/coop-supermarkt-winterthur-feldstrasse.html,Coop
node,307451440,Migros,,,supermarket,,,,,47.1156503,7.2350705,Mo-Fr 08:00-19:00; Sa 08:00-17:00; Su off,,Migros
node,308188423,Migros,Migros,Genossenschaft Migros Aare,supermarket,Bernstrasse,33,3360,Herzogenbuchsee,47.1865987,7.7037027,"Mo-Th 08:00-19:00, Fr 08:00-21:00, Sa 07:30-17:00; PH off",https://filialen.migros.ch/de/migros-supermarkt-herzogenbuchsee,Migros
node,308188459,Coop,Coop,Coop Genossenschaft,supermarket,,,,,47.1861491,7.7034116,Mo-Th 08:00-19:00; Fr 08:00-21:00; Sa 07:30-17:00,,Coop
node,309289260,Migros,Migros,,supermarket,Rue de Praz-Palud,2,1040,Echallens,46.6390803,6.6357033,Mo-Fr 07:30-19:00; Sa 07:30-18:00,https://filialen.migros.ch/fr/supermarche-migros-echallens,Migros
node,309440070,Coop,,Coop Genossenschaft,supermarket,,,,,47.4490931,8.3283703,Mo-Fr 08:00-19:00; Sa 08:00-18:00,,Coop
node,309442624,Migros,Migros,Genossenschaft Migros Aare,supermarket,Zürcherstrasse,19,5432,Neuenhof,47.4501764,8.32741,"Mo-Fr 08:00-19:00, Sa 08:00-18:00; PH off",https://filialen.migros.ch/de/migros-supermarkt-neuenhof,Migros
node,309683717,Coop,Coop,Coop Genossenschaft,supermarket,Rütihofstrasse,15,8049,Zürich,47.4137195,8.4794588,Mo-Sa 08:00-20:00,,Coop
node,309966378,Denner,Denner,,supermarket,,,1373,,46.7093884,6.5708113,,https://www.denner.ch,Denner
node,310133197,Migros,Migros,Genossenschaft Migros Zürich,supermarket,Schaffhauserstrasse,470,8052,Zürich,47.4195222,8.548286,Mo-Sa 08:00-20:00; PH off,https://filialen.migros.ch/de/migros-supermarkt-zuerich-seebach,Migros
node,310133198,Denner,Denner,,supermarket,Schaffhauserstrasse,491,8052,Zürich,47.4211522,8.549362,Mo-Sa 08:00-20:00,https://www.denner.ch/,Denner
node,310192859,Denner,Denner,,supermarket,,,,,46.0665408,8.96718,,,Denner
node,310387726,Coop,,,supermarket,,,,,46.5437592,6.6604812,,,Coop
node,310390409,Coop,Coop,,supermarket,,,,,46.0096804,8.9646177,Mo-Fr 08:00-19:00; Sa 08:00-18:30,,Coop
node,310638188,Coop,Coop,,supermarket,,,,,46.323691,10.0547859,"Mo-Fr 08:00-12:15,13:30-18:30; Sa 08:00-18:00",https://www.coop.ch/de/unternehmen/standorte-und-oeffnungszeiten/detail.html/1351/coop-supermarkt-poschiavo.html,Coop
node,310789073,Denner,Denner,,supermarket,Wengistrasse,7,8004,Zürich,47.3748981,8.5234086,Mo-Fr 08:00-20:00; Sa 08:00-20:00; PH off,https://www.denner.ch/,Denner
node,310789178,Coop,Coop,Coop Genossenschaft,supermarket,Hohlstrasse,35,8004,Zürich,47.3770779,8.5264444,Mo-Sa 07:00-22:00,,Coop
node,310859990,Migros,Migros,Genossenschaft Migros Zürich,supermarket,Dorfstrasse,20,8155,Niederhasli,47.4799969,8.4852371,"Mo-Fr 08:00-19:00, Sa 08:00-18:00; PH off",https://filialen.migros.ch/de/migros-supermarkt-niederhasli,Migros
node,311351743,Coop,Coop,Coop Genossenschaft,supermarket,Universitätstrasse,73,8006,Zürich,47.3824677,8.5479911,Mo-Fr 07:00-21:00; Sa 07:30-21:00,,Coop
node,312012094,Denner,Denner,,supermarket,Regensbergstrasse,309,8050,Zürich,47.4114261,8.5265305,Mo-Sa 07:30-20:00,https://www.denner.ch,Denner
node,312385262,Coop,Coop,,supermarket,,,,,46.9494937,7.4417109,"Mo 09:00-19:00; Tu,We 08:00-19:00; Th,Fr 08:00-20:00; Sa 08:00-18:00; PH off",https://www.coop.ch/,Coop
node,312649536,Coop,Coop,Coop Genossenschaft,supermarket,Zugerstrasse,6,8820,Wädenswil,47.2300812,8.6725008,,https://www.coop.ch/,Coop
node,312649674,Migros,Migros,Genossenschaft Migros Zürich,supermarket,Oberdorfstrasse,27,8820,Wädenswil,47.2290212,8.6678724,Mo-Sa 08:00-20:00; PH off,https://filialen.migros.ch/de/migros-supermarkt-waedenswil,Migros
node,312649975,Denner,Denner,Denner,supermarket,Oberdorfstrasse,21,8820,Wädenswil,47.2282697,8.668826,Mo-Sa 08:00-20:00,,Denner
node,312838980,Migros,Migros,Genossenschaft Migros Zürich,supermarket,Badenerstrasse,376,8004,Zürich,47.3791999,8.5087992,Mo-Sa 08:00-21:00; PH off,https://filialen.migros.ch/de/migros-supermarkt-zuerich-albisriederplatz,Migros
node,313026968,Coop,Coop,Coop Genossenschaft,supermarket,Badenerstrasse,244,8004,Zürich,47.3757598,8.5172277,Mo-Sa 07:00-22:00; PH off,https://www.coop.ch/,Coop
node,313532055,Coop,Coop,,supermarket,,,,,47.4843395,8.4657426,08:00-20:00; Su off,,Coop
node,314637087,Mojon Détaillant produits Migros,,,supermarket,,,,,46.5378674,6.3326484,,,Migros
node,315536261,Denner,Denner,,supermarket,Hauptstrasse,2,2562,Port,47.1167083,7.2546972,"Mo 08:00-12:15,14:00-18:30, Tu 08:00-12:15,14:00-18:30, We 08:00-12:15,14:00-18:30, Th 08:00-12:15,14:00-18:30, Fr 08:00-12:15,14:00-18:30, Sa 08:00-16:00, Su closed",,Denner
node,316822599,Coop,Coop,Coop Genossenschaft,supermarket,,,,,47.4372358,8.4746548,Mo-Sa 08:00-21:00,,Coop
node,317466812,Migros,Migros,Genossenschaft Migros Aare,supermarket,Bahnhofplatz,5,3110,Münsingen,46.873158,7.5601521,"Mo-Th 08:00-20:00, Fr 08:00-21:00, Sa 07:30-17:00; PH off",https://filialen.migros.ch/de/migros-supermarkt-muensingen,Migros
node,320040684,Coop,Coop,,supermarket,,,,,47.4930052,8.8996297,Mo-Fr 08:00-20:00; Sa 08:00-18:00,,Coop
node,321216008,Coop,Coop,Coop Genossenschaft,supermarket,Erlenstrasse,4,6020,Emmenbrücke,47.0810256,8.271125,,,Coop
node,321320680,Coop,Coop,,supermarket,,,,,47.5404492,9.1838331,Mo-Fr 07:30-19:00; Sa 07:30-18:00,,Coop
node,321361643,Migros,Migros,Genossenschaft Migros Zürich,supermarket,Schaffhauserstrasse,75,8057,Zürich,47.3925525,8.5384284,Mo-Sa 07:30-21:00; PH off,https://filialen.migros.ch/de/migros-supermarkt-zuerich-schaffhauserplatz,Migros
node,321361788,Coop,Coop,Coop Genossenschaft,supermarket,Milchbuckstrasse,1-5,8057,Zürich,47.3957248,8.5404707,Mo-Sa 07:30-21:00,https://www.coop.ch/de/unternehmen/standorte-und-oeffnungszeiten/detail.html/1248/coop-supermarkt-zuerich-milchbuck.html,Coop
node,321491561,Coop,,,supermarket,Mettstrasse,139,2504,Biel/Bienne,47.1433768,7.2726161,Mo-Th 07:00-19:00; Fr 07:00-20:00; Sa 07:00-17:00,,Coop
node,321805127,Denner Satellit,,,supermarket,,,,,47.1384942,7.309449,,,Denner
node,321947542,Denner,Denner,,supermarket,Fierzgasse,18,8005,Zürich,47.3841236,8.5317649,Mo-Sa 08:00-20:00,https://www.denner.ch/,Denner
node,322007552,Coop,Coop,Coop Société Coopérative,supermarket,Chemin de Vers,2,1228,Plan-les-Ouates,46.1690059,6.1210727,Mo-We 07:30-19:00; Th 07:30-20:00; Fr 07:30-19:30; Sa 07:30-18:00,,Coop
node,322007712,Migros,Migros,Société Coopérative Migros Genève,supermarket,Route de Florissant,86,,Genève,46.1920602,6.1641437,Mo-Sa; PH off,https://filialen.migros.ch/fr/supermarche-migros-geneve-rieu,Migros
node,322007998,Coop,Coop,Coop Société Coopérative,supermarket,Route de Florissant,56,1206,Genève,46.1933065,6.1612764,Mo-Sa,https://www.coop.ch/fr/entreprise/adresses-et-horaires/detail.html/1145/coop-supermarche-geneve-florissant.html,Coop
node,322008034,Migros,Migros,Société Coopérative Migros Genève,supermarket,Avenue de Champel,61,1206,Genève,46.1908581,6.1524797,Mo-We 08:00-19:00; Th 08:00-20:00; Fr 08:00-19:30; Sa 08:00-18:00,https://filialen.migros.ch/fr/supermarche-migros-geneve-champel/,Migros
node,322750347,Denner,Denner,,supermarket,,,,,46.5091493,6.3067291,Mo-Fr 08:00-19:00; Sa 08:00-17:00,https://www.denner.ch/fr/succursales/1188-gimel~s1145693,Denner
node,323232873,Coop,Coop,,supermarket,,,,,47.4948197,7.6203554,Mo-Fr 08:00-20:00; Sa 07:30-18:00,,Coop
node,323233592,Migros,Migros,Genossenschaft Migros Basel,supermarket,Postplatz,7,4144,Arlesheim,47.4943127,7.6184992,Mo-Fr 08:00-19:00; Sa 08:00-18:00,https://filialen.migros.ch/de/migros-supermarkt-arlesheim,Migros
node,323236507,Coop,Coop,Coop,supermarket,Dorfstrasse,19,5420,Ehrendingen,47.4942966,8.3410211,Mo-Fr 08:00-20:00; Sa 07:30-18:00,,Coop
node,323254505,Denner,Denner,,supermarket,Sunneblick,31,6343,Rotkreuz,47.1448936,8.431358,Mo-Th 07:30-19:00; Fr 07:30-20:00; Sa 07:30-17:00,,Denner
node,324725651,Coop,Coop,,supermarket,,,,,46.0786418,7.1383069,Mo-Th 07:30-18:30; Sa 08:30-17:00; Fr 07:30-20:00,,Coop
node,325771373,Coop,,,supermarket,,,,,46.2028071,7.1676941,"Mo-Fr 08:00-12:30, 14:00-18:30; Sa 08:00-18:30",,Coop
node,325804799,Migros,Migros,,supermarket,,,,,46.1880715,7.2080965,Mo-Fr 06:30-18:30; Sa 06:30-17:00,,Migros
node,331038819,Coop,Coop,,supermarket,,,,,47.4456555,9.1396772,Mo-Fr 08:00-19:00; Sa 08:00-17:00; Su off,https://www.coop.ch/de/unternehmen/standorte-und-oeffnungszeiten/detail.html/1892/coop-supermarkt-niederuzwil.html,Coop
node,331165091,Coop,Coop,,supermarket,Oberdorfstrasse,39,3053,Münchenbuchsee,47.019854,7.4447224,Mo-Th 07:00-19:00; Fr 07:00-20:00; Sa 07:00-17:00,https://www.coop.ch/en/locations/coop-supermarkt-muenchenbuchsee/1084_POS,Coop
node,335990607,Migros,Migros,Genossenschaft Migros Basel,supermarket,Webergässchen,8,4125,Riehen,47.5852901,7.6517854,"Mo-Fr 08:00-19:00, Sa 07:30-18:00; PH off",https://filialen.migros.ch/de/migros-supermarkt-riehen-dorf,Migros
node,339793984,Migros,Migros,,supermarket,,,,,46.5366866,6.576311,Mo-Th 07:30-20:00; Fr 07:30-21:00; Sa 07:30-18:00; Su off,https://filialen.migros.ch/de/migros-supermarkt-chavannes-renens,Migros
node,340481159,Migros,Migros,Genossenschaft Migros Luzern,supermarket,Tschannhof,,6033,Buchrain,47.0954321,8.3488772,"Mo-Fr 08:00-19:00, Sa 08:00-17:00; PH off",https://filialen.migros.ch/de/migros-supermarkt-buchrain-tschannhof,Migros
node,347682816,Denner,Denner,,supermarket,,,,,47.3691841,8.6441848,,,Denner
node,348826916,Denner,Denner,Denner,supermarket,,,,,46.1671126,8.7959348,Mo-Fr 08:00-19:00; Sa 08:00-18:30,,Denner
node,348830422,Migros,Migros,Società Cooperativa Migros Ticino,supermarket,,,,,46.165649,8.795867,"Mo-We,Fr 08:00-19:00; Th 08:00-21:00; Sa 08:00-18:30",,Migros
node,352820359,Coop,,,supermarket,Bernstrasse,15,3294,,47.1398007,7.3777006,,,Coop
node,352860119,Migros,Migros,Genossenschaft Migros Zürich,supermarket,Birmensdorferstrasse,140,8003,Zürich,47.3701315,8.520077,Mo-Sa 07:30-21:00; PH off,https://filialen.migros.ch/de/migros-supermarkt-zuerich-schmiede-wiedikon,Migros
node,354481720,VDI Migros,,,supermarket,Untere Dorfstrasse,41,3906,Saas-Fee,46.1077139,7.9262613,Mo-Su 07:30-19:00,,Migros
node,354543032,Migros,Migros,Genossenschaft Migros Zürich,supermarket,Zürichstrasse,20,8610,Uster,47.349994,8.7151342,Mo-Sa 08:00-20:00; PH off,https://filialen.migros.ch/de/migros-supermarkt-uster-illuster,Migros
node,354593876,Coop,Coop,,supermarket,,,,,46.3076473,7.4677237,"PH,Mo-Su 08:00-19:00",,Coop
node,354837352,Coop,Coop,,supermarket,,,4450,,47.4634823,7.8135513,Mo-Fr 08:00-20:00; Sa 07:30-18:00,,Coop
node,355287954,Migros,Migros,,supermarket,Route du Rawyl,32,3963,,46.3092958,7.4729474,Mo-Su 08:00-19:00,https://www.migros.ch/,Migros
node,355970085,Migros,Migros,Coopérative Migros Vaud,supermarket,Chemin du Closalet,7,1023,Crissier,46.5547433,6.5691567,Mo-Th 08:30-20:00; Fr 08:30-21:00; Sa 08:00-18:00; Su off,https://filialen.migros.ch/fr/supermarche-migros-crissier,Migros
node,356051827,Coop,Coop,,supermarket,,,,,47.3936901,7.6203419,,,Coop
node,357198361,Migros,Migros,Migros,supermarket,Furkastrasse,46,3984,Fiesch,46.4039727,8.1355456,"Mo-Fr 08:00-12:30,14:00-18:30; Sa 08:00-17:00",,Migros
node,357276931,Migros,Migros,,supermarket,,,,,46.3146795,7.745207,Mo-Fr 07:30-18:30; Sa 07:30-17:00; Su off,https://filialen.migros.ch/de/migros-supermarkt-steg,Migros
node,357276935,Coop,Coop,,supermarket,,,,,46.3150341,7.7442364,,,Coop
node,357299653,Migros,Migros,,supermarket,Brückenweg,10,,,46.2932642,7.8797966,Mo-Th 08:00-18:30; Fr 08:00-20:00; Sa 08:00-17:00,http://filialen.migros.ch/de/migros-supermarkt-visp,Migros
node,357299658,Coop,Coop,,supermarket,Kantonsstrasse,1,3930,Visp,46.292416,7.8802315,Mo-Fr 08:00-18:30; Sa 08:00-17:00,,Coop
node,359694887,Denner,Denner,Denner,supermarket,Schützenstrasse,39,8400,Winterthur,47.5044184,8.7191373,Mo-Fr 08:00-20:00; Sa 08:00-18:00,,Denner
node,364938620,Coop,Coop,,supermarket,,,,,47.5475478,7.5907574,Mo-Sa 06:00-22:00; Su 07:30-22:00,,Coop
node,364939479,Coop,Coop,,supermarket,,,,,47.5517393,7.5945814,Mo-Fr 06:30-20:00; Sa 07:30-18:00,,Coop
node,365340184,Coop,Coop,Coop Genossenschaft,supermarket,Ettiswilerstrasse,37,6130,Willisau,47.1274508,7.9971057,Mo-Th 07:30-19:00; Fr 07:30-21:00; Sa 07:30-17:00; PH off,https://www.coop.ch/de/standorte/coop-supermarkt-willisau/1970_POS,Coop
node,365929382,Migros,Migros,,supermarket,,,,,46.991927,6.9298682,"Mo-We,Fr 07:30-19:00; Th 07:30-20:00; Sa 07:30-18:00; PH off",https://www.migros.ch/,Migros
node,366031755,Migros,Migros,Migros,supermarket,,,,,46.685805,7.6816337,Mo-Th 08:00-19:00; Fr 08:00-20:00; Sa 07:30-17:00; Su off,https://filialen.migros.ch/de/migros-supermarkt-spiez-terminus,Migros
node,366033845,Coop Spiez,,Coop,supermarket,,,,,46.6895415,7.6756433,,,Coop
node,366139633,Migros,Migros,Genossenschaft Migros Basel,supermarket,Aeschenvorstadt,24,4051,Basel,47.5526701,7.5927128,"Mo-Fr 07:30-20:00, Sa 07:30-18:00; PH off",https://filialen.migros.ch/de/migros-supermarkt-basel-drachen-center,Migros
node,367085314,Coop,Coop,Coop,supermarket,,,,,46.0284656,8.9674193,,,Coop
node,367086655,Lidl,Lidl,Manor,supermarket,,,,,46.0125914,8.9658805,"Mo-We,Fr 07:30-19:00; Th 07:30-21:00; Sa 07:30-18:30",,Lidl
node,367106026,Migros,Migros,Migros,supermarket,,,,,46.0183513,8.958479,Mo-Fr 07:30-19:00; Sa 07:30-18:30; Su 08:00-19:00,,Migros
node,367106039,Coop,Coop,Coop,supermarket,,,,,46.0171708,8.95837,,,Coop
node,367106145,Denner,Denner,Denner,supermarket,,,,,46.011489,8.9665646,"Mo,We,Fr 07:30-19:00; Th 07:30-21:00; Sa 07:30-18:30; Su 08:00-18:00",,Denner
node,367106206,Denner,Denner,Denner,supermarket,,,,,46.0209646,8.9582111,,,Denner
node,370878589,Denner Satellit,,,supermarket,Wolfgasse,7,4415,Lausen,47.472119,7.7594528,Mo-Su 07:30-20:00,,Denner
node,371215417,Coop,Coop,,supermarket,,,,,46.9507635,7.3922189,"Mo-Th 08:00-19:00; Fr 08:00-21:00; Sa 07:30-17:00; Su,PH closed",https://www.coop.ch/,Coop
node,371746671,Migros,Migros,,supermarket,,,,,47.1317185,7.2527476,Mo-Fr 08:00-20:00; Sa 08:00-17:00; Su off,https://www.migros.ch/,Migros
node,372733751,Coop,Coop,,supermarket,Bahnhofstrasse,9,8802,Kilchberg ZH,47.3231907,8.5488182,Mo-Sa 07:00-20:00,,Coop
node,372802218,Migros,Migros,Genossenschaft Migros Basel,supermarket,Kasernenstrasse,8,4410,Liestal,47.4826186,7.7360487,"Mo-Fr 08:00-19:00, Sa 08:00-18:00; PH off",https://filialen.migros.ch/de/migros-supermarkt-liestal,Migros
node,373445779,Denner,Denner,Denner,supermarket,,,,,46.6857033,7.6817483,,,Denner
node,374188638,Coop,Coop,,supermarket,,,,,47.4913378,8.5039742,,,Coop
node,374322535,Coop,Coop,Coop Genossenschaft,supermarket,Hauptstrasse,15,6315,Oberägeri,47.1350027,8.6131199,,,Coop
node,375675552,Coop,,,supermarket,,,,,46.1751331,7.5735951,Mo-Su 08:00-19:00,,Coop
node,384874978,Denner,Denner,,supermarket,Bahnhofplatz,19,6440,Brunnen,46.999906,8.6089199,,,Denner
node,385066179,Coop,Coop,,supermarket,,,,,47.458697,8.3289577,Mo-Sa 08:00-20:00,,Coop
node,385102716,Coop,Coop,Coop Genossenschaft,supermarket,Zentralstrasse,34,6030,Ebikon,47.0829436,8.3436961,,https://www.coop.ch/,Coop
node,385235761,Migros,Migros,Genossenschaft Migros Luzern,supermarket,Entlebucherstrasse,36,6110,Wolhusen,47.0559837,8.0703718,"Mo-Th 08:00-19:00, Fr 08:00-21:00, Sa 08:00-17:00; PH off",https://filialen.migros.ch/de/migros-supermarkt-wolhusen-dorfmaert,Migros
node,385419846,Coop,Coop,,supermarket,Rue de la Banque,2,,,47.0570842,6.7471082,"Mo-We,Fr 07:30-19:00; Th 07:30-20:00; Sa 07:30-18:00; Su off",,Coop
node,385677189,Coop,,Coop,supermarket,,,,,46.8199334,7.3420602,Mo-Th 08:00-19:00; Fr 08:00-20:00; Sa 07:30-17:00; Su off,,Coop
node,386270747,Migros,Migros,Genossenschaft Migros Zürich,supermarket,Alte Landstrasse,262,8708,Männedorf,47.253025,8.6957963,"Mo-Fr 08:00-20:00, Sa 07:30-18:00; PH off",https://filialen.migros.ch/de/migros-supermarkt-maennedorf,Migros
node,387473621,Coop,,Coop,supermarket,Chemin du Croset,3,1024,Ecublens (VD),46.5339359,6.5666981,Mo-Th 08:00-19:30; Fr 08:00-20:00; Sa 08:00-18:00,,Coop
node,388474634,Coop,Coop,,supermarket,,,,,47.4628444,8.5258392,"Mo-Fr 09:00-20:00, Sa 08:00-18:00",,Coop
node,393982223,Coop,Coop,Coop Genossenschaft,supermarket,Bundesplatz,11,6300,Zug,47.171496,8.5145777,,,Coop
node,394819083,Migros,Migros,Genossenschaft Migros Basel,supermarket,Kaspar Pfeiffer-Strasse,2,4142,Münchenstein,47.5216609,7.6074542,Mo-Th 08:00-19:00; Fr 08:00-20:00; Sa 07:30-18:00,https://filialen.migros.ch/de/migros-supermarkt-muenchenstein-gartenstadt,Migros
node,394819452,Coop,Coop,Coop,supermarket,,,,,47.5211682,7.6072997,,https://www.coop.ch/de/services/standorte-und-oeffnungszeiten/detail.html?id=1946,Coop
node,401566773,Denner,Denner,,supermarket,,,,,47.3500998,8.345693,Mo-Th 08:00-19:00; Fr 08:00-20:00; Sa 08:00-18:00; PH closed,,Denner
node,401573864,Coop,Coop,Coop Genossenschaft,supermarket,,,,,47.35174,8.3485925,Mo-Fr 08:00-20:00; Sa 07:30-18:00; PH closed,,Coop
node,401590212,Migros,Migros,Genossenschaft Migros Aare,supermarket,Zufikerstrasse,2,5620,Bremgarten AG,47.3526298,8.3496696,"Mo-Fr 08:00-20:00, Sa 07:30-19:00; PH off",https://filialen.migros.ch/de/migros-supermarkt-bremgarten-ag,Migros
node,401622464,Denner Satellit,,,supermarket,Isenlaufstrasse,2,5620,Bremgarten AG,47.3465641,8.340373,"Mo-Fr 08:00-12:15,12:00-18:30; Sa 08:00-16:00",,Denner
node,406706788,Coop,Coop,,supermarket,,,,,47.2727211,8.3410133,,,Coop
node,408487285,Coop,Coop,Coop,supermarket,,,,,47.0179953,7.6604638,,,Coop
node,408784934,Coop,Coop,,supermarket,,,,,47.5229716,8.7876518,Mo-Fr 07:30-19:00; Sa 07:30-18:00,,Coop
node,409611229,Coop,Coop,Coop,supermarket,,,,,47.0364206,7.630821,Mo-Th 08:00-19:00; Fr 08:00-20:00; Sa 07:30-17:00,,Coop
node,409618104,Coop,Coop,Coop,supermarket,Sägegasse,14,3400,Burgdorf,47.0569221,7.6293304,Mo-Th 08:00-19:00; Fr 08:00-21:00; Sa 08:00-17:00; PH off,,Coop
node,410336934,Coop,Coop,Coop Genossenschaft,supermarket,Zellfeld,,6214,Schenkon,47.1779153,8.1262972,,,Coop
node,411856639,Denner,Denner,,supermarket,Wilerstrasse,6,8370,Sirnach,47.4617079,8.9984882,Mo-Fr 07:00-19:00; Sa 07:00-18:00,,Denner
node,412098233,Coop,Coop,Coop Genossenschaft,supermarket,,,,,47.3181934,7.8031332,Mo-Fr 09:00-18:30; Th 09:00-21:00; Sa 08:00-18:00; PH off,,Coop
node,413334751,Coop,Coop,Coop Genossenschaft,supermarket,Saatlenstrasse,12,8051,Zürich,47.404782,8.5718792,Mo-Sa 06:30-21:00,,Coop
node,413401527,Coop,Coop,,supermarket,,,,,47.4538454,7.736472,,,Coop
node,413401528,Migros,Migros,Genossenschaft Migros Basel,supermarket,Grüngenstrasse,1,4416,Bubendorf,47.4570259,7.743167,"Mo-Th 08:00-19:00, Fr 08:00-20:00, Sa 07:30-18:00; PH off",https://filialen.migros.ch/de/migros-supermarkt-bubendorf,Migros
node,413401529,Denner,Denner,,supermarket,,,,,47.4567703,7.7432945,,,Denner
node,413621232,Coop,Coop,Coop Genossenschaft,supermarket,Im Zentrum,3,6043,Adligenswil,47.0718025,8.3645211,,https://www.coop.ch/de/services/standorte-und-oeffnungszeiten/detail.html/adligenswil?id=1118,Coop
node,415255849,Migros,Migros,Società Cooperativa Migros Ticino,supermarket,,,,,46.1539555,8.9619063,Mo-We 08:00-19:00; Th 08:00-21:00; Fr 08:00-19:00; Sa 08:00-18:30; Su off,https://filialen.migros.ch/it/supermercato-migros-centro-santonino#/CentroS.Antonino/0125020,Migros
node,415732099,Migros,Migros,Société coopérative Migros Vaud,supermarket,Chemin du Croset,7,1024,Ecublens (VD),46.5342463,6.5648357,Mo-Fr 07:30-20:00; Sa 07:30-18:00,,Migros
node,418006107,Coop,Coop,,supermarket,,,,,47.0956257,6.8303769,Mo-Fr 07:30-19:00; Sa 07:30-18:00,,Coop
node,418184737,Coop,Coop,Coop,supermarket,,,,,46.020007,8.9685519,"Mo-Fr 08:15-12:00,14:00-18:30; Sa 08:15-17:00",https://www.coop.ch/,Coop
node,420706484,Coop,Coop,Coop,supermarket,,,,,47.4097675,9.6246264,Mo-Th 07:30-19:00; Fr 07:30-20:00; Sa 07:30-17:00,,Coop
node,420847626,Aldi,ALDI,Aldi Suisse,supermarket,Zürcherstrasse,5,8953,Dietikon,47.4031872,8.40575,Mo-Sa 07:30-20:00; PH off,https://www.aldi-suisse.ch/,Aldi
node,422009089,Denner,Denner,,supermarket,,,,,47.0685566,7.6010356,,,Denner
node,423342972,Coop Peseux,,,supermarket,Rue des Uttins,1,2034,Peseux,46.9885951,6.8911827,,,Coop
node,423733980,Coop,Coop,Coop,supermarket,Brühlweg,8,4132,Muttenz,47.5277297,7.64706,Mo-Fr 08:00-20:00; Sa 07:30-20:00; PH off,https://www.coop.ch/de/unternehmen/standorte-und-oeffnungszeiten/detail.html/1929/coop-supermarkt-muttenz-dorf.html,Coop
node,423833253,Coop,Coop,,supermarket,,,,,46.990575,6.9297971,"Mo-We,Fr 07:30-19:00; Th 07:30-20:00; Sa 07:30-18:00",,Coop
node,426940056,Coop,,,supermarket,,,,,46.4739467,7.13323,Mo-Su 08:00-19:00,,Coop
node,427050152,Denner,Denner,,supermarket,,,,,47.42204,8.4085612,,,Denner
node,427655235,Migros,Migros,Genossenschaft Migros Neuenburg-Freiburg,supermarket,Bernstrasse,18,3280,Murten,46.9300564,7.1229006,Mo-Sa 08:00-20:00; Su 08:00-18:00,https://filialen.migros.ch/de/migros-supermarkt-morat,Migros
node,427914141,Lidl,Lidl,,supermarket,Buchenstrasse,2,6210,Sursee,47.1743497,8.0987534,"Mo-We,Fr 07:30-19:00; Th 07:30-21:00; Sa 07:30-17:00",,Lidl
node,428149086,Denner,Denner,,supermarket,Rue Jämes Paris,6,2034,Peseux,46.9863882,6.8891962,,,Denner
node,428207859,Coop,,,supermarket,,,,,46.482331,6.4570589,Mo-Fr 07:30-19:00; Sa 07:30-18:00,,Coop
node,428208335,Migros,Migros,Coopérative Migros Vaud,supermarket,Rue de la Gare,2,1030,Bussigny,46.5474199,6.5531129,Mo-Th 07:30-19:00; Fr 07:30-20:00; Sa 07:30-18:00,,Migros
node,428895254,Denner,Denner,,supermarket,,,,,47.4058522,8.3975764,Mo-Sa 08:00-20:00;PH closed,,Denner
node,428997923,Coop,Coop,Coop Genossenschaft,supermarket,Igelweid,17,5000,Aarau,47.3916041,8.0459066,Mo-Fr 08:00-19:00; Sa 08:00-18:00,,Coop
node,429221823,Coop,Coop,,supermarket,,,,,47.4036741,8.4023845,Mo-Sa 07:00-21:00; PH closed,,Coop
node,429360397,Denner,Denner,,supermarket,,,,,46.5389706,6.7308075,,,Denner
node,430050256,Coop,,Coop,supermarket,Hofwiesweg,2,8488,Turbenthal,47.4399399,8.8441583,,,Coop
node,430270006,Aldi,Aldi,,supermarket,Milchstrasse,2,3072,Ostermundigen,46.9634938,7.4818402,Mo-Fr 08:00-20:00; Sa 08:00-17:00,,Aldi
node,430491495,Denner,Denner,,supermarket,,,,,47.5673871,9.0945335,Mo-Fr 08:00-20:00; Sa 08:00-18:00,,Denner
node,430491496,Migros,Migros,Genossenschaft Migros Ostschweiz,supermarket,Weststrasse,27-29,8570,Weinfelden,47.5672498,9.0944485,"Mo-Fr 08:00-20:00, Sa 08:00-19:00; PH off",https://filialen.migros.ch/de/migros-supermarkt-weinfelden-weststrasse,Migros
node,430675300,Migros,Migros,Genossenschaft Migros Aare,supermarket,,,5018,Erlinsbach AG,47.4053709,8.0085923,Mo-Fr 08:00-19:00; Sa 08:00-17:00,https://filialen.migros.ch/de/migros-supermarkt-erlinsbach,Migros
node,430766710,Coop,,Coop,supermarket,Dorfstrasse,138,8424,Embrach,47.5109061,8.5941475,Mo-Fr 08:00-20:00; Sa 08:00-18:00,,Coop
node,430878647,Coop,Coop,Coop,supermarket,,,,,47.3985221,8.0063041,"Mo-Fr 08:00-12:30,14:00-18:30; Sa 08:00-17:00",,Coop
node,432384166,Migros,Migros,Migros,supermarket,,,,,46.6139348,6.506709,Mo-Th 08:00-19:00; Fr 08:00-20:00; Sa 07:30-18:00,,Migros
node,433476445,Coop,Coop,,supermarket,,,,,46.6737437,9.6840034,"Tu-Fr 08:00-12:15,14:00-18:30; Sa 08:00-12:15,13:30-17:00; Su,Mo,PH closed",,Coop
node,433905577,Denner,Denner,,supermarket,Soodstrasse,52,8134,Adliswil,47.3203453,8.5218139,"Mo-Fr 07:00-20:00; Sa 08:00-18:00; Su,PH off",https://www.denner.ch/de/filialen/denner-filiale-und-oeffnungszeiten/store/soodstrasse-52-8134-adliswil/,Denner
node,434348269,Coop,Coop,,supermarket,Via Buonamano,1,6612,Ascona,46.1557134,8.7714078,Mo-Fr 08:00-19:00; Sa 08:00-18:30,,Coop
node,434479694,Coop,Coop,Coop,supermarket,,,,,46.0621377,8.9288412,,,Coop
node,435567258,Coop,Coop,Coop Genossenschaft,supermarket,Schützenstrasse,30,8245,Feuerthalen,47.6906791,8.6465667,Mo-Sa 08:00-20:00,https://www.coop.ch/de/standorte/5557_POS,Coop
node,436571594,Coop,Coop,,supermarket,,,,,46.9393949,7.4369994,Mo-Fr 07:00-20:00; Sa 07:00-17:00,,Coop
node,436612951,Coop,Coop,Coop Genossenschaft,supermarket,Bahnhofstrasse,17,6037,Root,47.1177285,8.391826,Mo-Th 07:30-19:00; Fr 07:30-20:00; Sa 07:30-17:00,,Coop
node,438261303,Migros,Migros,Genossenschaft Migros Aare,supermarket,Zähringerstrasse,43,3012,Bern,46.955334,7.433628,"Mo-Th 08:00-20:00, Fr 08:00-21:00, Sa 08:00-17:00; PH off",,Migros
node,439155329,Denner,Denner,,supermarket,Place de la Gare,,2300,La Chaux-de-Fonds,47.0990567,6.8258615,Mo-Fr 07:30-19:00; Sa 07:30-18:00,,Denner
node,440600023,Coop,Coop,,supermarket,,,,,46.7035278,6.754352,,,Coop
node,440675323,Coop,Coop,,supermarket,Bahnhofstrasse,4,7320,Sargans,47.0474355,9.4407033,Mo-Fr 07:00-19:00; Sa 08:00-17:00,https://www.coop.ch/en/locations/coop-supermarkt-sargans/1470_POS,Coop
node,440814822,ALDI Suisse,ALDI,Aldi Suisse,supermarket,Wehntalerstrasse,634,8046,Zürich,47.4231699,8.4991627,Mo-Sa 07:30-20:00; PH off,https://www.aldi-suisse.ch/,Aldi
node,440853146,Coop,,,supermarket,,,,,47.4977635,8.9535394,Mo-Fr 07:30-19:00; Sa 07:30-18:00,,Coop
node,441943785,Denner,Denner,Denner,supermarket,Via Suro,2,,,46.7993145,9.3977261,Mo-Fr 06:45-19:00; Sa 06:45-17:00; Su off,https://www.denner.ch/de/filialen/7403-rhaezuens~s1145643,Denner
node,442702205,Migros,Migros,Genossenschaft Migros Luzern,supermarket,Sonnenplatz,1,6020,Emmenbrücke,47.0778381,8.275256,"Mo-Th 08:00-19:00, Fr 08:00-21:00, Sa 08:00-17:00; PH off",https://filialen.migros.ch/de/migros-supermarkt-emmenbruecke-sonnenplatz,Migros
node,445505361,Aldi,ALDI,Aldi Suisse,supermarket,Usterstrasse,51,8604,Volketswil,47.3811497,8.6839028,Mo-Sa 07:30-20:00; PH off,https://www.aldi-suisse.ch/,Aldi
node,447808467,Migros,Migros,Société Coopérative Migros Genève,supermarket,Route de l'Aéroport,25,,Genève,46.2327669,6.1125251,Mo-Su 06:00-21:00,https://filialen.migros.ch/fr/supermarche-migros-geneve-cointrin-aeroport/,Migros
node,448564067,Denner,Outlet Migros,Genossenschaft Migros Zürich,supermarket,Sandgruebstrasse,1,8193,Eglisau,47.5685953,8.5233655,Mo-Fr 08:00-20:00; Sa 08:00-19:00,,Migros
node,448941788,Coop,Coop,Coop Genossenschaft AG,supermarket,Gotthardstrasse,30,6490,Andermatt,46.6344598,8.5963576,Mo-Fr 07:30-18:30; Sa 07:30-18:00,,Coop
node,449001826,Coop,Coop,,supermarket,,,,,47.3973132,8.6167086,Mo-Sa 07:30-21:00; PH closed,,Coop
node,450211323,Coop,Coop,,supermarket,,,,,47.0411367,7.3792755,"Mo-Fr 07:00-19:00; Sa 07:00-17:00; Su,PH closed",https://www.coop.ch/,Coop
node,450879978,Migros,Migros,Genossenschaft Migros Zürich,supermarket,Oberdorfstrasse,4,8910,Affoltern am Albis,47.2783381,8.4538088,Mo-Sa 08:00-20:00; PH off,https://filialen.migros.ch/de/migros-supermarkt-affoltern-a-a,Migros
node,451720086,Migros,Migros,Genossenschaft Migros Zürich,supermarket,Giesshübelstrasse,65,8045,Zürich,47.3580599,8.5173007,Mo-Sa 08:00-20:00; PH off,https://filialen.migros.ch/de/migros-supermarkt-zuerich-brunaupark,Migros
node,452715384,Migros,Migros,Genossenschaft Migros Zürich,supermarket,Jonas-Furrer-Strasse,21,8046,Zürich,47.4204198,8.5082174,Mo-Sa 08:00-20:00; PH off,https://filialen.migros.ch/de/migros-supermarkt-zuerich-affoltern,Migros
node,452715388,Denner,Denner,,supermarket,In Böden,174,8046,Zürich,47.4199085,8.5080891,Mo-Sa 08:00-20:00,https://www.denner.ch/,Denner
node,453138896,Migros,Migros,Genossenschaft Migros Aare,supermarket,Hauptstrasse,17,5312,Döttingen,47.5741296,8.2558575,"Mo-Fr 08:00-19:00, Sa 08:00-18:00; PH off",https://filialen.migros.ch/de/migros-supermarkt-doettingen,Migros
node,453194414,Coop,Coop,Coop,supermarket,,,,,47.5893536,8.2916965,,,Coop
node,454026916,Migros,Migros,,supermarket,,,,,46.2331415,7.8704241,Mo-Fr 07:00-18:30; Sa 07:00-17:00,,Migros
node,454407650,Coop,Coop,,supermarket,,,,,47.0475114,9.4211052,,,Coop
node,456042193,Denner,Denner,,supermarket,,,,,47.3738183,9.4172877,,,Denner
node,457133149,Migros,Migros,Genossenschaft Migros Zürich,supermarket,Hofwiesenstrasse,354,8050,Zürich,47.4104509,8.5427206,Mo-Sa 08:00-20:00; PH off,https://filialen.migros.ch/de/migros-supermarkt-zuerich-oerlikon-neumarkt,Migros
node,457555818,Migros,Migros,Genossenschaft Migros Aare,supermarket,Hauptstrasse,39,3427,Utzenstorf,47.1284908,7.5585463,"Mo-Th 08:00-19:00, Fr 08:00-20:00, Sa 08:00-17:00; PH off",https://filialen.migros.ch/de/migros-supermarkt-utzenstorf-linde,Migros
node,459174385,Coop,Coop,,supermarket,,,,,47.5202225,7.6916191,Mo-Fr 08:00-20:00; Sa 07:30-20:00,,Coop
node,464534499,Migros,Migros,,supermarket,,,,,46.5148795,6.6327906,Sa 07:00-18:00; Mo-Fr 07:00-19:00,,Migros
node,467165629,Coop,Coop,,supermarket,,,,,46.2487937,7.0042616,Mo-Th 07:00-19:00; Fr 07:30-20:00; Sa 07:30-18:00,,Coop
node,470217716,Coop,Coop,Coop Genossenschaft,supermarket,Röntgenstrasse,48,8005,Zürich,47.3847889,8.527125,Mo-Sa 07:00-21:00,,Coop
node,470530802,Migros,Migros,Migros,supermarket,,,,,47.1407504,7.2475359,Mo-Fr 08:00-20:00; Sa 08:00-17:00,,Migros
node,471038991,Migros,Migros,Genossenschaft Migros Ostschweiz,supermarket,Märtplatz,,8307,Effretikon,47.4286522,8.685031,"Mo-We 08:00-19:00; Th,Fr 08:00-20:00; Sa 08:00-19:00; PH off",https://filialen.migros.ch/de/migros-supermarkt-effretikon-effi-maert,Migros
node,471042073,Coop,,,supermarket,Illnauerstrasse,16,,,47.4269489,8.6922748,Mo-Sa 07:00-20:00; PH off,,Coop
node,471042098,Denner,Denner,,supermarket,Märtplatz,5,,,47.4284165,8.6856191,"Mo-We 08:00-19:00; Th,Fr 08:00-20:00; Sa 08:00-19:00; PH off",,Denner
node,471042111,Coop,,,supermarket,,,,,47.4282324,8.6850257,"Mo,Tu,We,Sa 07:30-19:00; Th,Fr 07:30-20:00; PH off",,Coop
node,471582356,Denner,Denner,,supermarket,Giebenacherstrasse,58,4303,Kaiseraugst,47.5355703,7.7322034,,,Denner
node,472627966,Coop,Coop,,supermarket,,,,,47.2554228,8.6897575,Mo-Sa 07:00-20:00,,Coop
node,475204190,Coop,Coop,Coop Genossenschaft,supermarket,Obergass,15,8733,Eschenbach SG,47.2408037,8.9199459,,,Coop
node,475204274,Denner,Denner,,supermarket,Rickenstrasse,8,8733,Eschenbach SG,47.2404474,8.9230386,,,Denner
node,475204307,Migros,Migros,Genossenschaft Migros Zürich,supermarket,Rickenstrasse,12,8733,Eschenbach SG,47.240999,8.9239856,"Mo-Fr 07:30-19:00, Sa 07:30-17:00; PH off",https://filialen.migros.ch/de/migros-supermarkt-eschenbach,Migros
node,475341549,Coop,Coop,Coop Genossenschaft,supermarket,Friesenbergplatz,3,8045,Zürich,47.3609191,8.5068265,Mo-Sa 07:30-20:00,http://standorte.coop.ch/vstinfo/showMap.do?betrnr=4897,Coop
node,476270685,Migros,Migros,,supermarket,,,,,46.4653415,6.8956121,Mo-Fr 07:30-19:00; Sa 07:30-18:00; Su off,https://filialen.migros.ch/de/migros-supermarkt-blonay,Migros
node,476554698,Coop,Coop,,supermarket,Bahnhofstrasse,1,7270,Davos Platz,46.792585,9.8208079,Mo-Fr 08:00-20:00; Sa 08:00-19:00; Su 09:00-18:00,,Coop
node,476664629,Coop,Coop,,supermarket,,,,,46.4665796,6.8943173,,,Coop
node,476682675,Denner,Denner,,supermarket,,,,,46.4678328,6.8379093,Mo-Fr 08:00-19:00; Sa 08:00-17:00,https://www.denner.ch/fr/succursales/stores-detail-page/store/av-reller-42-1804-corsier-sur-vevey/,Denner
node,479278569,Denner,Denner,,supermarket,,,,,47.0197466,7.4504452,,,Denner
node,479283559,Migros,Migros,Genossenschaft Migros Aare,supermarket,Bernstrasse,14,3053,Münchenbuchsee,47.0199856,7.4512598,"Mo-Fr 08:00-19:00, Sa 07:30-17:00; PH off",https://filialen.migros.ch/de/migros-supermarkt-muenchenbuchsee-tanne,Migros
node,479749016,Aldi,ALDI,Aldi Suisse,supermarket,Ziegelgutstrasse,16,3414,Oberburg,47.0282494,7.6331999,,,Aldi
node,480274029,Migros,Migros,Genossenschaft Migros Zürich,supermarket,Scheffelstrasse,3,8037,Zürich,47.3937084,8.5292465,Mo-Sa 07:30-21:00; PH off,https://filialen.migros.ch/de/migros-supermarkt-zuerich-wipkingen,Migros
node,480357406,Denner,Denner,,supermarket,Hofwiesenstrasse,135,8057,Zürich,47.3988666,8.5326286,Mo-Sa 07:00-20:00,https://www.denner.ch/,Denner
node,481443886,Denner,Denner,,supermarket,Bockhornstrasse,1,8047,Zürich,47.3759665,8.4839506,Mo-Sa 07:30-20:00,https://www.denner.ch/,Denner
node,482763774,Aldi,ALDI,Aldi Suisse,supermarket,Binzmühlestrasse,102,8050,Zürich,47.4137515,8.5390963,Mo-Sa 07:30-20:00; PH off,https://www.aldi-suisse.ch/,Aldi
node,489771088,Migros,Migros,Genossenschaft Migros Aare,supermarket,Thunstrasse,18,3005,Bern,46.9422469,7.4531136,"Mo-Fr 08:00-20:00, Sa 08:00-17:00; PH off",https://filialen.migros.ch/de/migros-supermarkt-bern-kirchenfeld,Migros
node,495167286,Migros,Migros,,supermarket,Rue des Terreaux,22,1350,Orbe,46.723836,6.531304,Mo-Th 07:30-18:30; Fr 07:30-19:00; Sa 07:30-17:00,,Migros
node,497729458,Coop,Coop,,supermarket,,,,,47.6015825,9.0007105,Mo-Fr 08:00-19:00; Sa 08:00-18:00,,Coop
node,499269376,Denner,Denner,Denner SA,supermarket,Rue du Lac,10,,Genève,46.2042764,6.15728,Mo-Sa,https://www.denner.ch/fr/succursales/1207-geneve~s1145085,Denner
node,500060387,Migros,Migros,Genossenschaft Migros Aare,supermarket,Lindenstrasse,3,4310,Rheinfelden,47.5553188,7.7977519,"Mo-We 08:00-19:00, Th-Fr 08:00-20:00, Sa 07:30-18:00; PH off",https://filialen.migros.ch/de/migros-supermarkt-rheinfelden,Migros
node,505817243,Denner,Denner,,supermarket,Route des Deux-Villages,51b,1806,Saint-Légier-La Chiésaz,46.4706808,6.8807722,Mo-Fr 07:30-19:00; Sa 07:30-18:00; Su 08:00-12:30,,Denner
node,506053167,Coop,Coop,,supermarket,Quaderstrasse,36,7000,Chur,46.8522999,9.5346368,Mo-Fr 08:00-20:00; Sa 08:00-18:00,,Coop
node,506053168,Coop City,,,supermarket,,,,,46.8525288,9.53171,Mo-Th 09:00-19:00; Fr 09:00-20:00; Sa 08:30-18:00,,Coop
node,506065975,Migros,Migros,Genossenschaft Migros Ostschweiz,supermarket,,,,,46.8516483,9.5275214,Mo-Fr 07:30-20:00; Sa 07:30-18:00; Su off,https://filialen.migros.ch/de/migros-supermarkt-chur-gaeuggeli,Migros
node,506264173,Denner,Denner,,supermarket,,,,,47.4788173,8.999422,Mo-Fr 08:00-18:30; Sa 08:00-17:00,,Denner
node,506648228,Denner,Denner,Denner AG,supermarket,Brünigstrasse,16,6005,Luzern,47.0431572,8.3115279,Mo-Th 08:00-19:00; Fr 08:00-20:00; Sa 08:00-17:00,,Denner
node,506648661,Migros,Migros,Genossenschaft Migros Luzern,supermarket,Tribschenstrasse,66,6005,Luzern,47.0423384,8.3168248,Mo-Th 07:00-19:00; Sa 07:00-17:00; PH off; Fr 07:00-20:00,https://filialen.migros.ch/de/migros-supermarkt-luzern-tribschenstrasse,Migros
node,513898342,Denner,Denner,,supermarket,,,,,46.3126425,7.4807526,,,Denner
node,514589840,Coop,Coop,Coop,supermarket,Stauffacherstrasse,2,3014,Bern,46.959181,7.4550434,"Mo-Fr 07:30-20:00, Sa 07:30-17:00",,Coop
node,515963223,Migros,Migros,Genossenschaft Migros Zürich,supermarket,Löwenstrasse,28,8953,Dietikon,47.4050955,8.4020814,"Mo-Fr 08:00-20:00, Sa 08:00-18:00; PH off",https://filialen.migros.ch/de/migros-supermarkt-dietikon-loewenzentrum,Migros
node,523303579,Coop,Coop,,supermarket,,,,,47.0637281,7.0966461,,,Coop
node,528141420,Migros,Migros,Genossenschaft Migros Luzern,supermarket,Ettiswilerstrasse,14,6130,Willisau,47.1237589,7.9948675,"Mo-Th 08:00-19:00, Fr 08:00-21:00, Sa 07:30-17:00; PH off",https://filialen.migros.ch/de/migros-supermarkt-willisau-chruezhof,Migros
node,529596135,Coop,Coop,,supermarket,,,,,46.7309407,6.530966,Mo-Th 07:30-18:30; Fr 07:30-20:00; Sa 07:30-17:00,,Coop
node,529952282,Migros,Migros,Genossenschaft Migros Aare,supermarket,Egghölzlistrasse,1,3006,Bern,46.9369871,7.4750949,"Mo-Fr 08:00-20:00, Sa 08:00-17:00; PH off",https://filialen.migros.ch/de/migros-supermarkt-bern-egghoelzli,Migros
node,529971961,Migros,Migros,Genossenschaft Migros Luzern,supermarket,Baarerstrasse,22,6300,Zug,47.1731419,8.5183034,Mo-We 08:00-19:00; Th 08:00-20:00; Fr 08:00-19:00; Sa 08:00-17:00,https://filialen.migros.ch/de/migros-supermarkt-zug-metalli,Migros
node,529972279,Coop,Coop,Coop Genossenschaft,supermarket,Baarerstrasse,6,6300,Zug,47.1709854,8.5164346,,,Coop
node,531435952,Coop,Coop,Coop Genossenschaft,supermarket,Luzernerstrasse,8,6343,Rotkreuz,47.1406278,8.4271575,Mo-Th 07:30-19:00; Fr 07:30-20:00; Sa 07:30-17:00,http://standorte.coop.ch/vstinfo/showPrintView.do?betrnr=1119,Coop
node,533620614,Coop,Coop,,supermarket,Dorfstrasse,16,9104,Waldstatt,47.3574037,9.2847714,Mo-Fr 07:30-19:00; Sa 07:30-17:00; Su off,https://www.coop.ch/de/unternehmen/standorte-und-oeffnungszeiten/detail.html/1668/coop-supermarkt-waldstatt.html,Coop
node,534632457,Coop,Coop,,supermarket,Weltpoststrasse,20,3015,Bern,46.9374546,7.4760187,Mo-Fr 07:00-19:00; Sa 07:00-17:00,,Coop
node,536500228,Migros,Migros,Genossenschaft Migros Aare,supermarket,Lyssachstrasse,27,3400,Burgdorf,47.0591662,7.6208073,Mo-We 08:00-19:00; Th 08:00-20:00; Fr 08:00-21:00; Sa 07:30-17:00; PH off,https://filialen.migros.ch/de/migros-supermarkt-burgdorf-neumarkt,Migros
node,536500232,Coop,Coop,,supermarket,,,,,47.0590375,7.6227042,Mo-Fr 07:30-20:00; Sa 07:30-17:00,,Coop
node,536764783,Denner,Denner,,supermarket,Jupiterstrasse,15,3015,Bern,46.9394084,7.4808596,,,Denner
node,537955670,Coop,Coop,,supermarket,Giacomettistrasse,15,3006,Bern,46.9454179,7.4724026,"Mo-Th 08:00-19:00; Fr 08:00-21:00; Sa 08:00-17:00; Su,PH off",https://www.coop.ch/de/standorte/coop-supermarkt-bern-freudenberg/1496_POS,Coop
node,537955675,Migros,Migros,,supermarket,Giacomettistrasse,15,3006,Bern,46.9455422,7.4724059,"Mo-Th 08:00-19:00; Fr 08:00-21:00; Sa 08:00-17:00; Su,PH off",https://filialen.migros.ch/de/migros-supermarkt-bern-freudenberg,Migros
node,538425501,Aldi,Aldi,,supermarket,,,,,46.9905345,6.9304104,"Mo-We,Fr 08:00-19:00; Th 08:00-20:00; Sa 08:00-18:00",,Aldi
node,540597931,Denner,Denner,,supermarket,,,,,46.9613051,7.4529884,Mo-Th 08:00-19:00; Fr 08:00-21:00; Sa 08:00-17:00; Su off,https://www.denner.ch/,Denner
node,540757239,Migros,Migros,Genossenschaft Migros Aare,supermarket,Wankdorffeldstrasse,71,3014,Bern,46.9657564,7.4636343,"Mo-Th 08:00-19:00, Fr 08:00-20:00, Sa 08:00-17:00; PH off",https://filialen.migros.ch/de/migros-supermarkt-bern-winkelried,Migros
node,540988144,Coop,Coop,Coop Genossenschaft,supermarket,Hauptstrasse,95,4147,Aesch,47.4693583,7.5955183,"Mo-Fr 08:00-20:00, Sa 07:30-18:00",https://www.coop.ch/de/standorte/coop-supermarkt-aesch/1070_POS,Coop
node,540988152,Migros,Migros,Genossenschaft Migros Basel,supermarket,Hauptstrasse,95,4147,Aesch BL,47.4691204,7.5954926,"Mo-Fr 08:00-20:00, Sa 07:30-18:00; PH off",https://filialen.migros.ch/de/migros-supermarkt-aesch,Migros
node,544246178,Migros,Migros,Genossenschaft Migros Aare,supermarket,Hintergasse,12,5615,Fahrwangen,47.2941009,8.2442351,"Mo-Fr 08:00-19:00, Sa 08:00-17:00; PH off",https://filialen.migros.ch/de/migros-supermarkt-fahrwangen,Migros
node,546161433,Lidl,Lidl,,supermarket,Grubenstrasse,28,8045,Zürich,47.3617716,8.5149344,Mo-Sa 07:30-21:00,https://www.lidl.ch/,Lidl
node,548919417,Migros,Migros,Genossenschaft Migros Ostschweiz,supermarket,Wülflingerstrasse,71,8400,Winterthur,47.5068626,8.7122083,Mo-Fr 07:30-20:00; Sa 07:30-18:00; PH off,https://filialen.migros.ch/de/migros-supermarkt-winterthur-blumenau,Migros
node,561017124,Migros,Migros,Genossenschaft Migros Zürich,supermarket,Unterdorfstrasse,7,8600,Dübendorf,47.3979838,8.6177326,Mo-Sa 08:00-20:00; PH off,https://filialen.migros.ch/de/migros-supermarkt-duebendorf,Migros
node,561017126,Denner,Denner,,supermarket,,,,,47.3983439,8.618082,Mo-Sa 08:00-20:00,,Denner
node,563266405,Coop,Coop,,supermarket,Gösgerstrasse,5,5012,Schönenwerd,47.3734298,8.0017439,"Mo-We,Fr 07:30-18:30; Th 07:30-20:00; Sa 07:30-18:00",,Coop
node,563992879,Denner,Denner,,supermarket,,,,,47.5117624,8.4778656,,,Denner
node,566472206,Denner,Denner,,supermarket,Rosengartenstrasse,4,8805,Richterswil,47.2099754,8.7038152,Mo-Fr 08:00-20:00; Sa 08:00-18:00,,Denner
node,566741038,Coop,,,supermarket,,,,,47.0205148,7.4980778,Mo-Fr 06:30-19:00; Sa 08:00-17:00; Su off,,Coop
node,567438441,Denner,Denner,,supermarket,,,,,47.0206799,7.5002265,,,Denner
node,567832711,Coop,Coop,,supermarket,Wigartenstrasse,10,8117,Fällanden,47.3707637,8.6421588,Mo-Sa 07:00-20:00,,Coop
node,568021839,ALDI,ALDI,ALDI SUISSE AG,supermarket,Bernstrasse,160,3052,Zollikofen,46.9979566,7.4603159,"Mo-Fr 08:00-20:00; Sa 08:00-17:00; Su,PH off",https://www.aldi-suisse.ch/de/infos-und-services/infos/filialsuche-und-oeffnungszeiten/,Aldi
node,574322629,Coop,,,supermarket,,,,,47.4150696,8.0479275,,,Coop
node,574865773,Coop,Coop,,supermarket,,,,,47.4185301,8.3918986,Mo-Sa 08:00-21:00; PH closed,,Coop
node,577374846,Coop,Coop,Coop,supermarket,,,,,46.996772,6.9360608,Mo-Su 06:00-22:00; 2026 Sep 03-2026 Nov 05 closed,,Coop
node,582822241,Coop,Coop,,supermarket,Avenue Cardinal-Mermillod,40,,Carouge GE,46.1854644,6.1440651,Mo-We 07:30-19:00; Th 07:30-20:00; Fr 07:30-19:30; Sa 07:30-18:00,,Coop
node,584796979,Migros,Migros,Genossenschaft Migros Basel,supermarket,Schützenmattstrasse,27,4051,Basel,47.5560278,7.5813063,"Mo-Fr 08:00-19:00, Sa 07:30-18:00; PH off",https://filialen.migros.ch/de/migros-supermarkt-basel-schuetzenmatt,Migros
node,588346338,Coop Solothurn Rosengarten,Coop,,supermarket,Rossmarktplatz,19,,,47.2046237,7.5384445,Mo-Fr 07:00-18:30; Th 07:00-20:00; Sa 07:30-18:00; PH off,,Coop
node,594574148,Migros,Migros,Genossenschaft Migros Luzern,supermarket,Bahnhofstrasse,28,6210,Sursee,47.1728168,8.1021662,Mo-Fr 08:00-19:00; Th 08:00-21:00; Sa 08:00-17:00; PH off,https://filialen.migros.ch/de/migros-supermarkt-surseepark,Migros
node,597610054,Migros,Migros,,supermarket,Bahnhofstrasse,2,9443,Widnau,47.4073439,9.6290194,Mo-Th 08:00-19:00; Fr 08:00-20:00; Sa 08:00-17:00,https://filialen.migros.ch/de/migros-supermarkt-widnau-rhydorf-center,Migros
node,598704140,Coop,Coop,,supermarket,Route d'Orbe,4,1040,Echallens,46.6417695,6.6310578,Mo-Fr 07:30-19:00; Sa 07:30-18:00,,Coop
node,598706341,Migros,Migros,Genossenschaft Migros Basel,supermarket,Rue de la Maltière,12,2800,Delémont,47.363496,7.346629,Mo-Fr 08:00-18:30; Th 08:00-20:00; Sa 07:30-17:00; PH off,https://filialen.migros.ch/fr/supermarche-migros-delemont,Migros
node,598706342,Denner,Denner,,supermarket,,,,,47.3646647,7.3479784,,,Denner
node,599946021,Coop,Coop,Coop Genossenschaft,supermarket,,,,,47.2741112,8.4456421,,,Coop
node,601508844,Migros,Migros,Genossenschaft Migros Aare,supermarket,,,,,46.9933627,7.4569972,"Mo-Fr 08:00-19:00; Sa 07:30-17:00; Su,PH off",,Migros
node,601509797,Denner,Denner,,supermarket,,,,,46.9931313,7.4569128,"Mo-Fr 08:00-19:00; Sa 07:30-17:00; Su,PH off",,Denner
node,601509798,Coop,Coop,,supermarket,Märitgasse,1,3052,Zollikofen,46.9971474,7.4587272,Mo-Th 07:00-19:00; Fr 07:00-20:00; Sa 07:00-17:00,,Coop
node,602843372,Coop,Coop,Coop,supermarket,,,,,46.8369492,9.4520372,Mo-Fr 08:00-20:00; Sa 08:00-18:30,,Coop
node,606149635,Coop,Coop,,supermarket,,,,,46.5319179,9.870605,Mo-Fr 08:00-19:00; Sa 08:00-18:00; Su 09:00-18:00,,Coop
node,612820572,Migros,Migros,,supermarket,Avenue Ritz,31,1950,Sion,46.2358664,7.3597285,"Mo-Fr 07:30-18:30; Sa 07:30-17:00; Su, PH off",https://www.migros.ch/,Migros
node,613344816,Coop,Coop,,supermarket,,,,,46.821109,7.1528103,Mo-We 08:00-19:00; Th 08:00-20:00; Fr 08:00-19:00; Sa 08:00-16:00,https://www.coop.ch/fr/entreprise/adresses-et-horaires/detail.html/2562/coop-supermarkt-granges-paccot.html,Coop
node,613378203,Denner,Denner,,supermarket,,,,,46.7948505,7.2599002,,https://www.denner.ch/de/filialen/denner-filiale-und-oeffnungszeiten/store/hauptstrasse-54-1715-alterswil-fr/,Denner
node,614262868,Coop,Coop,,supermarket,,,,,47.4991969,7.5544404,Mo-Fr 08:00-19:00; Sa 07:30-18:00,,Coop
node,614828024,Coop,Coop,Coop Genossenschaft,supermarket,Hirzenbachstrasse,40,8051,Zürich,47.4034212,8.5893605,Mo-Sa 07:30-20:00,https://coop.ch,Coop
node,614862188,Coop,Coop;wikidata=Q432564,Coop,supermarket,Papiermühlestrasse,85,3014,Bern,46.9635406,7.4651959,Mo-Th 08:00-20:00; Fr 08:00-21:00; Sa 08:00-17:00; Su off,,Coop
node,618770878,Migros,Migros,Genossenschaft Migros Ostschweiz,supermarket,Churerstrasse,10,9470,Buchs SG,47.1640212,9.4725617,"Mo-Tu,Th 08:00-19:00, We,Fr 08:00-20:00, Sa 08:00-17:00; PH off",https://filialen.migros.ch/de/migros-supermarkt-buchs-sg,Migros
node,618785869,Coop,Coop,,supermarket,,,,,47.1661545,9.4731905,"Mo,Tu,Th 07:30-19:00; We,Fr 07:30-20:00; Sa 07:30-17:00",,Coop
node,618839196,Aldi,Aldi,Aldi Suisse,supermarket,,,,,47.3869071,8.0818378,Mo-Sa 08:00-20:00; PH off,https://www.aldi-suisse.ch/,Aldi
node,619528605,Coop,,Coop Genossenschaft,supermarket,In der Ey,85,8047,Zürich,47.3702753,8.4920191,Mo-Sa 07:30-20:00,http://standorte.coop.ch/vstinfo/showMap.do?betrnr=2580,Coop
node,619538054,Denner,Denner,Denner,supermarket,Mittlere Dorfstrasse,7,5034,Suhr,47.3746041,8.0776608,Mo-Fr 07:30-19:00; Sa 07:30 - 18:00,https://www.denner.ch/,Denner
node,620036533,Coop,Coop,,supermarket,,,,,47.334174,8.025117,,,Coop
node,620039087,Coop,Coop,Coop Genossenschaft,supermarket,Schützenmatte,,6362,Stansstad,46.975581,8.3417335,"Mo-Fr 07:30-19:00, Sa 07:30-18:00; PH off",,Coop
node,623872888,Migros,Migros,Genossenschaft Migros Zürich,supermarket,Rütistrasse,16,8634,Hombrechtikon,47.2519351,8.7695926,Mo-Sa 08:00-19:00; PH off,https://filialen.migros.ch/de/migros-supermarkt-hombrechtikon,Migros
node,624689663,Migros,Migros,,supermarket,,,,,46.6059832,6.2308104,Mo-Fr 07:30-18:30; Sa 07:30-18:00,,Migros
node,625987651,Denner,Denner,,supermarket,Grand-Rue,40,1347,Le Sentier,46.6080329,6.2314541,"Mo-Fr 08:00-12:30,13:30-18:30; Sa 08:00-17:00",,Denner
node,626075546,Coop,Coop,,supermarket,Rue de Carouge,12,,Genève,46.1968712,6.1425339,Mo-Sa 08:00-19:00,https://www.coop.ch/fr/entreprise/adresses-et-horaires/detail.html/6116/coop-city-city-geneve-plainpalais.html,Coop
node,629208307,Migros,Migros,Genossenschaft Migros Basel,supermarket,Mühlemattstrasse,18,4104,Oberwil BL,47.5098844,7.554625,Mo-Sa 08:00-20:00; PH off,https://filialen.migros.ch/de/migros-supermarkt-oberwil,Migros
node,629231105,Coop,Coop,,supermarket,,,,,47.5148916,7.5583452,Mo-Sa 07:00-20:00,,Coop
node,630425365,Denner,Denner,,supermarket,,,,,46.1894889,6.1165247,Mo-We 07:30-19:00; Th 07:30-20:00; Fr 07:30-19:30; Sa 07:30-18:00,,Denner
node,630425366,Coop,Coop,Coop Société Coopérative,supermarket,Place des Ormeaux,3,,Petit-Lancy,46.1903282,6.1195706,Mo-We 07:30-19:00; Th 07:30-20:00; Fr 07:30-19:30; Sa 07:30-18:00,https://www.coop.ch/fr/magasins/coop-supermarche-petit-lancy/1768_POS,Coop
node,630621077,Coop,Coop,,supermarket,,,,,46.1819051,6.1203549,Mo-We 07:30-19:00; Th 07:30-20:00; Fr 07:30-19:30; Sa 07:30-18:00,,Coop
node,631092302,Coop,Coop,,supermarket,Rue des Bossons,17-19,1213,Onex,46.187479,6.1046981,Mo-We 07:30-19:00; Th 07:30-21:00; Fr 07:30-19:30; Sa 07:30-18:00,,Coop
node,632708467,Coop,Coop,Coop Genossenschaft,supermarket,Seehofstrasse,14,6330,Cham,47.1814359,8.4617688,Mo-Th 08:00-19:00; Fr 08:00-20:00; Sa 07:30-17:00; Su off,,Coop
node,635745470,ALDI,ALDI,ALDI SUISSE AG,supermarket,Eigerstrasse,82,3007,Bern,46.9399952,7.4409008,Mo-Fr 07:30-20:00; Sa 07:30-17:00,https://www.aldi-suisse.ch,Aldi
node,639144592,Migros,Migros,Genossenschaft Migros Zürich,supermarket,Winterthurerstrasse,524,8051,Zürich,47.4037955,8.5730423,Mo-Sa 08:00-20:00; PH off,https://filialen.migros.ch/de/migros-supermarkt-zuerich-schwamendingen,Migros
node,639144666,Denner,Denner,,supermarket,Winterthurerstrasse,524,8051,Zürich,47.403979,8.5727162,Mo-Sa 08:00-20:00,https://www.denner.ch/,Denner
node,643857098,Migros,Migros,,supermarket,,,,,46.4736419,6.4258162,Mo 08:30-19:00; Tu 08:30-19:00; We 08:30-19:00; Th 08:30-20:00; Fr 08:30-19:00; Sa 08:00-19:00,https://filialen.migros.ch/fr/supermarche-migros-etoy,Migros
node,647715625,Denner,Denner,,supermarket,,,,,46.782426,9.6797876,Mo-Fr 08:00-19:00; Sa 08:00-18:00,,Denner
node,647715633,Coop,Coop,,supermarket,,,,,46.7787752,9.6773306,Mo-Fr 08:00-19:00; Sa 08:00-18:00,,Coop
node,649318758,Coop,Coop,,supermarket,Bahnhofstrasse,41,8305,Dietlikon,47.4219581,8.6186754,Mo-Sa 07:30-20:00,,Coop
node,649777556,Coop,Coop,,supermarket,Grand-Rue,,1180,Rolle,46.4584039,6.3378845,,,Coop
node,651273252,Coop,Coop,Coop Genossenschaft,supermarket,Badenerstrasse,15,8004,Zürich,47.3732882,8.5305624,Mo-Sa 08:00-22:00; PH off,https://www.coop.ch/de/standorte/coop-supermarkt-zuerich-stauffacher/1412_POS,Coop
node,651644038,Migros,Migros,Genossenschaft Migros Aare,supermarket,Igelweid,18,5000,Aarau,47.3916942,8.046187,Mo-Fr 08:00-19:00; Sa 08:00-18:00,https://filialen.migros.ch/de/migros-supermarkt-aarau-igelweid,Migros
node,653154477,Denner,Denner,,supermarket,,,,,46.186525,6.1099949,"Mo-We 08:00-19:00; Th, Fr 08:00-19:30; Sa 08:00-18:00",,Denner
node,653154754,Aldi,Aldi Suisse,Aldi Suisse SA,supermarket,Route de Chancy,71,,Petit-Lancy,46.187181,6.1112678,,https://www.aldi-suisse.ch/fr/filiales-et-heures-douverture/l/petit-lancy/route-de-chancy-71/e447,Aldi
node,659862626,Coop,Coop,Coop Genossenschaft,supermarket,Albisriederstrasse,334,8047,Zürich,47.3758541,8.487038,Mo-Sa 08:00-20:00,,Coop
node,660174913,Coop,Coop,Coop Genossenschaft,supermarket,Bahnhofstrasse,7,6312,Steinhausen,47.1963548,8.4828142,Mo-Th 07:30-19:00; Fr 07:30-21:00; Sa 07:30-17:00,,Coop
node,660455574,Migros,Migros,Migros,supermarket,Rorschacher Strasse,249,9016,St. Gallen,47.4371841,9.4051513,Mo-Fr 07:30-19:00; Sa 07:30-17:00; Su off,,Migros
node,661056247,Migros,Migros,Genossenschaft Migros Basel,supermarket,Burgfelderstrasse,11,4055,Basel,47.5623042,7.5728438,"Sa 07:30-18:00; Su,PH off",https://filialen.migros.ch/de/migros-supermarkt-basel-burgfelder,Migros
node,661094293,Denner,Denner,,supermarket,Lukasstrasse,,9016,St. Gallen,47.4372676,9.4046412,Mo-Fr 07:30-19:00; Sa 07:30-17:00,,Denner
node,661250753,Coop,Coop,,supermarket,,,,,46.4901528,9.8349925,Mo-Th 08:00-19:00; Fr 08:00-20:00; Sa 08:00-18:00; Su 11:00-18:00,,Coop
node,661995247,Migros,Migros,Genossenschaft Migros Aare,supermarket,Landstrasse,69,5430,Wettingen,47.4673647,8.3244562,Mo-Sa 08:00-20:00; PH off,https://filialen.migros.ch/de/migros-supermarkt-wettingen-landstrasse,Migros
node,661995248,Denner,Denner,,supermarket,,,,,47.466772,8.3249116,Mo-Sa 08:00-20:00; PH closed,,Denner
node,663576422,Coop,Coop,,supermarket,,,,,46.9410888,7.4313753,Mo-Fr 07:00-20:00; Sa 07:00-17:00; Su off; PH off,,Coop
node,664446565,Coop,Coop,,supermarket,Bahnhofstrasse,33,8636,Wald ZH,47.2737527,8.914786,Mo-Sa 07:30-20:00,,Coop
node,666998648,Denner,Denner,Denner AG,supermarket,,,,,46.9364877,7.4327684,Mo-Fr 08:00-19:00; Sa 08:00-17:00; Su off; PH off,https://www.denner.ch/de/filialen/store/seftigenstrasse-45-3007-bern/,Denner
node,667410777,Migros,Migros,Genossenschaft Migros Aare,supermarket,Seftigenstrasse,1,3007,Bern,46.9400687,7.4319625,Mo-Fr 07:00-20:00; Sa 07:00-17:00,https://filialen.migros.ch/de/migros-supermarkt-bern-eigerplatz,Migros
node,668900325,Coop,Coop,,supermarket,,,,,47.2032898,7.5588771,Mo-Fr 07:00-18:30; Sa 07:30-17:00,,Coop
node,668900326,Migros,Migros,Genossenschaft Migros Aare,supermarket,Hauptstrasse,60-62,4528,Zuchwil,47.2034641,7.5603451,"Mo-Fr 08:00-18:30, Sa 07:30-18:00; PH off",https://filialen.migros.ch/de/migros-supermarkt-zuchwil,Migros
node,668943412,Coop,Coop,Coop Genossenschaft,supermarket,Maihofstrasse,1,6006,Luzern,47.0614224,8.3083616,Mo-Fr 07:30-18:30; Sa 07:30-16:00,https://coop.ch/,Coop
node,668977849,Coop,Coop,Coop Genossenschaft,supermarket,Hellgasse,3,6460,Altdorf UR,46.8809204,8.6454171,Mo-Th 07:30-18:30; Fr 07:30-21:00; Sa 07:30-17:00; PH off,,Coop
node,672211749,Lidl,Lidl,,supermarket,Sagistrasse,10,,Baar,47.1850241,8.5178011,Mo-Th 07:30-19:00; Fr 07:30-21:00; Sa 07:30-17:00,,Lidl
node,676201495,Coop,,,supermarket,Bahnhofplatz,6,3920,,46.0235437,7.7484443,Mo-Su 08:00-20:00,,Coop
node,679787398,Denner,Denner,,supermarket,Brunnmattstrasse,22-24,,Bern,46.944952,7.426814,Mo-Fr 07:00-20:00; Sa 08:00-17:00,,Denner
node,688619499,Denner,Denner,Denner SA,supermarket,Rue du Vicaire-Savoyard,2,,Genève,46.2046388,6.1233132,Mo-We 07:30-19:00; Th 07:30-20:00; Fr 07:30-19:30; Sa 07:30-18:00,https://www.denner.ch/fr/succursales/1203-geneve-st.jean~s1144881,Denner
node,688621578,Coop,Coop,Coop Société Coopérative,supermarket,Avenue du Devin-du-Village,1,1203,Genève,46.2040409,6.1245627,Mo-We 07:30-19:00; Th 07:30-20:00; Fr 07:30-19:30; Sa 07:30-18:00,https://www.coop.ch/fr/entreprise/adresses-et-horaires/detail.html/1766/coop-supermarche-geneve-saint-jean.html,Coop
node,689032982,Coop,Coop,,supermarket,,,,,46.1691,8.7946582,Mo-Fr 08:00-19:00; Sa 08:00-18:30,,Coop
node,689077812,Coop,Coop,,supermarket,,,,,46.0673644,7.7761025,Mo-Sa 08:00-18:30; Su 16:00-18:30,,Coop
node,692966432,Coop,Coop,,supermarket,Rue de Montchoisy,35,1207,Genève,46.204328,6.1619852,Mo-We 07:30-19:00; Th 07:30-20:00; Fr 07:30-19:30; Sa 07:30-18:00,https://www.coop.ch/fr/entreprise/adresses-et-horaires/detail.html/1295/coop-supermarche-geneve-montchoisy.html,Coop
node,696965320,Denner,Denner,Denner,supermarket,Hauptstrasse,2,4414,Füllinsdorf,47.502646,7.7273122,,https://www.denner.ch/,Denner
node,697447471,Migros Partner,,,supermarket,Lachenstrasse,1,4056,Basel,47.5681849,7.5698764,"Mo-Fr 08:00-19:00, Sa 08:00-18:00, Su 09:00-18:00",https://filialen.migros.ch/de/migros-partner-basel-lachenstrasse,Migros
node,697447474,Denner,Denner,,supermarket,,,,,47.5686765,7.5695506,Mo-Sa 08:00-20:00; Su 10:00-18:00,,Denner
node,698552416,Coop,Coop,Coop Genossenschaft,supermarket,,,,,47.5606982,7.575696,Mo-Fr 07:30-20:00;Sa 07:30-18:00;PH off,,Coop
node,701408310,Denner,Denner,,supermarket,,,,,46.9169559,7.0224237,,,Denner
node,702121796,Denner,Denner,,supermarket,,,,,46.0168254,8.9410797,"Mo-We, Fr 07:30-19:00; Th 07:30-21:00; Sa 07:30-18:30",,Denner
node,702121805,Migros,,,supermarket,,,,,46.0163953,8.9411898,"Mo-We, Fr 07:30-19:00; Th 07:30-20:00; Sa 07:30-18:30",,Migros
node,702374477,Migros,Migros,,supermarket,Bahnhofstrasse,15,2502,Biel/Bienne,47.1350486,7.2443027,Mo-Fr 07:00-20:00; Sa 07:00-17:00; Su off,https://filialen.migros.ch/de/migros-supermarkt-biel-bielerhof/,Migros
node,702400147,Migros,Migros,Genossenschaft Migros Aare,supermarket,Freiestrasse,10,2540,Grenchen,47.1897028,7.399181,"Mo-Th 08:00-18:30, Fr 08:00-21:00, Sa 07:30-18:00; PH off",https://filialen.migros.ch/de/migros-supermarkt-grenchen,Migros
node,703717472,Coop,Coop,Coop,supermarket,Vogesenplatz,10,4056,Basel,47.5705577,7.5733861,Mo-Fr 07:30-20:00; Sa 07:30-18:00,,Coop
node,704656423,Migros,Migros,Genossenschaft Migros Ostschweiz,supermarket,Bahnhofstrasse,56-58,8200,Schaffhausen,47.6988386,8.6340912,"Mo-Fr 07:30-19:30, Sa 07:30-18:00; PH off",https://filialen.migros.ch/de/migros-supermarkt-schaffhausen-vorstadt,Migros
node,705144659,Migros,Migros,Genossenschaft Migros Aare,supermarket,,,,,47.1195458,7.266645,Mo-Th 08:30-20:00; Fr 08:30-21:00; Sa 08:00-17:00,,Migros
node,705187488,Migros Bözingen / Boujean,Migros,,supermarket,,,,,47.1519954,7.2671451,Mo-Fr 08:00-19:00; Sa 07:30-17:00,,Migros
node,706203439,Coop,,Coop Genossenschaft,supermarket,Bankstrasse,8/12,8400,Winterthur,47.5008483,8.7259378,Mo-Fr 08:30-20:00; Sa 08:00-20:00,https://www.coop.ch/de/services/standorte-und-oeffnungszeiten/detail.html/1923/coop-supermarkt-winterthur-stadtgarten.html,Coop
node,707091144,Coop,Coop,Coop Société Coopérative,supermarket,Rue du Village,26,,Vernier,46.2145319,6.0829705,Mo-We 08:00-19:00; Th 08:00-20:00; Fr 08:00-19:30; Sa 08:00-18:00; Su off,https://www.coop.ch/fr/entreprise/adresses-et-horaires/detail.html/1441/coop-supermarche-vernier.html,Coop
node,707688647,Coop,Coop,Coop,supermarket,,,,,47.5659947,7.5621322,Mo-Fr 07:30-19:00; Sa 07:30-18:00,,Coop
node,707688653,Coop,Coop,,supermarket,Elsässerstrasse,36,4056,Basel,47.5690946,7.5796433,Mo-Fr 07:30-20:00; Sa 07:30-18:00,,Coop
node,707688659,Migros,Migros,Genossenschaft Migros Basel,supermarket,Mülhauserstrasse,70-72,4056,Basel,47.5683624,7.5794364,Mo-Fr 07:30-20:00; Sa 07:00-18:00,https://filialen.migros.ch/de/migros-supermarkt-basel-muelhauser,Migros
node,711672637,Denner,Denner,Denner,supermarket,,,,,47.119501,7.2674777,Mo-Th 08:30-20:00; Fr 08:30-21:00; Sa 08:00-17:00,,Denner
node,713981267,Coop,Coop,Coop Genossenschaft,supermarket,Brünigstrasse,42,6074,Giswil,46.837599,8.1860203,Mo-Fr 07:00-19:00; Sa 07:00-18:00,https://www.coop.ch/de/standorte/coop-supermarkt-giswil/4956_POS,Coop
node,723124725,Migros,Migros,Migros,supermarket,,,,,46.1806002,8.8506817,"Mo, Tu, We, Fr 08:00-19:00; Th 08:00-20:00; Sa 08:00-18:30; Su off",https://filialen.migros.ch/de/migros-supermarkt-tenero,Migros
node,723124727,Coop,Coop,,supermarket,,,,,46.1750373,8.8548613,Mo-Fr 08:00-19:00; Th 08:00-21:00; Sa 08:00-18:30,,Coop
node,723124737,Denner,Denner,,supermarket,,,,,46.1778678,8.8533198,Mo-Fr 08:00-18:30; Sa 08:00-17:00,,Denner
node,726288110,Coop,,,supermarket,Turbenweg,1,3073,Gümligen,46.9333836,7.5036085,Mo-Th 08:00-19:00; Fr 08:00-21:00; Sa 08:00-17:00,http://www.coop.ch/pb/site/vstinfo/node/76518709/Lde/index.htm?#id=3315,Coop
node,726288113,Migros,Migros,Genossenschaft Migros Aare,supermarket,Turbenweg,1,3073,Gümligen,46.9332941,7.5041936,"Mo-Th 08:00-19:00, Fr 08:00-21:00, Sa 08:00-17:00; PH off",https://filialen.migros.ch/de/migros-supermarkt-guemligen,Migros
node,726293843,Coop,Coop,Coop,supermarket,,,,,46.4823269,6.774769,Mo-Fr 07:30-19:00; Sa 07:30-18:00,,Coop
node,729897788,Coop,Coop,,supermarket,Dorfstrasse,140,8706,Meilen,47.2686992,8.6463179,Mo-Sa 07:00-20:00,,Coop
node,732594357,Migros,Migros,Genossenschaft Migros Ostschweiz,supermarket,Kapplerstrasse,16,9642,Ebnat-Kappel,47.2650506,9.1207326,"Mo-Fr 08:00-19:00, Sa 08:00-17:00; PH off",https://filialen.migros.ch/de/migros-supermarkt-ebnat-kappel,Migros
node,732807266,Coop,,,supermarket,Gillstrasse,2,9642,Ebnat-Kappel,47.2655316,9.1213782,,,Coop
node,738901518,Denner,Denner,Denner AG,supermarket,Baselstrasse,26,6252,Dagmersellen,47.2151493,7.9865815,"Mo-Fr 07:00-19:00, Sa 07:00-17:00, Su off",,Denner
node,738901527,Coop,Coop,Coop Genossenschaft,supermarket,Luzernerstrasse,6,6252,Dagmersellen,47.2121507,7.9903016,,,Coop
node,742375127,Coop,Coop,Coop,supermarket,,,,,45.9735732,8.8795853,,,Coop
node,746707096,Coop,Coop,,supermarket,,,,,46.1034428,7.0771825,Mo-Th 08:15-18:30; Fr 08:15-20:00; Sa 08:00-17:00,,Coop
node,754646977,Coop,,Coop Genossenschaft,supermarket,,,,,47.3270663,8.6015768,Mo-Sa 07:30-20:00,,Coop
node,760692391,Coop,Coop,,supermarket,Rue de la Pontaise,14,1018,Lausanne,46.5293757,6.6305889,Mo-Fr 08:00-19:00; Sa 08:00-18:00,,Coop
node,761492253,Migros,Migros,Genossenschaft Migros Basel,supermarket,Grenzacherstrasse,62,4058,Basel,47.5586733,7.6018528,"Mo-Fr 08:00-19:00, Sa 08:00-17:00; PH off",https://filialen.migros.ch/de/migros-supermarkt-basel-juniors-market,Migros
node,764528274,ALDI,ALDI,Aldi Suisse,supermarket,Industriestrasse,1,5000,Aarau,47.3925901,8.0585382,Mo-Fr 09:00-19:00; Th 09:00-20:00; Sa 09:00-18:00; PH off,https://www.aldi-suisse.ch/,Aldi
node,765330263,Coop,Coop,,supermarket,,,,,47.3085901,8.0512777,Mo-Sa 07:30-20:00,,Coop
node,765330266,Migros,Migros,Genossenschaft Migros Aare,supermarket,Picardiestrasse,3,5040,Schöftland,47.3028814,8.0476665,"Mo-Fr 08:00-19:00, Sa 08:00-17:00; PH off",https://filialen.migros.ch/de/migros-supermarkt-schoeftland,Migros
node,766705800,Coop,Coop,Coop Genossenschaft,supermarket,Sophie-Taeuber-Strasse,4,8050,Zürich,47.4134214,8.5405759,Mo-Sa 07:30-21:00,https://www.coop.ch/de/standorte/coop-supermarkt-zuerich-eleven/2250_POS,Coop
node,767892670,Coop,Coop,,supermarket,,,,,47.1659419,7.7983431,,,Coop
node,769086876,MM Migros - Les Cygnes,Migros,Société Coopérative Migros Genève,supermarket,Rue de Lausanne,18-20,,Genève,46.2110531,6.1447639,"Mo-We 08:30-19:00; Th, Fr 08:30-19:30; Sa 08:30-18:00",https://filialen.migros.ch/fr/supermarche-migros-geneve-les-cygnes,Migros
node,769372130,Denner,Denner,,supermarket,,,,,46.2307181,6.1178788,Mo-We 07:30-19:00; Th 07:30-20:00; Fr 07:30-19:30; Sa 07:30-18:00,,Denner
node,769372135,Coop,Coop,,supermarket,Chemin Edouard-Sarasin,28,,Le Grand-Saconnex,46.2311036,6.1188733,Mo-We 07:30-19:00; Th 07:30-20:00; Fr 07:30-19:30; Sa 07:30-18:00,,Coop
node,773905093,Coop,Coop,,supermarket,,,,,46.6980032,7.1402157,Mo-Th 07:00-19:00; Fr 07:00-20:00; Sa 07:00-16:00,,Coop
node,776432719,Migros,Migros,Société Coopérative Migros Genève,supermarket,Rue du Vidollet,5,,Genève,46.2163221,6.1394568,"Mo-We 07:30-19:00; Th,Fr 07:30-19:30; Sa 07:30-18:00",https://filialen.migros.ch/fr/supermarche-migros-geneve-vidollet/,Migros
node,782961749,Coop,Coop,Coop,supermarket,Via Campagnora,16,6713,Malvaglia,46.412393,8.9774825,Mo-Fr 07:30-19:00; Sa 07:30-18:30,https://www.coop.ch/it/sedi/coop-supermercato-malvaglia/1693_POS,Coop
node,790036550,Migros,Migros,Migros,supermarket,Rue Sonnex,20,1218,Le Grand-Saconnex,46.2288146,6.1200851,Mo-We 08:30-19:00; Th-Fr 08:30-19:30; Sa 08:00-18:00,,Migros
node,794048748,Denner,Denner,Denner,supermarket,Zürcher Strasse,41,9000,St.Gallen,47.4188667,9.3537151,Mo-Fr 07:30-19:00; Sa 07:30-17:00,,Denner
node,795787535,Coop,Coop,,supermarket,Avenue d'Aïre,100,,Genève,46.2061895,6.1162444,Mo-We 07:30-19:00; Th 07:30-20:00; Fr 07:30-19:30; Sa 07:30-18:00,,Coop
node,795789464,Coop,Coop,Coop Société Coopérative,supermarket,Place des Charmilles,1-3,1203,Genève,46.2080457,6.1274888,Mo-We 07:30-19:00; Th 07:30-20:00; Fr 07:30-19:30; Sa 07:30-18:00,https://www.coop.ch/fr/entreprise/adresses-et-horaires/detail.html/2240/coop-supermarche-geneve-charmilles.html,Coop
node,796771382,Coop,Coop,,supermarket,,,,,47.3066083,8.8179159,Mo-Sa 08:00-20:00; PH off,,Coop
node,797682885,Migros,Migros,,supermarket,,,,,46.8073903,9.8380938,Mo-Fr 07:00-20:00; Sa 07:00-18:00,,Migros
node,800656826,Denner,Denner,,supermarket,Heidenbühl,2,8840,Einsiedeln,47.1310282,8.7436436,,https://www.denner.ch/,Denner
node,804534298,Denner,Denner,,supermarket,Hammerstrasse,129,4057,Basel,47.5671248,7.5948273,Mo-Fr 08:00-19:00; Sa 07:30-18:00,,Denner
node,805177065,Migros,Migros,,supermarket,Via San Gottardo,,,,46.1752565,8.8111535,"Mo-We,Fr 08:00-18:30; Th 08:00-20:00; Sa 08:00-18:30",,Migros
node,805177095,Coop,Coop,,supermarket,Via Municipio,,,,46.1751136,8.8123086,Mo-Fr 08:00-19:00; Sa 08:00-18:30,,Coop
node,805177100,Denner,Denner,,supermarket,,,,,46.1754061,8.8100648,"Mo,We,Fr 07:30-19:00; Th 07:30-20:00; Sa 07:30-18:30; Tu 07:30-19:00",,Denner
node,805177106,Coop,Coop,Coop,supermarket,Via Mezzana,30,6616,Losone,46.1673272,8.7624523,,https://www.coop.ch/,Coop
node,805177186,Cattori Coop,,Cattori,supermarket,Via Emmaus,3,6616,Losone,46.1648085,8.7687149,"Mo-We,Fr 08:30-19:00; Th 08:30-20:00; Sa 08:00-18:30",https://www.cattori.ch/,Coop
node,805884912,Migros,Migros,,supermarket,,,,,46.1684821,8.7824406,"Mo, Tu, We, Fr 08:00-19:00; Th 08:00-20:00; Sa 08:00-18:30; Su off",https://filialen.migros.ch/de/migros-supermarkt-solduno,Migros
node,805885072,Coop,Coop,,supermarket,,,,,46.1693347,8.7811263,,,Coop
node,806598496,Migros,Migros,,supermarket,,,,,46.1541722,8.7737223,Su-Fr 08:00-19:00; Sa 08:00-18:30,,Migros
node,809917411,Coop,Coop,,supermarket,,,,,46.3338275,6.8904907,"Mo-Th 07:30-18:30; Fr 07:30-19:30; Sa 07:30-17:00; Su,PH closed",,Coop
node,811027945,Migros,Migros,Coopérative Migros Valais,supermarket,,,,,46.2540164,6.9517507,Mo-Th 08:00-18:30; Fr 08:00-20:00; Sa 08:00-17:00; Su off,https://filialen.migros.ch/de/migros-supermarkt-monthey-m-central,Migros
node,816519383,Coop,Coop,Coop,supermarket,,,,,46.8500382,7.190638,Mo-Th 07:00-19:00;Fr 07:00-20:00;Sa 07:00-16:00;Su off,,Coop
node,820927432,Coop,,Coop,supermarket,,,,,46.8897421,7.3142468,,,Coop
node,821376496,Coop Tafers,,Coop,supermarket,,,,,46.8158114,7.2167431,,,Coop
node,823721572,Coop,Coop,,supermarket,,,,,46.6998807,10.0935563,"Mo-Fr 08:00-12:30,14:00-18:30; Sa 08:00-17:00; Su,PH off",,Coop
node,831519648,Coop,Coop,,supermarket,,,,,46.9405621,7.7783322,Mo-Th 08:00-19:00; Fr 08:00-21:00; Sa 07:30-17:00,,Coop
node,831519655,Migros,Migros,Genossenschaft Migros Aare,supermarket,Schlossstrasse,1a,3550,Langnau i. E.,46.9398302,7.7876463,"Mo-We 08:00-19:00, Th 08:00-20:00, Fr 08:00-21:30, Sa 07:30-17:00; PH off",https://filialen.migros.ch/de/migros-supermarkt-langnau-ie,Migros
node,833359581,Coop,Coop,,supermarket,Grand'Rue,16,1462,Yvonand,46.7999002,6.7453686,Tu-Fr 07:30-18:30; Sa 07:30-17:00,,Coop
node,835610427,ALDI,ALDI,,supermarket,Lochrietstrasse,18,8890,Flums,47.0977177,9.3527532,,https://www.aldi-suisse.ch/,Aldi
node,837957539,Migros,Migros,Genossenschaft Migros Ostschweiz,supermarket,Bleichestrasse,15,8280,Kreuzlingen,47.6421017,9.1957586,Mo-Fr 08:00-20:00; Sa 08:00-18:00,https://filialen.migros.ch/de/migros-supermarkt-kreuzlingen-seepark,Migros
node,838253792,Migros,Migros,,supermarket,,,,,46.0813722,7.213234,"Mo-Fr 08:00-12:30, 13:30-18:30; Sa 08:00-17:00; Su off",https://filialen.migros.ch/de/migros-partner-le-chable,Migros
node,840913865,Coop,Coop,,supermarket,Via San Gottardo,41,6780,Airolo,46.5283611,8.610678,"Mo-Fr 08:00-12:30, 14:00-19:00; Sa 08:00-18:30",,Coop
node,841975023,Migros,Migros,Genossenschaft Migros Zürich,supermarket,Birmensdorferstrasse,87,8902,Urdorf,47.3850141,8.4221039,Mo-Sa 08:00-20:00; PH off,https://filialen.migros.ch/de/migros-supermarkt-urdorf-spitzacker,Migros
node,842943819,Coop,Coop,,supermarket,,,,,47.3654237,7.1551713,Mo-Fr 07:30-18:30; Sa 07:30-17:00,https://www.coop.ch/en/locations/coop-supermarche-saint-ursanne/1762_POS,Coop
node,845054102,Denner,Denner,,supermarket,,,,,47.7059522,8.6189969,Mo-Fr 08:00-20:00; Sa 08:00-18:00; Su off,https://www.denner.ch/de/filialen/storecontroller/Stores/storeaction/detail/storeUid/699/,Denner
node,845054109,Coop,Coop,Coop Genossenschaft,supermarket,,,,,47.7039544,8.6155171,Mo-Fr 08:00-19:00; Sa 08:00-18:00; Su off,https://www.coop.ch/de/services/standorte-und-oeffnungszeiten/detail.html/schaffhausen-riet?id=1334,Coop
node,847024491,Coop,Coop,,supermarket,Avenue du Parc-de-la-Rouvraie,3,1018,Lausanne,46.5308968,6.6345902,Mo-Fr 07:30-19:00; Sa 07:30-18:00,,Coop
node,847518306,Denner,Denner,,supermarket,Chemin Isabelle-de-Montolieu,115,1010,Lausanne,46.5437951,6.6470484,,,Denner
node,849788487,Migros,Migros,,supermarket,,,,,46.2505448,7.3522935,Mo-Th 07:30-18:30; Fr 07:30-19:30; Sa 07:30-17:00,https://www.migros.ch,Migros
node,850629367,Coop,Coop,,supermarket,,,,,46.7618198,6.8904797,,,Coop
node,853419954,Coop,Coop,Coop,supermarket,,,,,46.1248107,7.9370751,Mo-Sa 08:00-18:30; Su 15:00-18:30,,Coop
node,859708798,Coop,Coop,,supermarket,Rue de la Gare,24,,,47.2096404,6.9998959,,,Coop
node,859708799,Migros,Migros,,supermarket,,,,,47.2544734,7.0006861,Mo-Th 08:00-18:30; Fr 08:00-20:00; Sa 07:30-17:00,,Migros
node,861391136,Coop,Coop,,supermarket,,,,,46.3230381,7.9892174,,,Coop
node,861795391,Denner Express,Denner,,supermarket,,,,,47.2911866,8.5377315,,,Denner
node,862942472,Aldi,ALDI,Aldi Suisse,supermarket,Oberdorf,54,8752,Näfels,47.0924335,9.0585806,Mo-Sa 07:30-20:00; PH off,https://www.aldi-suisse.ch/,Aldi
node,868369556,Coop,Coop,Coop,supermarket,Unterdorfstrasse,18,5703,Seon,47.3476817,8.1616576,"Mo-Fr 07:30-20:00, Sa 07:30-18:00",,Coop
node,870967108,Denner,Denner,Denner,supermarket,,,,,47.0532293,7.6204645,Mo-Fr 08:00-20:00; Sa 07:30-17:00,,Denner
node,874369070,Coop,Coop,Coop Société Coopérative,supermarket,,,,,46.3838712,6.9241754,"Mo-Th 07:30-19:30, Fr 07:30-20:00, Sa 07:30-18:00; PH off",,Coop
node,875362377,Coop,Coop,,supermarket,Route de Meyrin,,1217,Meyrin,46.2285104,6.0725738,Mo-We 07:30-19:00; Th 07:30-20:00; Fr 07:30-19:30; Sa 07:30-18:00,,Coop
node,880838966,Migros,Migros,,supermarket,,,,,46.2455532,8.7053665,Mo-Fr 08:00-19:00; Sa 08:00-18:30; Su 08:00-19:00,,Migros
node,881410105,Migros,Migros,,supermarket,,,,,46.7664157,6.6503122,Mo-Fr 07:30-18:30; Sa 07:30-18:00; Su off,https://filialen.migros.ch/de/migros-supermarkt-yverdon-sud,Migros
node,883218919,Coop,Coop,,supermarket,,,3600,,46.757382,7.629943,"Mo-We, Fr 07:00-19:00; Th 07:00-20:00; Sa 07:00-17:00",https://coop.ch/,Coop
node,883456577,Migros,Migros,,supermarket,,,,,47.0042717,6.9557712,Mo-We 07:30-19:00; Th 07:30-20:00; Fr 07:30-19:00; Sa 07:30-18:00; Su off,https://filialen.migros.ch/de/migros-supermarkt-portes-rouges,Migros
node,886099069,Migros,Migros,,supermarket,,,,,46.3112491,7.6414568,"Mo-Fr 08:00-12:00, 13:30-18:30; Sa 08:00-17:00; Su off",https://filialen.migros.ch/de/migros-partner-susten,Migros
node,890727503,Migros,Migros,,supermarket,,,,,46.8197654,6.5020486,Mo-Fr 08:00-19:00; Sa 08:00-18:00; Su off,https://filialen.migros.ch/de/migros-supermarkt-sainte-croix,Migros
node,891896182,Migros,Migros,Genossenschaft Migros Zürich,supermarket,Zürichstrasse,108,8123,Ebmatingen,47.3508913,8.6431507,Mo-Sa 08:00-20:00; PH off,https://filialen.migros.ch/de/migros-supermarkt-ebmatingen,Migros
node,892939870,Denner,Denner,Denner SA,supermarket,Rue de Vermont,2,,Genève,46.2149955,6.1342617,Mo-We 07:30-19:00; Th 07:30-20:00; Fr 07:30-19:30; Sa 07:30-18:00,https://www.denner.ch/fr/succursales/1202-geneve~s1145258,Denner
node,896790649,Coop,Coop,Coop Genossenschaft,supermarket,,,,Brugg AG,47.4817627,8.2087864,,https://www.coop.ch/de/,Coop
node,897238528,Denner,Denner,,supermarket,,,,,47.252907,8.6959699,Mo-Fr 08:00-20:00; Sa 07:30-18:00,,Denner
node,897667906,Migros,Migros,,supermarket,,,,,46.0097799,8.9390942,Mo-Fr 07:30-19:00; Sa 07:30-18:30; Su off,https://filialen.migros.ch/de/migros-supermarkt-radio,Migros
node,898008635,Coop Pronto,Coop,,supermarket,,,,,46.6853834,7.8558964,Mo-Su 07:00-22:30,,Coop
node,898174751,Migros,Migros,Genossenschaft Migros Aare,supermarket,Louis-Giroud-Strasse,20,4600,Olten,47.346669,7.9094486,"Mo-We,Fr 08:00-18:30; Th 08:00-20:00; Sa 08:00-18:00",https://filialen.migros.ch/de/migros-supermarkt-olten-saelipark,Migros
node,898174786,Coop,Coop,Coop Genossenschaft,supermarket,,,,,47.3469908,7.9087056,"Mo-We,Fr 07:00-18:30; Th 07:00-20:00; Sa 07:00-18:00",,Coop
node,903622917,Aldi,Aldi,,supermarket,Frutigenstrasse,46C;46a,3600,Thun,46.7470445,7.6260823,Mo-Fr 08:00-20:00; Sa 08:00-17:00; Su off,,Aldi
node,909070437,Denner,Denner,Denner,supermarket,,,,,46.0121236,8.9351674,,,Denner
node,911115979,Coop,Coop,,supermarket,,,,,46.5227215,6.6302822,Mo-Fr 08:00-19:00; Sa 07:00-18:00,,Coop
node,917957376,Coop,Coop,,supermarket,,,,,46.3981642,6.925489,,,Coop
node,918370719,Coop,Coop,,supermarket,,,,,47.3607025,8.0522798,Mo-Fr 08:00-20:00; Sa 07:30-20:00; PH closed,,Coop
node,921188281,Coop,Coop,,supermarket,Schützenweg,3,3123,Belp,46.8933861,7.4975955,Mo-Th 08:00-19:00; Fr 08:00-20:00; Sa 08:00-17:00,,Coop
node,922264343,Migros,Migros,,supermarket,Avenue Vibert,29,1227,Carouge GE,46.1824564,6.1344159,"Mo-We, Fr 08:30-19:00; Sa 08:30-18:00; Th 08:30-20:00",https://filialen.migros.ch/fr/supermarche-migros-carouge-vibert,Migros
node,922783656,Migros,Migros,Genossenschaft Migros Aare,supermarket,Steinbachstrasse,28,3123,Belp,46.8966085,7.4931656,"Mo-Th 08:00-19:00, Fr 08:00-21:00, Sa 07:30-17:00; PH off",https://filialen.migros.ch/de/migros-supermarkt-belp-2,Migros
node,925101595,Coop,Coop,,supermarket,Geeligstrasse,,5412,Gebenstorf,47.4896179,8.2449485,Mo-Fr 08:00-20:00; Sa 07:30-18:00,,Coop
node,926918972,Lidl,Lidl,,supermarket,Ohmstrasse,11,8050,Zürich,47.4103223,8.5456832,Mo-Fr 09:00-20:00; Sa 09:00-18:00,https://www.lidl.ch/,Lidl
node,926957905,Coop,Coop,Coop Genossenschaft,supermarket,,,,,47.407567,8.5491079,Mo-Sa 07:00-20:00,,Coop
node,927180538,Coop,Coop,coop,supermarket,,,,,46.3119413,7.4839626,Mo-Su 08:00-19:00,,Coop
node,927225200,Migros,Migros,Société Coopérative Migros Genève,supermarket,Rue de la Terrassière,27,1207,Genève,46.2007379,6.159064,Mo-We 07:30-19:00; Th 07:30-20:00; Fr 07:30-19:30; Sa 07:30-18:00,https://filialen.migros.ch/fr/supermarche-migros-geneve-villereuse/,Migros
node,930881799,Coop,Coop,,supermarket,Schönaustrasse,18,3600,Thun,46.7535745,7.6150975,,,Coop
node,932356619,Coop,Coop,,supermarket,Bahnhofstrasse,2,9463,Oberriet SG,47.3235181,9.5689044,Mo-Th 07:30-19:00; Fr 07:30-20:00; Sa 07:30-17:00,https://www.coop.ch/de/standorte/coop-supermarkt-oberriet/1151_POS,Coop
node,935144988,Denner,Denner,,supermarket,Albisstrasse,8,8926,Kappel am Albis,47.2297668,8.527212,,,Denner
node,936779857,Migros,Migros,Genossenschaft Migros Aare,supermarket,,,,,46.9224985,7.4596282,"Mo-We 08:00-19:00; Th,Fr 08:00-20:00; Sa 07:30-17:00; Su,PH closed",https://filialen.migros.ch/de/migros-supermarkt-wabern-chly-wabere,Migros
node,937843131,Coop,Coop,,supermarket,Avenue de Champel,8c,,Genève,46.1946669,6.1524505,"Mo-We 08:00-19:00, Th 08:00-20:00, Fr 08:00-19:30, Sa 08:00-18:00, Su off",https://www.coop.ch/fr/entreprise/adresses-et-horaires/detail.html/1144/coop-supermarche-geneve-champel.html,Coop
node,939538216,Denner,Denner,,supermarket,Zugerstrasse,,6330,Cham,47.1823722,8.4615913,Mo-Th 08:00-19:00; Fr 08:00-20:00; Sa 07:30-17:00; PH off,,Denner
node,939538237,Migros,Migros,Genossenschaft Migros Luzern,supermarket,Zugerstrasse,15,6330,Cham,47.1825379,8.4612037,Mo-Th 08:00-19:00; Fr 08:00-20:00; Sa 07:30-17:00; PH off,https://filialen.migros.ch/de/migros-supermarkt-cham-neudorf,Migros
node,942559640,Coop Supermarkt Schönbühl Center,,Coop,supermarket,Sandstrasse,8,,,47.0184251,7.5007399,Mo-Th 08:00-19:00; Fr 08:00-21:00; Sa 08:00-17:00; Su off,,Coop
node,943123460,Coop,Coop,Coop,supermarket,Obere Stumpenbachstrasse,10,5734,Reinach AG,47.2516626,8.1821425,Mo-We 07:30-19:00; Th-Sa 07:30-20:00,,Coop
node,943969789,Coop,Coop,,supermarket,,,,,46.1802002,6.1279232,Mo-We 08:30-19:00; Th 08:30-21:00; Fr 08:30-19:30; Sa 08:30-18:00,,Coop
node,949572922,Coop,Coop,,supermarket,Rue Voltaire,18,1201,Genève,46.2079804,6.1372916,Mo-We 07:00-19:00; Th 07:00-20:00; Fr 07:00-19:30; Sa 07:00-18:00,https://www.coop.ch/fr/entreprise/adresses-et-horaires/detail.html/1866/coop-supermarche-geneve-voltaire.html,Coop
node,950639925,Coop,Coop,,supermarket,Poststrasse,3,8134,Adliswil,47.3129515,8.5251993,Mo-Sa 07:30-20:00,https://www.coop.ch/de/standorte/coop-supermarkt-adliswil/1240_POS,Coop
node,952008860,Coop,Coop,,supermarket,,,,,46.5985698,7.907353,Mo-Sa 08:00-19:00,,Coop
node,956199310,Migros,Migros,Genossenschaft Migros Ostschweiz,supermarket,Magdenauerstrasse,10,9230,Flawil,47.4126086,9.1858263,"Mo-Th 08:00-19:00, Fr 08:00-20:00, Sa 08:00-17:00; PH off",https://filialen.migros.ch/de/migros-supermarkt-flawil,Migros
node,956494681,Coop,Coop,Coop,supermarket,Blattenstrasse,2,,,47.2532311,8.7734457,Mo-Sa 08:00-20:00; Su off,,Coop
node,957273041,Coop,Coop,,supermarket,,,,,46.5152376,6.6313853,Mo-Fr 07:30-19:00; Sa 07:30-18:00,,Coop
node,957273044,Denner,Denner,,supermarket,,,,,46.5157876,6.626509,Mo-Fr 07:00-19:00; Sa 08:00-18:00,,Denner
node,963198491,Migros,Migros,Genossenschaft Migros Luzern,supermarket,Zugerstrasse,32,6314,Unterägeri,47.1381682,8.5793078,"Mo-Th 07:30-19:00, Fr 07:30-20:00, Sa 07:30-17:00; PH off",https://filialen.migros.ch/de/migros-supermarkt-unteraegeri,Migros
node,963198496,Coop,Coop,Coop Genossenschaft,supermarket,Waldheimstrasse,2,6314,Unterägeri,47.1378292,8.5812784,,,Coop
node,970651005,Coop,Coop,Coop Genossenschaft,supermarket,Witikonerstrasse,409,8053,Zürich,47.3602011,8.5947159,Mo-Sa 07:00-21:00,,Coop
node,983971502,Migros,Migros,Genossenschaft Migros Luzern,supermarket,,14,6014,Luzern,47.0498728,8.2602561,"Mo-Fr 09:00-18:00, Sa 09:00-17:00; PH off",https://filialen.migros.ch/de/m-outlet-littau-outlet,Migros
node,984079108,Migros,Migros,,supermarket,,,,,46.2041853,6.0970937,Mo-We 07:30-19:00; Th 07:30-20:00; Fr 07:30-19:30; Sa 07:30-18:00; Su off,https://filialen.migros.ch/de/migros-supermarkt-le-lignon,Migros
node,990202156,Denner,Denner,,supermarket,,,,,46.9964751,6.9326148,"Mo-Fr 07:30-19:00, Sa 07:30-18:00",,Denner
node,995471959,Migros,Migros,Genossenschaft Migros Zürich,supermarket,Toblerstrasse,73,8044,Zürich,47.3793846,8.5594679,Mo-Sa 07:30-20:00; Su 09:00-18:00; PH off; Dec 24 07:30-16:00; Dec 31 07:30-17:00; Dec 25 off; Dec 26 off; Jan 01 off,https://filialen.migros.ch/de/migros-supermarkt-zuerich-toblerplatz,Migros
node,997576717,Coop,,,supermarket,,,,,47.2569212,6.9993287,,,Coop
node,1005308983,Migros Partner,,,supermarket,Grenzacherweg,81,4125,Riehen,47.5754838,7.6467891,"Mo-Fr 08:00-19:00, Sa 08:00-18:00, Su 09:00-17:00",https://filialen.migros.ch/de/migros-partner-riehen-grenzacherweg,Migros
node,1005822879,Denner,Denner,Denner,supermarket,,,,,47.5467857,7.952488,,,Denner
node,1012741733,Migros,Migros,Genossenschaft Migros Ostschweiz,supermarket,Hauptstrasse,63,8280,Kreuzlingen,47.6481179,9.1759674,"Mo-Fr 07:30-19:00, Sa 07:30-18:00; PH off",https://filialen.migros.ch/de/migros-supermarkt-kreuzlingen,Migros
node,1015716220,Denner,Denner,,supermarket,,,,,46.8472991,7.1917223,Mo-Th 08:00-19:00;Fr 08:00-21:00;Sa 07:30-16:00;Su off,,Denner
node,1019965154,Coop,Coop,,supermarket,Hauptstrasse,65,2557,Studen BE,47.1125788,7.3011413,Mo-Fr 07:00-18:45; Sa 07:00-17:00; PH off,,Coop
node,1020096341,Coop,Coop,,supermarket,,,,,47.3059156,8.7574256,Mo-Sa 07:30-20:00; PH off,,Coop
node,1022612040,Migros,Migros,Genossenschaft Migros Aare,supermarket,,,,,46.9232213,7.4142401,"Mo-Th 08:00-20:00, Fr 08:00-21:00, Sa 07:30-17:00; PH off",https://filialen.migros.ch/de/migros-supermarkt-koeniz-blaeuacker,Migros
node,1027136881,Coop,Coop,Coop Genossenschaft,supermarket,Mühlackerstrasse,199,8046,Zürich,47.4256283,8.4969763,Mo-Sa 08:00-20:00,https://www.coop.ch/de/services/standorte-und-oeffnungszeiten/detail.html/4557/,Coop
node,1036935972,Migros,Migros,Genossenschaft Migros Aare,supermarket,,,,,46.9568283,7.495875,Mo-Fr 08:00-20:00; Sa 07:30-17:00,https://filialen.migros.ch/de/migros-supermarkt-ostermundigen,Migros
node,1041063962,Coop,Coop,,supermarket,Chemin des Faverges,15,1006,Lausanne,46.5139141,6.6471599,"Mo-Fr 07:30-19:00, Sa 07:30-18:00",,Coop
node,1044553874,Coop,Coop,Coop Genossenschaft,supermarket,Alte Landstrasse,26,8804,Au,47.2421864,8.6556101,Mo-Sa 07:30-20:00,,Coop
node,1052078781,Aldi,ALDI,Aldi Suisse,supermarket,Schärenmoosstrasse,77,8052,Zürich,47.4193147,8.5568084,Mo-Sa 07:30-20:00; PH off,https://www.aldi-suisse.ch/,Aldi
node,1053855927,Denner,Denner,Denner,supermarket,Baarerstrasse,22,6300,Zug,47.1732809,8.5171258,Mo-Fr 08:00-19:00;Th 08:00-21:00;Sa 08:00-17:00;PH closed,,Denner
node,1054471303,Migros,Migros,,supermarket,,,,,46.9443296,6.8429267,"Mo-We,Fr 07:30-19:00; Th 07:30-20:00; Sa 07:30-18:00",,Migros
node,1057414921,Denner,Denner,,supermarket,Bernstrasse,79,3072,Ostermundigen,46.9584422,7.4913675,,,Denner
node,1069059529,Migros,Migros,Genossenschaft Migros Luzern,supermarket,Winkelriedstrasse,58,6003,Luzern,47.0461309,8.3072505,Mo-Fr 08:00-19:00; Fr 08:00-20:00; Sa 08:00-17:00; PH off,https://filialen.migros.ch/de/migros-supermarkt-luzern-waldstaetter,Migros
node,1069059588,Coop,Coop,Coop Genossenschaft,supermarket,Winkelriedstrasse,56,6003,Luzern,47.0465392,8.3068307,"Mo-We,Fr 07:00-19:00; Th 07:00-20:00; Sa 07:00-17:00; PH,Su off",,Coop
node,1072910460,Migros,Migros,Genossenschaft Migros Aare,supermarket,Flachsacherstrasse,17,5242,Lupfig,47.4400546,8.2083483,"Mo-Fr 08:00-19:00, Sa 08:00-18:00; PH off",https://filialen.migros.ch/de/migros-supermarkt-lupfig,Migros
node,1077327040,Denner,Denner,Denner AG,supermarket,Kantonsstrasse,15,6207,Nottwil,47.1364083,8.1338097,,,Denner
node,1077362729,Coop,Coop,,supermarket,,,,,46.7792559,9.5441326,Mo-Fr 08:00-19:00; Sa 08:00-18:00; Su 09:00-18:00,,Coop
node,1078854160,Denner,Denner,,supermarket,,,,,47.2943773,8.563966,Mo-Sa 08:00-20:00,,Denner
node,1083855663,Migros,Migros,Genossenschaft Migros Luzern,supermarket,Gemeindehausplatz,14-15,6048,Horw,47.019095,8.309215,Mo-Th 08:00-19:00; Fr 08:00-20:00; Sa 07:30-17:00; PH off,https://filialen.migros.ch/de/migros-supermarkt-horw,Migros
node,1083855709,Coop,Coop,Coop Genossenschaft,supermarket,Kantonsstrasse,100,6048,Horw,47.0196454,8.3106581,,,Coop
node,1095049115,Denner,Denner,Denner ASG,supermarket,Gemeindehausplatz,11,6048,Horw,47.0187023,8.3089025,Mo-Th 08:00-19:00; Fr 08:00-20:00; Sa 07:30-17:00,https://www.denner.ch/de/filialen/6048-horw~s1145709,Denner
node,1101655331,Coop,Coop,,supermarket,,,,,47.3501898,8.2703578,,,Coop
node,1102007447,Denner,Denner,,supermarket,,,,,47.3472005,8.2906339,,,Denner
node,1102204085,Denner,Denner,,supermarket,,,,,47.3502581,8.2695788,"Mo-Sa 07:30-20:00; Su,PH off",,Denner
node,1108221061,Denner,Denner,,supermarket,Dübendorfstrasse,271,8051,Zürich,47.400013,8.5878153,"Mo-Sa 07:30-20:00; Su,PH off",,Denner
node,1115495439,Denner,Denner,Denner,supermarket,,,,,46.2823443,7.5126886,,,Denner
node,1116628655,Migros,Migros,,supermarket,Hintere Kirchstrasse,1,9444,Diepoldsau,47.3858565,9.6564603,"Mo-Fr 07:00-19:00; PH,Su off; Sa 07:00-17:00",,Migros
node,1116914472,Denner,Denner,,supermarket,,,,,47.5641297,9.3677946,Mo-Th 08:30-19:00; Fr 08:30-20:00; Sa 08:00-17:00; PH off,https://www.denner.ch/,Denner
node,1120204904,Aldi,Aldi,,supermarket,Sonnenstrasse,9,8590,Romanshorn,47.5706583,9.365415,Mo-Sa 07:30-20:00,,Aldi
node,1128613697,Denner,Denner,Denner AG,supermarket,Sonnenplatz,1,6020,Emmenbrücke,47.0778669,8.2747874,,,Denner
node,1137607248,Coop,Coop,,supermarket,,,,,47.5596693,8.0601215,Mo-Fr 08:00-19:00; Sa 08:00-18:00,,Coop
node,1139545722,Denner,Denner,Denner,supermarket,Route de Botyre,38,1966,Botyre,46.2762002,7.4049549,"Mo-Fr 08:30-12:30,14:00-18:30; Sa 08:00-17:00",https://www.denner.ch/fr/succursales/stores-detail-page/store/route-de-botyre-38-1966-ayent/,Denner
node,1142280066,Migros,Migros,Genossenschaft Migros Aare,supermarket,Bernstrasse,6,4950,Huttwil,47.1135161,7.8401905,"Mo-Th 08:00-19:00, Fr 08:00-21:00, Sa 07:30-17:00; PH off",https://filialen.migros.ch/de/migros-supermarkt-huttwil,Migros
node,1145599832,Coop,Coop,,supermarket,,,,,47.0751893,8.2871675,,,Coop
node,1145599864,Migros,Migros,Genossenschaft Migros Luzern,supermarket,Seetalstrasse,50,6020,Emmenbrücke,47.0737083,8.2922426,"Mo-Th 09:00-19:00, Fr 09:00-21:00, Sa 08:00-17:00; PH off",https://filialen.migros.ch/de/migros-supermarkt-emmen-wohncenter,Migros
node,1149868307,Coop,Coop,,supermarket,Rosentalstrasse,2,9410,Heiden,47.4436367,9.5317965,Mo-Th 07:30-19:00; Fr 07:30-20:00; Sa 07:30-18:00,https://www.coop.ch/de/standorte/coop-supermarkt-heiden/1348_POS,Coop
node,1156328601,Denner,Denner,Denner AG,supermarket,Stationsstrasse,9,6023,Rothenburg,47.0939453,8.269025,Mo-Th 07:30-19:00; Fr 07:30-21:00; Sa 07:30-17:00,,Denner
node,1165255718,Migros,Migros,Genossenschaft Migros Aare,supermarket,Bruggerstrasse,11c,5103,Wildegg,47.416306,8.1665132,"Mo-Fr 08:00-19:00, Sa 08:00-18:00; PH off",https://filialen.migros.ch/de/migros-supermarkt-wildegg,Migros
node,1168833492,Migros,Migros,Genossenschaft Migros Basel,supermarket,Neuweilerplatz,7,4054,Basel,47.5469654,7.5643633,Mo-Fr 08:00-19:00; Sa 08:00-18:00; PH off,https://filialen.migros.ch/de/migros-supermarkt-basel-neuweiler,Migros
node,1170699750,Migros Partner,,Genossenschaft Migros Basel,supermarket,Lindenplatz,1,4123,Allschwil,47.5577775,7.5596342,"Mo-Fr 07:30-19:00, Sa 07:30-18:00, Su 09:00-18:00",https://filialen.migros.ch/de/migros-partner-allschwil-lindenplatz,Migros
node,1170699799,Coop,Coop,,supermarket,,,,,47.5584264,7.5601118,Mo-Fr 07:30-19:00; Sa 07:30-18:00,,Coop
node,1174159731,Migros,Migros,,supermarket,,,,,46.6680987,6.8009322,Mo-Sa 07:30-19:30,,Migros
node,1175598094,Coop,Coop,Coop Genossenschaft,supermarket,Dorfstrasse,12,6064,Kerns,46.9012844,8.2757488,,,Coop
node,1191792633,Migros,Migros,Genossenschaft Migros Luzern,supermarket,Kapfstrasse,3,6020,Emmenbrücke,47.0898165,8.2738856,"Mo-Th 08:00-19:00, Fr 08:00-20:00, Sa 08:00-17:00; PH off",https://filialen.migros.ch/de/migros-supermarkt-emmen-kapf,Migros
node,1195750627,Coop,Coop,,supermarket,,,,,47.6506092,9.1726711,,,Coop
node,1201325118,Denner,Denner,,supermarket,Sandstrasse,11a,3302,Moosseedorf,47.015424,7.4841326,"Mo-Fr 08:00-12:30,14:00-19:00; Sa 08:00-17:00; Su,PH off",,Denner
node,1213912708,Coop,Coop,Coop Genossenschaft,supermarket,Breitenlachenstrasse,20,6005,Luzern,47.0372758,8.3084669,,,Coop
node,1216746469,Migros,Migros,Genossenschaft Migros Ostschweiz,supermarket,Neudorfstrasse,2,7430,Thusis,46.6944182,9.4400768,Mo-Fr 08:00-20:00; Sa 08:00-17:00,https://filialen.migros.ch/de/migros-supermarkt-thusis-im-park,Migros
node,1234617599,Migros,Migros,Genossenschaft Migros Zürich,supermarket,Ruchwiesenstrasse,2,8175,Dielsdorf,47.4804478,8.4643849,Mo-Sa 08:00-20:00; PH off,https://filialen.migros.ch/de/migros-supermarkt-dielsdorf,Migros
node,1244856724,Coop,Coop,,supermarket,,,,,46.5205903,6.638231,"Mo-Fr 07:30-19:00; Sa 07:30-18:00; PH,Su off",,Coop
node,1247732761,Coop,Coop,,supermarket,,,,,47.6566367,9.1329532,,,Coop
node,1254632069,Coop,Coop,Coop Genossenschaft,supermarket,Langensandstrasse,23,6005,Luzern,47.0372902,8.3287849,,,Coop
node,1254632070,Migros,Migros,Genossenschaft Migros Luzern,supermarket,Langensandstrasse,23,6005,Luzern,47.0374219,8.3282536,"Mo-Th 08:30-19:00, Fr 08:30-21:00, Sa 08:00-17:00; PH off",https://filialen.migros.ch/de/migros-supermarkt-luzern-schoenbuehl,Migros
node,1260497484,Coop,Coop,,supermarket,,,,,46.2528558,9.0227383,,,Coop
node,1261950339,Coop,Coop,,supermarket,,,,Bellinzona,46.1946672,9.0248877,Mo-Fr 07:30-19:00; Sa 07:30-18:30,,Coop
node,1263360166,Migros Métropole,Migros,Coopérative Migros Vaud,supermarket,,,,,46.5222351,6.6273244,Mo-Fr 08:00-19:00; Sa 08:00-18:00,,Migros
node,1263651484,Migros,Migros,Genossenschaft Migros Basel,supermarket,,,,,47.484908,7.5476011,"Mo-Fr 08:00-19:00, Sa 08:00-17:00; PH off",https://filialen.migros.ch/de/migros-supermarkt-ettingen,Migros
node,1278535198,Migros,Migros,Genossenschaft Migros Luzern,supermarket,Buonaserstrasse,1,6343,Rotkreuz,47.1413116,8.4287189,"Mo-Th 07:30-19:00, Fr 07:30-20:00, Sa 07:30-17:00; PH off",https://filialen.migros.ch/de/migros-supermarkt-rotkreuz,Migros
node,1286988156,Coop,Coop,,supermarket,,,,,47.3896823,8.0704133,Mo-Fr 07:30-20:00; Sa 07:30-18:00,,Coop
node,1287226888,Migros,Migros,,supermarket,Steinweg,28,3250,Lyss,47.0787878,7.3039734,Mo-We 08:00-19:00; Th 08:00-20:00; Fr 08:00-21:00; Sa 07:30-17:00,,Migros
node,1287601534,Aldi,ALDI,Aldi Suisse,supermarket,Wagistrasse,20,8952,Schlieren,47.3986014,8.4593749,"Mo-Fr 09:00-20:00, Sa 09:00-18:00; PH off",https://www.aldi-suisse.ch/,Aldi
node,1289140729,Denner,Denner,,supermarket,,,,,47.5021259,8.7483575,Mo-Fr 07:30-20:00; Sa 08:00-19:00,,Denner
node,1289493510,ALDI,ALDI,,supermarket,Stapfenstrasse,4,3098,Köniz,46.9226841,7.414845,Mo-Fr 08:00-20:00; Sa 08:00-17:00,,Aldi
node,1291687161,Aldi,Aldi,,supermarket,Grossfeldstrasse,61,8887,Mels,47.0420298,9.4335724,,,Aldi
node,1296183512,Lidl,Lidl Schweiz,,supermarket,Schwimmbadstrasse,29,5430,Wettingen,47.4621586,8.3104016,,,Lidl
node,1297534861,Coop,Coop,,supermarket,,,,,47.4951343,7.0148473,,,Coop
node,1298322275,Coop,,,supermarket,,,,,46.9287343,6.812411,,,Coop
node,1300463358,Coop,Coop,Coop Genossenschaft,supermarket,Zürcherstrasse,6,8952,Schlieren,47.397086,8.4489673,Mo-Fr 08:00-20:00; Sa 08:00-18:00,,Coop
node,1300703154,Migros,Migros,Genossenschaft Migros Aare,supermarket,Hauptstrasse,91,4313,Möhlin,47.556334,7.8467796,"Mo-Th 08:00-19:00, Fr 08:00-20:00, Sa 08:00-18:00; PH off",https://filialen.migros.ch/de/migros-supermarkt-moehlin,Migros
node,1301279165,Denner,Denner,,supermarket,Uitikonerstrasse,9,8952,Schlieren,47.3968603,8.4490914,Mo-Fr 08:00-20:00; Sa 08:00-18:00,https://www.denner.ch/,Denner
node,1302026588,Denner,Denner,,supermarket,Langensandstrasse,23,6005,Luzern,47.0374484,8.3287776,,,Denner
node,1305544887,Coop,Coop,,supermarket,,,,,46.9592917,7.5002934,"Mo-Fr 07:00-20:00; Sa 07:00-17:00; Su,PH closed",,Coop
node,1305642720,Aldi,ALDI,Aldi Suisse,supermarket,Landstrasse,99,5430,Wettingen,47.46598,8.3273545,"Mo-Fr 08:00-20:00, Sa 08:00-18:00; PH off",https://www.aldi-suisse.ch/,Aldi
node,1309304667,Denner,Denner,Denner,supermarket,,,,,46.1755185,7.8016381,"Mo-Fr 08:00-12:15, 14:00-18:30; Sa 08:00-16:00",,Denner
node,1311957978,Coop,Coop,,supermarket,Clarastrasse,41,4058,,47.5628797,7.5970323,"Mo-Fr 07:30-20:00; Sa 07:30-18:00, Aug 1 Closed",https://www.coop.ch/de/standorte/coop-supermarkt-basel-europe/1928_POS,Coop
node,1315132974,Coop,Coop,,supermarket,Strassburgerallee,128,,,47.5601511,7.5674031,Mo-Fr 07:30-20:00; Sa 07:30-18:00,,Coop
node,1322305936,Coop,Coop,,supermarket,Güterstrasse,125,4053,Basel,47.5452203,7.5887102,Mo-Sa 07:00-22:00,,Coop
node,1324179735,Denner,Denner,,supermarket,,,,,47.559808,7.8439041,,,Denner
node,1325513692,Coop,,Coop Genossenschaft,supermarket,,,,,47.4233658,8.3051049,Mo-Fr 08:00-20:00; Sa 07:30-18:00; PH closed,,Coop
node,1328399518,Denner,Denner,,supermarket,Etzelstrasse,6,8038,Zürich,47.3444645,8.5307182,Mo-Sa 08:00-20:00,https://www.denner.ch/,Denner
node,1328945987,Migros,Migros,Genossenschaft Migros Ostschweiz,supermarket,Hinterdorfstrasse,40,8405,Winterthur,47.4854348,8.7623847,Mo-Fr 08:00-20:00; Sa 08:00-19:00; PH off,https://filialen.migros.ch/de/migros-supermarkt-winterthur-seen,Migros
node,1334477909,Migros,Migros,Genossenschaft Migros Luzern,supermarket,Abendweg,46,6006,Luzern,47.0605745,8.3155116,"Mo-Fr 08:00-19:00, Sa 08:00-17:00; PH off",https://filialen.migros.ch/de/voi-voi-luzern-wesemlin/,Migros
node,1340164438,Denner,Denner,,supermarket,Rue du Centre,9,1772,Grolley,46.832144,7.0651572,"Mo-Fr 07:00-12:15,13:30-19:00; Sa 07:30-16:00; Su 08:00-12:00",,Denner
node,1340939720,Coop,Coop,Coop Genossenschaft,supermarket,Grabenweg,3,6023,Rothenburg,47.0929813,8.2709882,Mo-Th 07:30-19:00; Fr 07:30-20:00; Sa 07:30-17:00,,Coop
node,1346995360,Coop,Coop,Coop Genossenschaft,supermarket,Bahnhofstrasse,20,8832,Wollerau,47.1951635,8.7231329,Mo-Sa 07:00-20:00,https://www.coop.ch/,Coop
node,1347029585,Migros,Migros,Genossenschaft Migros Zürich,supermarket,Roosstrasse,23,8832,Wollerau,47.1918481,8.721596,Mo-Sa 07:30-20:00; PH off,https://filialen.migros.ch/de/migros-supermarkt-wollerau-maert-roospark,Migros
node,1348123910,Denner,Denner,Denner,supermarket,,,,,45.8698434,8.9801707,Mo-We 07:00-19:00; Th 07:00-21:00; Fr 07:00-19:00; Sa 07:00-18:30,,Denner
node,1348543907,Coop,Coop,,supermarket,Schanzenstrasse,6,,,47.2074429,7.5342258,"Mo-We,Fr 08:00-18:30; Th 08:00-21:00; Sa 07:30-18:00; Su off; PH off",,Coop
node,1351032263,Migros,Migros,Genossenschaft Migros Luzern,supermarket,Bruchstrasse,18,6003,Luzern,47.0505994,8.2993724,Mo-Fr 08:00-19:00; Fr 08:00-20:00; Sa 08:00-17:00; PH off,https://filialen.migros.ch/de/migros-supermarkt-luzern-bruchstrasse,Migros
node,1359713810,Denner,Denner,,supermarket,Bahnstrasse,16,8603,Schwerzenbach,47.3854834,8.658755,Mo-Sa 08:00-19:00,,Denner
node,1360877410,Denner,Denner,Denner,supermarket,Grendelbachstrasse,30,,,47.42392,8.6911114,Mo-Sa 07:30-20:00,,Denner
node,1361216176,Migros,Migros,,supermarket,,,,,46.3791383,7.6261724,Mo-Su 08:00-19:00,,Migros
node,1361427560,Coop,Coop,,supermarket,,,,,47.0681296,9.0585848,,,Coop
node,1362066985,Migros,Migros,Genossenschaft Migros Zürich,supermarket,Zürcherstrasse,4,8640,Rapperswil SG,47.2293522,8.8210549,Mo-Fr 08:00-20:00; Sa 08:00-18:00; PH off,https://filialen.migros.ch/de/migros-supermarkt-rapperswil-sonnenhof,Migros
node,1365283471,Migros,Migros,Genossenschaft Migros Ostschweiz,supermarket,Neudorfstrasse,60,9430,St. Margrethen SG,47.4501609,9.6504457,"Mo-Th 09:00-19:00, Fr 09:00-21:00, Sa 09:00-17:00; PH off",,Migros
node,1365312935,Coop,,Coop Genossenschaft,supermarket,Klosbachstrasse,104,8032,Zürich,47.3678218,8.5608053,Mo-Sa 07:00-21:00,https://www.coop.ch/,Coop
node,1366648857,Denner,Denner,,supermarket,,,,,46.2304751,7.3604617,Mo-Th 07:30-18:30; Fr 07:30-20:00; Sa 07:30-17:00,,Denner
node,1366898737,Coop,Coop,,supermarket,,,,,46.7271946,7.1367015,,,Coop
node,1369379077,Migros,Migros,Genossenschaft Migros Luzern,supermarket,Ruopigenplatz,20,6015,Luzern,47.0615425,8.2746,"Mo-Th 08:00-19:00, Fr 08:00-20:00, Sa 08:00-17:00; PH off",https://filialen.migros.ch/de/migros-supermarkt-ruopigen-zentrum-luzern,Migros
node,1373684699,Coop,Coop,,supermarket,Avenue Robert,12,2052,Fontainemelon,47.0575324,6.8933511,,,Coop
node,1392528894,Denner,Denner,,supermarket,,,,,46.0853976,7.5087018,,,Denner
node,1394801786,Coop,Coop,,supermarket,,,,,46.6683593,6.8004597,Mo-Sa 07:30-19:30,,Coop
node,1400152206,Coop,Coop,,supermarket,Via Maestri Comacini,,,,45.8344887,9.0354938,,,Coop
node,1405498962,Coop,Coop,,supermarket,,,,,47.0874648,7.5840891,,,Coop
node,1409406549,Migros,Migros,Genossenschaft Migros Zürich,supermarket,Witikonerstrasse,293,8053,Zürich,47.3592095,8.5856168,Mo-Sa 08:00-20:00; PH off,https://filialen.migros.ch/de/migros-supermarkt-zuerich-witikon-zentrum,Migros
node,1409406611,Denner,Denner,,supermarket,Witikonerstrasse,299,8053,Zürich,47.3584946,8.5863177,Mo-Sa 08:00-20:00,https://www.denner.ch/,Denner
node,1409507174,Denner,Denner,,supermarket,,,,,46.7547353,7.6275588,Mo-Fr 08:00-20:00; Sa 08:00-17:00,,Denner
node,1410077849,Migros,Migros,Genossenschaft Migros Luzern,supermarket,Vormüli,1,6170,Schüpfheim,46.9487883,8.0153395,"Mo-Th 08:00-19:00, Fr 08:00-20:00, Sa 08:00-17:00; PH off",https://filialen.migros.ch/de/migros-supermarkt-schuepfheim,Migros
node,1410226447,Coop,Coop,Coop Genossenschaft,supermarket,Hindervormüli,9,6170,Schüpfheim,46.9469873,8.0094237,"Mo-Fr 07:30-19:00; Sa 07:30-17:00; Su, PH off",https://www.coop.ch/de/standorte/coop-supermarkt-schuepfheim/1539_POS,Coop
node,1411316291,Denner,Denner,Denner AG,supermarket,,,,,47.0835538,8.4418228,,,Denner
node,1411316292,Migros,Migros,Genossenschaft Migros Luzern,supermarket,Siegwartstrasse,11,6403,,47.0838219,8.441276,"Mo-Fr 08:00-20:00, Sa 08:00-19:00; PH off",https://filialen.migros.ch/de/migros-supermarkt-kuessnacht-rigimaert,Migros
node,1414408499,Coop,,,supermarket,,,,,46.4765437,6.4019166,Sa 07:30-19:00; Mo-Th 08:30-19:30; Fr 08:30-20:30; Su off,,Coop
node,1419909552,Coop,Coop,,supermarket,,,,,46.8094474,7.1441586,,,Coop
node,1422052366,Migros,Migros,Genossenschaft Migros Aare,supermarket,Thunstrasse,21,3510,Konolfingen,46.8762776,7.6212317,"Mo-Th 08:00-19:00, Fr 08:00-20:00, Sa 07:30-17:00; PH off",https://filialen.migros.ch/de/migros-supermarkt-konolfingen,Migros
node,1423960171,Coop,Coop,Coop,supermarket,,,,,46.9721037,7.1938083,,,Coop
node,1423960539,Migros,Migros,Migros,supermarket,Murtenstrasse,15,3210,Kerzers,46.9735785,7.1942442,Mo-Th 07:00-19:00; Fr 07:00-20:00; Sa 07:00-16:00,https://filialen.migros.ch/de/migros-supermarkt-kerzers,Migros
node,1428105128,Coop,Coop,,supermarket,,,,,47.3432678,7.8711234,,,Coop
node,1433316949,Coop,Coop,,supermarket,,,,,46.743488,7.5950809,Mo-Fr 07:00-19:00; Sa 07:00-17:00,,Coop
node,1435694226,ALDI,ALDI,,supermarket,Tägerwilerstrasse,2,8280,Kreuzlingen,47.6552302,9.1642088,Mo-Sa 07:30-20:00,,Aldi
node,1435694240,Denner,Denner,,supermarket,,,,,47.655434,9.163486,Mo-Fr 07:30-20:00; Sa 07:30-19:00,,Denner
node,1435927404,Coop,Coop,,supermarket,Schwägalpstrasse,1,9107,Urnäsch,47.3166352,9.2819007,Mo-Fr 07:30-19:00; Sa 07:30-17:00,,Coop
node,1436591404,Coop,Coop,,supermarket,,,,,46.3579263,8.9718888,,,Coop
node,1445887274,Migros,Migros,,supermarket,,,,,46.1369816,7.119131,Mo-Fr 07:30-18:30; Sa 07:30-17:00; Su off,https://filialen.migros.ch/de/migros-supermarkt-fully,Migros
node,1447081331,Denner,Denner,,supermarket,,,,,46.8499724,6.8495774,"Mo-Fr 08:00-12:00, 13:30-18:30; Sa 08:00-16:00; Jun-Aug Su 09:00-11:00",,Denner
node,1447081336,Migros,Migros,,supermarket,,,,,46.8480965,6.851419,Mo-Th 07:30-19:00; Fr 07:30-20:00; Sa 07:30-16:00,,Migros
node,1454517271,Coop,Coop,Coop Genossenschaft,supermarket,,,,,47.7214999,8.666126,"Mo-Fr 09:00-20:00; Sa 08:00-18:00; PH,Su off",,Coop
node,1454517274,Migros,Migros,Genossenschaft Migros Ostschweiz,supermarket,Stüdliackerstrasse,4,8207,Schaffhausen,47.7202328,8.6637223,"Mo-Fr 09:00-20:00, Sa 08:00-18:00; PH off",https://filialen.migros.ch/de/migros-supermarkt-schaffhausen-herblinger-markt,Migros
node,1458568876,Denner,Denner,Denner,supermarket,,,5200,Brugg AG,47.4822336,8.2095001,Mo-Sa 07:30-20:00,https://www.denner.ch/de/,Denner
node,1462150714,Migros,Migros,,supermarket,Avenue d'Echallens,63,1004,Lausanne,46.5277743,6.6160041,Sa 07:30-18:00; Mo-Fr 07:30-19:00,,Migros
node,1464394058,Denner,Denner,Denner,supermarket,Dorfstrasse,44,8630,Rüti (ZH),47.2599025,8.8532211,Mo-Sa 07:30-21:00,,Denner
node,1477740556,ALDI,ALDI,ALDI SUISSE AG,supermarket,,19,3063,Ittigen,46.9740333,7.4818666,Mo-Th 08:00-19:00; Fr 08:00-20:00; Sa 08:00-17:00; PH off,,Aldi
node,1479154228,Aldi,Aldi Suisse,Aldi Suisse SA,supermarket,Rue Peillonnex,2,1225,Chêne-Bourg,46.1942276,6.1961796,,https://www.aldi-suisse.ch/fr/filiales-et-heures-douverture/l/les-avanchets/rue-du-grand-bay-21/e443,Aldi
node,1483096187,Coop,Coop,Centre Cristal,supermarket,,,,,46.111276,7.075388,Mo-Th 08:30-18:30; Fr 08:30-20:00; Sa 08:00-17:00,https://www.coop.ch/fr/magasins/coop-supermarche-martigny-cristal/2427_POS,Coop
node,1488679095,Lidl,Lidl,Lidl Schweiz,supermarket,Ueberlandstrasse,381,8051,Zürich,47.4077499,8.5852962,"Mo 07:30-20:00; Tu, We, Sa 08:00-20:00; Th 07:30-21:00; Fr 08:00-21:00; PH off",https://www.lidl.ch/,Lidl
node,1490586102,Migros,Migros,Genossenschaft Migros Aare,supermarket,Solothurnstrasse,17,3422,Kirchberg BE,47.0887222,7.5812188,"Mo-Th 08:00-19:00, Fr 08:00-21:00, Sa 07:30-17:00; PH off",https://filialen.migros.ch/de/migros-supermarkt-kirchberg,Migros
node,1490586103,Denner Express,Denner,,supermarket,,,,,47.0886703,7.5815258,,,Denner
node,1492041657,Coop,Coop,Coop Société Coopérative,supermarket,Avenue De-Budé,15,1202,Genève,46.2249777,6.1315183,Mo-We 08:00-19:00; Th 08:00-20:00; Fr 08:00-19:30; Sa 08:00-18:00,https://www.coop.ch/fr/entreprise/adresses-et-horaires/detail.html/1438/coop-supermarche-geneve-de-bude.html,Coop
node,1492836188,Migros,Migros,Genossenschaft Migros Ostschweiz,supermarket,St. Gallerstrasse,6,9320,Arbon,47.5132996,9.4323207,"Mo-Th 07:00-19:00, Fr 07:00-20:00, Sa 07:00-18:00; PH off",https://filialen.migros.ch/de/migros-supermarkt-arbon,Migros
node,1497849806,Migros,Migros,,supermarket,,,,,46.4314206,6.9102045,Mo-Fr 08:00-20:00; Sa 08:00-19:00; Su 10:00-18:00,,Migros
node,1500054129,ALDI,ALDI,,supermarket,,,,,47.0762779,7.3076065,"Mo-Fr 07:30-20:00; Sa 07:30-17:00; Su,PH off",,Aldi
node,1500284215,Coop,Coop,,supermarket,,,,,47.3119514,8.1145181,"Mo-Fr 07:30-20:00, Sa 07:30-18:00",,Coop
node,1502026603,Coop,Coop,,supermarket,Furkastrsse,741,3985,Münster VS,46.4881893,8.2694488,,,Coop
node,1502165368,Coop,Coop,Coop,supermarket,Schulgasse,4,2560,,47.1247209,7.2399724,Mo-Fr 07:00-20:00; Sa 07:00-17:00,,Coop
node,1508888615,Denner,Denner,,supermarket,,,,,46.3110146,7.6417193,,,Denner
node,1510171001,Coop,,,supermarket,,,,,47.5369654,8.734061,,,Coop
node,1513116290,Coop,Coop,Coop Genossenschaft,supermarket,Klybeckstrasse,142,4057,Basel,47.5690817,7.5905738,Mo-Fr 07:30-20:00; Sa 07:30-18:00,,Coop
node,1517003750,Aldi,ALDI,Aldi Suisse,supermarket,Alte Steinhauserstrasse,10,6330,Cham,47.1872342,8.4756769,"Mo-Th 07:30-19:00; We,Fr 07:30-21:00; Sa 07:30-17:00; PH off",https://www.aldi-suisse.ch/,Aldi
node,1517612090,Denner,Denner,,supermarket,Klybeckstrasse,45,4057,Basel,47.566673,7.590623,Mo-Fr 08:00-19:00; Sa 07:30-18:00,,Denner
node,1517712639,Coop,Coop,,supermarket,,,,,47.5542423,8.8964761,,,Coop
node,1519474175,Denner,Denner,,supermarket,Hinterdorfstrasse,40,8405,Winterthur,47.4853246,8.7619927,Mo-Fr 08:00-20:00; Sa 08:00-19:00; PH off,,Denner
node,1519474197,ALDI,ALDI,,supermarket,Hinterdorfstrasse,40,8405,Winterthur,47.4855812,8.762351,Mo-Fr 08:00-20:00; Sa 08:00-19:00; PH off,https://shopping-seen.ch/geschaefte/#aldi,Aldi
node,1526734479,Migros,,,supermarket,,,,,46.2503408,7.0159588,Mo-Th 07:30-19:00; Fr 07:30-20:00; Sa 07:30-18:00,,Migros
node,1535109062,Migros,Migros,Genossenschaft Migros Basel,supermarket,Ergolzstrasse,2,4414,Füllinsdorf,47.5024467,7.7251961,Mo-Sa 08:00-20:00; PH off,https://filialen.migros.ch/de/migros-supermarkt-fuellinsdorf-schoenthal,Migros
node,1537366975,Coop,Coop,,supermarket,Langhaus,5,5400,Baden,47.4766098,8.3068478,Mo-Sa 06:00-21:00; Su 08:00-20:00,https://www.coop.ch/,Coop
node,1539666767,Coop,Coop,,supermarket,,,,,46.1743296,6.0710939,Mo-We 07:30-19:00; Th 07:30-20:00; Fr 07:30-19:30; Sa 07:30-18:00,,Coop
node,1539997347,Coop,Coop,Coop Société Coopérative,supermarket,Rue du Commerce,7,1204,Genève,46.2042489,6.1455398,Mo-Sa,https://www.coop.ch/fr/entreprise/adresses-et-horaires/detail.html/1919/coop-supermarche-city-geneve-fusterie-food.html,Coop
node,1555670487,Denner,Denner,,supermarket,Schulhausstrasse,3/5,8618,Oetwil am See,47.2713439,8.7207864,Mo-Fr 07:00-19:00; Sa 07:00-17:00,https://www.denner.ch/de/filialen/store/schulhausstrasse-3/5-8618-oetwil-am-see,Denner
node,1560009340,Migros,Migros,Genossenschaft Migros Luzern,supermarket,Nelkenstrasse,5,6060,Sarnen,46.8967708,8.2495558,"Mo-Fr 08:00-20:00, Sa 08:00-18:00; PH off",https://filialen.migros.ch/de/migros-supermarkt-sarnen-sarnen-center,Migros
node,1567246960,Migros,Migros,,supermarket,,,,,46.8034415,7.1543966,Mo-Th 07:30-19:00; Fr 07:30-21:00; Sa 07:30-16:00,,Migros
node,1569843360,Migros,Migros,Société Coopérative Migros Genève,supermarket,Chemin de la Tourelle,2,1209,Genève,46.2244233,6.1262801,Mo-Sa,https://filialen.migros.ch/fr/supermarche-migros-geneve-tourelle/,Migros
node,1575832208,Denner,Denner,Die Post,supermarket,,,,,46.0968222,7.2234,,,Denner
node,1575842960,Migros,Migros,Genossenschaft Migros Luzern,supermarket,Bahnhofplatz,19,6440,Brunnen,46.9998738,8.6092318,"Mo-Fr 08:00-19:00, Sa 08:00-17:00",https://filialen.migros.ch/de/migros-supermarkt-brunnen-bahnhofsmaercht,Migros
node,1586212540,ALDI,ALDI,Aldi Suisse AG,supermarket,Ringstrasse,27,6010,Kriens,47.0242278,8.2944229,,,Aldi
node,1592426136,Coop,Coop,Coop Genossenschaft,supermarket,Eichengasse,1a,6331,Hünenberg,47.1754797,8.4263134,Mo-Fr 07:30-19:00; Sa 07:30-17:00,,Coop
node,1597662886,Migros Partner,,,supermarket,Wanderstrasse,121,4054,Basel,47.551914,7.5631279,"Mo-Fr 07:30-20:00, Sa 07:30-18:00, Su 08:00-18:00",https://filialen.migros.ch/de/migros-partner-basel-wanderstrasse,Migros
node,1598176926,Coop,Coop,Coop Genossenschaft,supermarket,Güterstrasse,190,4053,Basel,47.5431222,7.5932694,Mo-Fr 07:00-20:00; Sa 07:30-18:00,,Coop
node,1598176928,Migros,Migros,Genossenschaft Migros Basel,supermarket,Güterstrasse,180,4053,Basel,47.5435533,7.5921791,Mo-Fr 07:30-20:00; Sa 07:30-18:00; PH off,https://filialen.migros.ch/de/migros-supermarkt-basel-gundelitor,Migros
node,1598950812,Migros,Migros,Genossenschaft Migros Basel,supermarket,Chrischonastrasse,2,4127,Birsfelden,47.5554994,7.6242091,Mo-Sa 07:30-20:00; PH off,https://filialen.migros.ch/de/migros-supermarkt-birsfelden,Migros
node,1598954903,Coop,Coop,,supermarket,Farnsburgerstrasse,37,4052,Basel,47.55521,7.6138463,Mo-Fr 07:30-20:00; Sa 07:30-18:00,,Coop
node,1598955385,Migros Partner,,,supermarket,Zürcherstrasse,160,4052,Basel,47.555347,7.61478,Mo-Fr 08:00-19:30; Sa 07:30-18:00,https://filialen.migros.ch/de/migros-partner-basel-zuercherstrasse,Migros
node,1599295180,Coop,Coop,,supermarket,,,,,46.9100148,7.414979,Mo-Fr 08:00-19:00; Sa 08:00-17:00,,Coop
node,1600232202,Denner,Denner,,supermarket,Muttenzerstrasse,7,4127,,47.5510305,7.6242199,Mo-Fr 08:00-18:30; Sa 08:00-17:00,,Denner
node,1600972280,Coop,Coop,,supermarket,,,,,47.1922737,7.3975177,,,Coop
node,1606211122,Migros,Migros,Genossenschaft Migros Aare,supermarket,Badenerstrasse,7d,5442,Fislisbach,47.4362085,8.2899101,"Mo-Fr 08:00-19:00, Sa 08:00-18:00; PH off",https://filialen.migros.ch/de/migros-supermarkt-fislisbach,Migros
node,1606625232,Denner,Denner,,supermarket,,,,,47.5022689,7.5970566,Mo-Fr 08:00-18:30; Sa 08:00-17:00; Su off,,Denner
node,1608543461,Migros,Migros,Genossenschaft Migros Zürich,supermarket,Albisstrasse,10,8134,Adliswil,47.3112966,8.5249665,Mo-Sa 08:00-20:00; PH off,https://filialen.migros.ch/de/migros-supermarkt-adliswil,Migros
node,1611482000,Migros,Migros,Genossenschaft Migros Luzern,supermarket,Ennetbürgerstrasse,45,6374,Buochs,46.9777078,8.4152878,Mo-Fr 07:30-20:00; Sa 07:30-18:00; PH off,https://filialen.migros.ch/de/migros-supermarkt-buochs,Migros
node,1611634269,Denner Kornhausgasse,Denner,,supermarket,,,,,47.5563856,7.5836339,Mo-Fr 08:00-18:30; Sa 07:30-18:00,https://www.denner.ch/de/filialen/denner-filiale-und-oeffnungszeiten/store/kornhausgasse-5-4051-basel/,Denner
node,1613212195,Migros,Migros,Genossenschaft Migros Aare,supermarket,Solothurnerstrasse,21,4600,Olten,47.3495724,7.8983513,"Mo-We,Fr 08:00-18:30; Th 08:00-20:00; Sa 08:00-18:00",https://filialen.migros.ch/de/migros-supermarkt-olten-hammer,Migros
node,1626019340,Coop,Coop,Coop Genossenschaft,supermarket,Schaffhauserstrasse,3,8226,Schleitheim,47.746666,8.4806615,,,Coop
node,1631232337,Migros,Migros,Genossenschaft Migros Aare,supermarket,Hauptstrasse,20,4654,Lostorf,47.3828219,7.9476237,"Mo-Fr 08:00-18:30, Sa 08:00-17:00; PH off",https://filialen.migros.ch/de/migros-supermarkt-lostorf,Migros
node,1631899680,Denner,Denner,,supermarket,,,,,47.3877894,8.1768881,Mo-Th 08:00-19:00; Fr 08:00-20:00; Sa 08:00-18:00,,Denner
node,1634251437,Coop,Coop,,supermarket,Dorfplatz,6,3110,,46.8744876,7.5635184,Mo-Fr 08:00-20:00; Sa 07:30-17:00; Su off,https://www.coop.ch/de/standorte/coop-supermarkt-muensingen/3312_POS/,Coop
node,1639974906,Migros Partner,,,supermarket,Blotzheimerstrasse,61,4055,Basel,47.5612804,7.5648039,"Mo-Fr 08:00-19:30, Sa 07:30-18:00; PH off",https://filialen.migros.ch/de/migros-partner-basel-wasgenring,Migros
node,1640254243,Coop,Coop,,supermarket,Landstrasse,13,3715,Adelboden,46.4928489,7.5635808,Mo-Fr 08:00-18:30; Sa 08:00-17:00,,Coop
node,1640590669,Migros,Migros,Migros,supermarket,,,1007,,46.5215712,6.6160451,Mo-Fr 07:30-19:00; Sa 08:00-18:00,,Migros
node,1640864002,Denner,Denner,,supermarket,,,,,47.5616432,7.5736989,Mo-Fr 08:00-19:00; Sa 07:30-18:00,,Denner
node,1645489269,Coop,Coop,,supermarket,,,,,46.9297988,7.5317374,,,Coop
node,1647190952,Migros,Migros,Genossenschaft Migros Basel,supermarket,Lutzertstrasse,40,4132,Muttenz,47.5338528,7.6335935,"Mo-Fr 08:00-19:00, Sa 07:30-18:00; PH off",https://filialen.migros.ch/de/migros-supermarkt-muttenz-lutzert,Migros
node,1653134574,Denner,Denner,,supermarket,,,,,46.1348702,7.0391137,,,Denner
node,1654123463,Migros,Migros,Genossenschaft Migros Basel,supermarket,Baslerstrasse,191,4123,Allschwil,47.5531289,7.5503002,"Mo-Fr 08:00-19:00, Sa 07:30-18:00; PH off",https://filialen.migros.ch/de/migros-supermarkt-allschwil-ziegelei,Migros
node,1654126652,Coop,Coop,Coop Genossenschaft,supermarket,Baslerstrasse,28,4123,Allschwil,47.5514531,7.5381559,Mo-Fr 07:30-19:00; Sa 07:30-18:00,,Coop
node,1660625172,Migros,Migros,,supermarket,Route de Saint-Julien,176,1228,Plan-les-Ouates,46.1674607,6.1149267,Mo-We 07:30-19:00; Th 07:30-20:00; Fr 07:30-19:30; Sa 07:30-18:00,,Migros
node,1665615517,Aldi,Aldi,,supermarket,Hegenheimermattweg,183,4123,Allschwil,47.5627834,7.5556169,Mo-Sa 07:30-20:00,https://www.aldi-suisse.ch/filialen/de-ch/Search?SingleSlotGeo=Allschwil%2C%20Schweiz&LocX=7.543361499999946&LocY=47.5528925&Mode=None,Aldi
node,1665639756,ALDI,ALDI,,supermarket,,,,,46.9889897,6.9029523,,,Aldi
node,1668069692,Denner,Denner,,supermarket,,,,,46.7995698,7.1517653,"Mo-Fr 08:00-19:00; Tu 08:00-21:00; Sa 08:00-16:00, Su off",,Denner
node,1668069722,Migros,Migros,,supermarket,,,,,46.7998014,7.1520032,"Mo-Fr 08:00-19:00; Tu 08:00-21:00; Sa 08:00-16:00, Su off",,Migros
node,1668864828,Migros,Migros,Genossenschaft Migros Basel,supermarket,Efringerstrasse,32,4057,Basel,47.56926,7.5964884,Mo-Fr 08:00-20:00; Sa 07:30-18:00; PH off,https://filialen.migros.ch/de/migros-supermarkt-basel-efringer,Migros
node,1671829538,Coop,Coop,,supermarket,,,,,46.5871577,7.647084,,,Coop
node,1674820866,Denner,Denner,Denner Satellite,supermarket,,,1786,Sugiez,46.9618025,7.1134858,,,Denner
node,1675844179,Denner,Denner,,supermarket,Ziegelrain,1,5000,Aarau,47.3915068,8.0445514,Mo-Fr 08:00-19:00; Sa 08:00-18:00,,Denner
node,1676132716,Migros,Migros,Genossenschaft Migros Aare,supermarket,Hauptstrasse,44,5070,Frick,47.5081087,8.0191736,"Mo-Fr 08:00-20:00, Sa 07:30-18:00; PH off",https://filialen.migros.ch/de/migros-supermarkt-frick,Migros
node,1678679407,Coop,Coop,,supermarket,Rue des Epinettes,20,1227,Carouge GE,46.188991,6.1366306,"Mo-We 07:30-19:00; Th 07:30-20:00; Fr 07:30-19:30; Sa 07:30-18:00; PH,Su off",https://www.coop.ch/fr/magasins/coop-supermarche-carouge-acacias/1961_POS,Coop
node,1681873818,Denner,Denner,,supermarket,,,,,46.5269494,6.6512797,Mo-Fr 07:00-19:00; Sa 08:00-17:00,,Denner
node,1681873821,Migros,Migros,Migros,supermarket,,,,,46.5272296,6.6517341,Mo-Fr 07:30-19:00; Sa 07:30-18:00,,Migros
node,1685063941,Denner,Denner,Denner AG,supermarket,Hauptstrasse,5,6280,Hochdorf,47.1658343,8.2913963,"Mo-Th 08:00-19:00, Fr 08:00-20:00, Sa 08:00-17:00; PH off",,Denner
node,1685145675,Coop,Coop,,supermarket,Forchstrasse,45,8704,Herrliberg,47.2861037,8.6128216,Mo-Sa 07:30-20:00,,Coop
node,1687173680,Denner,Denner,,supermarket,,,,,47.4926766,7.592984,Mo-Fr 07:30-19:00; Sa 07:30-17:00,,Denner
node,1693414693,Coop,Coop,Coop Genossenschaft,supermarket,Sellenbüren,61,8143,Stallikon,47.342789,8.483055,Mo-Fr 08:00-19:30;Sa 07:30-17:00,,Coop
node,1699386560,Lidl,Lidl,,supermarket,Seetalplatz,1,6020,Emmenbrücke,47.0693154,8.2804063,Mo-Th 07:30-19:00; Fr 07:30-21:00; Sa 07:30-17:00,,Lidl
node,1702309786,Denner,Denner,,supermarket,Birmensdorferstrasse,406,8055,Zürich,47.3692207,8.5029311,Mo-Fr 08:00-20:00; Sa 08:00-18:00,https://www.denner.ch/,Denner
node,1702309790,Migros,Migros,Genossenschaft Migros Zürich,supermarket,Birmensdorferstrasse,320,8055,Zürich,47.3702412,8.5084445,Mo-Sa 08:00-20:00; PH off,https://filialen.migros.ch/de/migros-supermarkt-zuerich-wiedikon-m-maert,Migros
node,1702309814,Denner,Denner,Denner,supermarket,Birmensdorferstrasse,320,8055,Zürich,47.370239,8.508715,Mo-Sa 08:00-20:00; PH off,https://www.denner.ch/,Denner
node,1703379521,Migros,Migros,,supermarket,Avenue de Bel-Air,12,1225,Chêne-Bourg,46.1964647,6.1941766,Mo-We 07:30-19:00; Th 07:30-20:00; Fr 07:30-19:30; Sa 07:30-18:00; Su off,https://filialen.migros.ch/de/migros-supermarkt-chene-vert,Migros
node,1706798535,Denner,Denner,Denner,supermarket,Leugeneweg,8,2542,Pieterlen,47.1724994,7.3427402,,,Denner
node,1712332282,Denner,Denner,Denner AG,supermarket,Rüeggisingerstrasse,5,6020,Emmenbrücke,47.0754826,8.2770722,,,Denner
node,1716179686,Migros,Migros,Genossenschaft Migros Zürich,supermarket,Neue Winterthurerstrasse,99,8301,Wallisellen,47.4086853,8.5961649,Mo-Sa 09:00-20:00; PH off,https://filialen.migros.ch/de/migros-supermarkt-wallisellen-glattzentrum,Migros
node,1717530033,Coop,Coop,Coop Genossenschaft,supermarket,,,,,47.5518459,7.5623892,Mo-Fr 08:30-18:30; Sa 08:30-17:00,https://www.coop.ch/de/standorte/coop-supermarkt-basel-wanderstrasse/1683_POS,Coop
node,1719860114,Coop,Coop,,supermarket,,,,,46.245729,8.7046492,Mo-Fr 07:30-19:00; Sa 07:30-18:30,,Coop
node,1722681316,Migros,Migros,Genossenschaft Migros Aare,supermarket,Bottigenstrasse,7,3018,Bern,46.9393448,7.3899387,"Mo-Th 08:00-19:00, Fr 08:00-20:00, Sa 08:00-17:00; PH off",https://filialen.migros.ch/de/migros-supermarkt-bern-bachmaetteli,Migros
node,1725046485,Coop,Coop,,supermarket,,,,,47.5473939,9.3019776,Mo-Sa 07:30-20:00,https://www.coop.ch/de/standorte/coop-supermarkt-amriswil/1154_POS,Coop
node,1733852562,Migros,Migros,Genossenschaft Migros Zürich,supermarket,Kirchgasse,5,8302,Kloten,47.4508486,8.5817962,Mo-Sa 08:00-20:00; PH off,https://filialen.migros.ch/de/migros-supermarkt-kloten,Migros
node,1733852564,Coop,Coop,,supermarket,Bahnhofstrasse,3,8302,Kloten,47.4499,8.5828068,Mo-Sa 07:00-20:00; PH off,https://www.coop.ch/,Coop
node,1738448253,Migros,Migros,Genossenschaft Migros Basel,supermarket,Hauptstrasse,71,4102,Binningen,47.5413237,7.5744326,"Mo-Fr 08:00-19:00, Sa 07:30-18:00; PH off",https://filialen.migros.ch/de/migros-supermarkt-binningen-zentrum,Migros
node,1739677580,Migros,Migros,Genossenschaft Migros Luzern,supermarket,Seestrasse,43,6052,Hergiswil NW,46.9871504,8.3123854,"Mo-Fr 07:30-19:00, Sa 07:30-18:00, Fr 07:30-20:00; PH off","https://filialen.migros.ch/de/center:46.8182,8.2275/zoom:8/",Migros
node,1739678692,Coop,Coop,Coop Genossenschaft,supermarket,Landweg,2,6052,Hergiswil NW,46.9859583,8.3114928,Mo-Fr 07:30-20:00; Sa 07:30-18:00,,Coop
node,1740248980,Coop,Coop,,supermarket,,,,,46.293886,7.5347944,Mo-Th 08:00-18:30; Fr 08:00-20:00; Sa 08:00-17:00; PH off,,Coop
node,1742799976,Denner,Denner,,supermarket,,,,,46.7440712,7.6044785,Mo-Th 09:00-20:00; Fr 09:00-21:00; Sa 08:00-17:00,,Denner
node,1742799977,Migros,Migros,,supermarket,,,,,46.7438065,7.6048754,Mo-Th 09:00-20:00; Fr 09:00-21:00; Sa 08:00-17:00,,Migros
node,1743981040,Coop,Coop,,supermarket,Kirchstrasse,4,3097,,46.9303544,7.4283882,Mo-Fr 08:00-19:00; Sa 08:00-17:00,https://www.coop.ch/,Coop
node,1748875664,Denner,Denner,,supermarket,,,,,47.0790794,7.3035751,,,Denner
node,1750147269,Denner,Denner,,supermarket,,,,,46.1768642,9.0148119,,,Denner
node,1752258942,Coop,Coop,,supermarket,,,,,46.5207429,6.6376246,Mo-Fr 07:30-19:00; Sa 07:30-18:00,,Coop
node,1756956245,Coop,Coop,Coop Genossenschaft,supermarket,Bärengasse,16,8001,Zürich,47.3702894,8.5371359,Mo-Fr 06:30-20:00; Sa 07:00-17:00,,Coop
node,1774376850,Migros,Migros,Genossenschaft Migros Zürich,supermarket,Oberdorf,44,8752,Näfels,47.0936368,9.0595708,Mo-Sa 08:00-20:00; PH off,https://filialen.migros.ch/de/migros-supermarkt-naefels,Migros
node,1781699424,Coop,Coop,Coop Genossenschaft,supermarket,Neugasse,48,9000,St. Gallen,47.4242801,9.374364,"Mo-We, Fr 07:00-19:00; Th 07:00-20:00; Sa 07:00-18:00",https://www.coop.ch/,Coop
node,1782444483,Satellite Denner,,,supermarket,,,,,46.252585,9.0198186,,,Denner
node,1794707586,Coop,Coop,,supermarket,,,,,47.5342084,7.5931344,Mo-Fr 07:30-18:30; Sa 07:30-16:00,,Coop
node,1795622332,Denner,Denner,,supermarket,,,,,47.387203,9.2767202,,,Denner
node,1796140085,Coop,Coop,,supermarket,,,1007,,46.5102628,6.6262013,Mo-Fr 07:30-19:00; Sa 07:30-18:00,https://www.coop.ch/fr/magasins/coop-supermarche-lausanne-la-harpe/1304_POS,Coop
node,1804876727,Coop,Coop,,supermarket,Rue de la Servette,81,1202,Genève,46.212616,6.13149,Mo-We 07:30-19:00; Th 07:30-21:00; Fr 07:30-19:30; Sa 07:30-18:00,https://www.coop.ch/fr/magasins/coop-supermarche-geneve-servette/1962_POS,Coop
node,1805821597,Migros,Migros,Genossenschaft Migros Aare,supermarket,Talweg,6,3063,Ittigen,46.9742613,7.4851349,"Mo-Th 08:00-19:00, Fr 08:00-20:00, Sa 07:30-17:00; PH off",https://filialen.migros.ch/de/migros-supermarkt-ittigen,Migros
node,1806195326,Migros,Migros,,supermarket,Rue de Combamare,21,2025,,46.8998759,6.7840685,"Mo-We, Fr 08:00-19:00; Th 08:00-20:00; Sa 08:00-18:00",https://www.migros.ch,Migros
node,1813194134,Coop,Coop,,supermarket,Route de Suisse,77,,Versoix,46.280775,6.1665302,,,Coop
node,1814667113,Denner Partner,Denner,,supermarket,Schufelistrasse,2,8863,Buttikon SZ,47.173469,8.957314,,,Denner
node,1816121559,Lidl,Lidl,,supermarket,Muttenzerstrasse,94,4133,Pratteln,47.5202491,7.6803237,,,Lidl
node,1817263655,Denner,Denner,,supermarket,,,,,46.3452666,7.0159158,,,Denner
node,1819434470,Denner,Denner,,supermarket,Zugerstrasse,47,6312,Steinhausen,47.19185,8.4884315,Mo-Th 07:30-19:00; Fr 07:30-20:00; Sa 07:30-17:00,,Denner
node,1825830257,Coop,Coop,,supermarket,Rathausstrasse,45,4410,Liestal,47.4839643,7.7351577,Mo-Sa 08:00-19:00,,Coop
node,1826350410,Denner,Denner,Denner AG,supermarket,Hauptstrasse,76,6182,Escholzmatt,46.9164032,7.9355269,,,Denner
node,1827322785,Migros,,,supermarket,,,,,47.21953,7.197749,Mo-Th 08:00-19:00; Fr 08:00-20:00; Sa 08:00-17:00; Su off,https://filialen.migros.ch/de/migros-supermarkt-tavannes,Migros
node,1827322787,Denner,Denner,,supermarket,,,,,47.2190709,7.1991223,,,Denner
node,1830151553,Migros,Migros,Genossenschaft Migros Aare,supermarket,Wiesenstrasse,28,4900,Langenthal,47.2144731,7.7841206,"Mo-Th 08:00-20:00, Fr 08:00-21:00, Sa 07:30-17:00; PH off",https://filialen.migros.ch/de/migros-supermarkt-langenthal,Migros
node,1831310604,Migros,Migros,Genossenschaft Migros Zürich,supermarket,Rütistrasse,1,8820,Wädenswil,47.2353206,8.6375562,Mo-Sa 08:00-19:00,https://filialen.migros.ch/de/migros-supermarkt-waedenswil-zuerisee-center,Migros
node,1834242699,Coop,Coop,Coop Schweiz,supermarket,Unterdorfstrasse,7,3427,Utzenstorf,47.1315425,7.556876,,,Coop
node,1835614771,Denner,Denner,,supermarket,,,,,47.4361913,8.2907108,,,Denner
node,1839512702,Coop,Coop,Coop Genossenschaft,supermarket,,,,,47.526396,8.6690455,Mo-Fr 07:30-19:00;Sa 07:30-18:00,,Coop
node,1839513231,Denner Satellit,,,supermarket,Schulstrasse,,,,47.5271115,8.6672924,,,Denner
node,1841363692,Denner,Denner,,supermarket,,,,,47.4361345,8.5683825,Mo-Fr 07:00-20:00; Sa 07:00-20:00,,Denner
node,1841363712,Migros,Migros,Genossenschaft Migros Zürich,supermarket,Wallisellerstrasse,8,8152,Glattbrugg,47.4341523,8.5676371,Mo-Sa 07:30-20:00; PH off,https://filialen.migros.ch/de/migros-supermarkt-glattbrugg,Migros
node,1841363726,Coop,,,supermarket,,,,,47.4343536,8.5670069,Mo-Sa 07:00-20:00,,Coop
node,1841821791,Migros,Migros,Genossenschaft Migros Luzern,supermarket,Zihlmattweg,46,6005,Luzern,47.0313468,8.3046528,"Mo-Th 08:00-19:00, Fr 08:00-20:00, Sa 08:00-17:00; PH off",https://filialen.migros.ch/de/migros-supermarkt-luzern-allmend,Migros
node,1843121780,Coop,Coop,Coop Genossenschaft,supermarket,,,,,47.5612694,8.8871914,Mo-Fr 08:00-20:00; Sa 08:00-18:00; PH closed,,Coop
node,1844478113,Denner,Denner,,supermarket,,,,,47.0900197,6.8027152,,,Denner
node,1844478116,Migros,Migros,,supermarket,,,,,47.0903378,6.8035097,Mo-We 08:00-19:00; Th 08:00-20:00; Fr 08:00-19:00; Sa 08:00-18:00; Su off,https://filialen.migros.ch/de/migros-supermarkt-les-eplatures,Migros
node,1845274470,Coop,Coop,,supermarket,,,,,47.4684699,9.589516,Mo-Fr 06:30-19:00; Sa 06:30-17:00,,Coop
node,1845274478,Migros,Migros,,supermarket,,,,,47.4683901,9.5886872,Mo-Fr 07:30-19:00; Sa 07:30-17:00,,Migros
node,1845291678,Coop,Coop,Coop Genossenschaft,supermarket,Luzernerstrasse,3,5643,Sins,47.190721,8.395948,Mo-Sa 07:30-20:00,https://www.coop.ch/,Coop
node,1851306349,Coop,Coop,,supermarket,,,,,46.2373956,9.1275004,,,Coop
node,1853060107,Denner,Denner,,supermarket,,,,,47.21041,7.7912701,,,Denner
node,1853060110,Denner,Denner,,supermarket,,,,,47.21462,7.7841598,Mo-Fr 08:00-20:00; Fr 08:00-21:00; Sa 07:30-17:00; Su off; PH off,,Denner
node,1871618582,Denner,Denner,,supermarket,,,,,46.1868511,6.1385204,Mo-We 07:30-19:00; Th 07:30-20:00; Fr 07:30-19:30; Sa 07:30-18:00,,Denner
node,1873142600,Aldi,ALDI,Aldi Suisse,supermarket,Hofwisenstrasse,42,8153,Rümlang,47.4504741,8.5381901,Mo-Sa 07:30-20:00; PH off,https://www.aldi-suisse.ch/,Aldi
node,1873142602,Migros,Migros,Genossenschaft Migros Zürich,supermarket,Hofwisenstrasse,40a,8153,Rümlang,47.4507281,8.5374676,Mo-Sa 08:00-20:00; PH off,https://filialen.migros.ch/de/migros-supermarkt-ruemlang-hofwisencenter,Migros
node,1884921454,coop,Coop,Coop,supermarket,Dorfstrasse,4c,3506,Grosshöchstetten,46.9060853,7.6391115,Mo-Th 08:00-19:00; Fr 08:00-20:00; Sa 08:00-17:00,,Coop
node,1904401706,Migros,Migros,Genossenschaft Migros Zürich,supermarket,,,8606,Greifensee,47.3677261,8.6794858,"Mo-Fr 08:00-20:00, Sa 08:00-18:00; PH off",https://filialen.migros.ch/de/migros-supermarkt-greifensee,Migros
node,1912744012,Denner,Denner,,supermarket,,,,,46.681907,7.8523297,"Mo-Th 08:00-19:00, Fr 08:00-21:00, Sa 08:00-18:00",,Denner
node,1918200363,Migros,Migros,Genossenschaft Migros Aare,supermarket,,,,,46.9450069,7.3744929,Mo-Th 08:00-20:00; Fr 08:00-21:00; Sa 08:00-17:00; Su off,https://filialen.migros.ch/de/migros-supermarkt-bern-westside,Migros
node,1923296986,Denner,Denner,,supermarket,Staatsstrasse,49,9472,Grabs,47.177146,9.4490599,Mo-Sa 07:00-19:00,,Denner
node,1924190167,Coop,Coop,,supermarket,Weissensteinstrasse,16,,,47.2200898,7.5151207,Mo-Th 07:30-18:30; Fr 07:30-20:00; Sa 07:30-18:00; PH off,,Coop
node,1925758931,Coop,Coop,Coop Genossenschaft,supermarket,Birmensdorferstrasse,200,8003,Zürich,47.3707927,8.5158561,Mo-Sa 07:30-21:00; PH off,,Coop
node,1927855587,Coop,Coop,,supermarket,,,,,46.9247561,7.6281108,,https://www.coop.ch/de/unternehmen/standorte-und-oeffnungszeiten/detail.html/1388/coop-supermarkt-biglen.html,Coop
node,1928159465,Coop,Coop,Coop Société Coopérative,supermarket,Rue Daubin,25,1203,Genève,46.2068801,6.1297887,"Mo-We, Fr 07:30-19:00; Th 07:30-20:00; Sa 07:30-18:00",https://www.coop.ch/fr/entreprise/adresses-et-horaires/detail.html/1293/coop-supermarche-geneve-daubin.html,Coop
node,1928241013,Coop Sumiswald,,,supermarket,,,,,47.0294129,7.7442112,Mo-Th 07:30-19:00; Fr 07:30-20:00; Sa 07:30-17:00,,Coop
node,1928532319,Denner,Denner,,supermarket,Avenue de Préville,,1510,Moudon,46.6699839,6.803493,,,Denner
node,1933700282,Coop,Coop,,supermarket,,,,,46.9254407,7.3781805,Mo-Fr 07:00-19:00; Sa 07:00-17:00,https://www.coop.ch/de/standorte/coop-supermarkt-niederwangen/1396_POS,Coop
node,1934829189,Coop,,Coop Genossenschaft,supermarket,Gutstrasse,159,8047,Zürich,47.3737493,8.5023375,Mo-Sa 07:30-20:00,https://www.coop.ch/,Coop
node,1936519335,Lidl,Lidl,Lidl Schweiz AG,supermarket,Rue Prévost-Martin,61,1205,Genève,46.1916389,6.1446885,Mo-We 08:00-19:00; Th 08:00-21:00; Fr 08:00-19:30; Sa 08:00-18:00,https://www.lidl.ch/s/fr-CH/recherche-filiale/geneve/rue-prevost-martin-61/,Lidl
node,1936519750,Denner,Denner,Denner SA,supermarket,Rue Prévost-Martin,36,1205,Genève,46.192746,6.1447911,Mo-Sa,https://www.denner.ch/fr/succursales/1205-geneve~s1145778,Denner
node,1936565084,Migros,Migros,Société Coopérative Migros Genève,supermarket,Rue de Carouge,64,1205,Genève,46.1931038,6.1435867,Mo-We 08:00-19:00; Th-Fr 08:00-19:30; Sa 08:00-18:00,https://filialen.migros.ch/fr/supermarche-migros-geneve-plainpalais/,Migros
node,1936592170,Coop,Coop,,supermarket,Rue de Carouge,78,,Genève,46.1922331,6.1437699,Mo-We 07:30-19:00; Th 07:30-21:00; Fr 07:30-19:30; Sa 07:30-18:00,https://www.coop.ch/fr/entreprise/adresses-et-horaires/detail.html/1960/coop-supermarche-geneve-augustins.html,Coop
node,1937738037,Denner,Denner,,supermarket,,,,,47.4948121,8.7402716,Mo-Fr 07:30-20:00; Sa 08:00-18:00,,Denner
node,1939422056,Coop,Coop,,supermarket,Rue Louis-d'Affry,4,1700,Fribourg,46.8037059,7.1504196,Mo-Sa 06:00-21:00; Su 07:00-19:00,https://www.coop.ch/en/locations/coop-supermarche-fribourg-gare/4876_POS?lat=46.8125412&long=7.1276012,Coop
node,1940038046,Coop,Coop,,supermarket,,,,,46.1747018,6.0833557,Mo-We 07:30-19:00; Th 07:30-20:00; Fr 07:30-19:30; Sa 07:30-18:00,,Coop
node,1946649220,Lidl,Lidl,,supermarket,Chemin de la Zima,5,1860,Aigle,46.3187924,6.9620194,"Mo-Th 07:30-18:30; Fr 07:30-21:00; Sa 07:30-17:00; Su,PH off",,Lidl
node,1951773716,Migros,Migros,,supermarket,Rue du Marché,16,1227,Carouge GE,46.1834404,6.1410491,Mo-We 07:30-19:00; Th 07:30-20:00; Fr 07:30-19:30; Sa 07:30-18:00; Su off,,Migros
node,1956181159,Coop,,,supermarket,,,,,46.9055006,7.2368982,,,Coop
node,1972489804,Denner,Denner,,supermarket,,,5605,,47.3817573,8.2396233,,,Denner
node,1975299755,Coop,Coop,COOP,supermarket,Route de la Fin,11,1874,Champéry,46.1752235,6.8710087,Mo-Su 08:00-19:00,,Coop
node,1976199299,Denner,Denner,,supermarket,,,,,46.3239086,7.9922826,,,Denner
node,1976199305,Migros,Migros,,supermarket,,,,,46.3253476,7.9900138,Mo-Fr 07:30-18:30; Sa 07:30-17:00; Su off,https://filialen.migros.ch/de/migros-supermarkt-naters,Migros
node,1981023464,Coop,Coop,,supermarket,Thunstrasse,68,3074,Muri bei Bern,46.932038,7.4843259,,,Coop
node,1982795942,Denner,Denner,,supermarket,,,,,47.3666127,7.9104003,Mo-Fr 08:00-18:30; Sa 07:30-18:00,,Denner
node,1982799911,Coop,Coop,Coop,supermarket,Winznauerstrasse,5,4632,Trimbach,47.3615272,7.9002786,Mo-Fr 07:30-18:30; Sa 07:30-18:00,,Coop
node,1989668095,Coop,Coop,Coop Genossenschaft,supermarket,Gwattstrasse,15,8808,,47.2007179,8.7942008,,,Coop
node,1989668103,Migros,Migros,Genossenschaft Migros Zürich,supermarket,Gwattstrasse,11,8808,Pfäffikon SZ,47.2004223,8.7932039,"Mo-Fr 09:00-21:00, Sa 08:00-18:00; PH off",https://filialen.migros.ch/de/migros-supermarkt-pfaeffikon-seedammcenter,Migros
node,2001262832,Coop,Coop,,supermarket,,,,,47.5410642,7.6201761,,,Coop
node,2019971413,Coop,Coop,,supermarket,Boulevard Carl-Vogt,22,,Genève,46.1997037,6.1325875,Mo-We 07:00-19:00; Th 07:00-20:00; Fr 07:00-19:30; Sa 07:00-18:00,https://www.coop.ch/fr/entreprise/adresses-et-horaires/detail.html/1112/coop-supermarche-geneve-jonction.html,Coop
node,2019971428,Migros,Migros,Société Coopérative Migros Genève,supermarket,Boulevard Carl-Vogt,6,,Genève,46.2007832,6.130593,Mo-We 07:30-19:00; Th 07:30-20:30; Sa 07:30-18:00; Fr 07:30-19:30,https://filialen.migros.ch/fr/supermarche-migros-geneve-jonction/,Migros
node,2020011095,Coop,Coop,,supermarket,,,,,46.822894,6.5014596,Mo-Th 08:00-18:30; Fr 08:00-20:00; Sa 08:00-18:00,,Coop
node,2020245066,Denner,Denner,,supermarket,,,,,47.6830033,8.6192546,Mo-Fr 08:00-19:00; Sa 08:00-18:00,,Denner
node,2020653206,Coop,Coop,,supermarket,,,,,47.478181,9.4905985,,,Coop
node,2024931905,MM Migros,,,supermarket,,,,,46.1749674,6.1225022,Mo-We 08:00-19:00; Th 08:00-20:00; Fr 08:00-19:30; Sa 08:00-18:00,,Migros
node,2026453689,Coop,Coop,,supermarket,,,,,47.0402075,9.0696542,Mo-Fr 07:00-19:00; Sa 07:00-18:00,,Coop
node,2026453690,Migros,Migros,Genossenschaft Migros Zürich,supermarket,Schweizerhofstrasse,6,8750,Glarus,47.0405887,9.071002,"Mo-Th,Sa 08:00-19:00; Fr 08:00-20:00; PH off",https://filialen.migros.ch/de/migros-supermarkt-glarus-zentrum-glaernisch,Migros
node,2028881218,Coop,Coop,Coop Genossenschaft,supermarket,Lindenplatz,6,8048,Zürich,47.3875596,8.4854662,"Mo-Sa 07:00-21:00; Su,PH off",,Coop
node,2029777183,Coop,Coop,Coop Genossenschaft,supermarket,Talackerstrasse,68,8152,Glattbrugg,47.4284996,8.5638978,Mo-Sa 07:00-20:00,,Coop
node,2029780256,Coop,Coop,Coop Genossenschaft,supermarket,Europastrasse,4,8152,Glattbrugg,47.4306614,8.5600017,Mo-Fr 06:30-21:00; Sa 08:00-20:00,,Coop
node,2032635561,Coop,Coop,Coop Genossenschaft,supermarket,Unterfeld,4a,6102,Malters,47.0374878,8.1795762,,,Coop
node,2036457812,Migros,Migros,Migros,supermarket,Route du Bois,1,1753,Matran,46.7812373,7.0889607,,,Migros
node,2037406221,Denner,Denner,,supermarket,,,,,47.5305515,7.5700228,,,Denner
node,2038173020,Denner,Denner,,supermarket,,,,,47.1945956,7.1445316,Mo-Sa 06:00-20:00; Su 07:00-18:00,,Denner
node,2045161980,Migros,Migros,Genossenschaft Migros Ostschweiz,supermarket,Bahnhofstrasse,54a,8590,Romanshorn,47.5642867,9.3668176,Mo-Fr 08:00-19:00; Sa 08:00-18:00; PH off,https://filialen.migros.ch/de/migros-supermarkt-romanshorn-hubzelg,Migros
node,2046209591,Denner,Denner,,supermarket,,,,,47.0387129,8.1835602,Mo-Th 07:30-18:30; Fr 07:30-20:00; Sa 07:30-16:00,https://www.denner.ch/de/filialen/denner-filiale-und-oeffnungszeiten/store/hellbuehlstrasse-10-6102-malters/,Denner
node,2048974437,Migros,Migros,Société Coopérative Migros Genève,supermarket,Rue des Pâquis,41,1201,Genève,46.2123799,6.1496911,"Mo-We, Fr 07:30-19:00; Th 07:30-19:30; Sa 07:30-18:00",https://filialen.migros.ch/fr/supermarche-migros-geneve-navigation/,Migros
node,2048975635,Coop,Coop,,supermarket,Rue des Pâquis,35,1201,Genève,46.2119456,6.1494282,Mo-We 07:30-19:00; Th 07:30-21:00; Fr 07:30-19:30; Sa 07:30-18:00,https://www.coop.ch/fr/entreprise/adresses-et-horaires/detail.html/1439/coop-supermarche-geneve-paquis.html,Coop
node,2051795875,Coop,Coop,,supermarket,,,,,47.4647855,7.8519313,Mo-Fr 08:00-20:00; Sa 07:30-18:00,,Coop
node,2065517375,Migros,Migros,Genossenschaft Migros Ostschweiz,supermarket,Biberstrasse,30,8240,Thayngen,47.7488071,8.7066278,"Mo-Fr 08:00-19:00, Sa 08:00-18:00; PH off",https://filialen.migros.ch/de/migros-supermarkt-thayngen,Migros
node,2076304484,Coop,Coop,,supermarket,Marktstrasse,21,8890,Flums,47.0905081,9.34507,Mo-Fr 08:00-19:00; Sa 07:30-18:00,https://www.coop.ch/,Coop
node,2076304500,Lidl,Lidl,,supermarket,Lochrietstrasse,29,8890,Flums,47.0969482,9.3547555,"Mo-We, Fr 07:30-20:00; Th 07:30-21:00; Sa 07:30-18:00",https://www.lidl.ch/,Lidl
node,2077989546,Denner Satellit,,,supermarket,,,,,47.2723685,8.3418337,Mo-Fr 07:00-20:00; Sa 07:30-18:00; Su off,,Denner
node,2077989547,Migros,Migros,Genossenschaft Migros Aare,supermarket,Kirchfeldstrasse,8,5630,Muri AG,47.2721282,8.3420052,Mo-Sa 07:30-20:00; PH off; Su off,https://filialen.migros.ch/de/migros-supermarkt-muri-ag,Migros
node,2078966780,Denner,Denner,,supermarket,Rüediswilerstrasse,79,6017,Ruswil,47.0883439,8.1126209,"Mo-Th 08:00-19:00, Fr 08:00-20:00, Sa 08:00-17:00; PH off",https://www.denner.ch/de/filialen/denner-filiale-und-oeffnungszeiten/store/einkaufszentrum-rueediswilerstrasse-79-6017-ruswil/,Denner
node,2078966782,Migros,Migros,Genossenschaft Migros Luzern,supermarket,Rüediswilerstrasse,79,6017,Ruswil,47.0882122,8.1128659,"Mo-Th 08:00-19:00, Fr 08:00-20:00, Sa 08:00-17:00; PH off",https://filialen.migros.ch/de/migros-supermarkt-ruswil,Migros
node,2080086546,Coop,Coop,,supermarket,,,,,47.3076251,8.5542741,Mo-Sa 07:00-20:00,,Coop
node,2081034362,Migros,Migros,Genossenschaft Migros Aare,supermarket,Aarburgerstrasse,5,4800,Zofingen,47.2912611,7.9421795,"Mo-We 08:00-19:00, Th-Fr 08:00-20:00, Sa 07:30-20:00; PH off",https://filialen.migros.ch/de/migros-supermarkt-zofingen,Migros
node,2081034378,Coop,Coop,,supermarket,Aarburgerstrasse,4,4800,Zofingen,47.2921585,7.9425629,Mo-Sa 07:30-20:00,https://www.coop.ch/de/unternehmen/standorte-und-oeffnungszeiten/detail.html/1933/coop-supermarkt-zofingen.html,Coop
node,2087692005,Denner,Denner,,supermarket,,11,4418,Reigoldswil,47.3972805,7.6912342,,,Denner
node,2090983741,Migros,Migros,Genossenschaft Migros Luzern,supermarket,Grabenstrasse,5,6300,Zug,47.1652582,8.5151305,"Mo-Fr 08:00-19:00, Sa 08:00-17:00; PH off",https://filialen.migros.ch/de/migros-supermarkt-zug-grabenstrasse,Migros
node,2093552869,Lidl,Lidl,,supermarket,,,,,47.3051072,7.9286466,Mo-Sa 07:30-21:00; PH off,https://www.lidl.ch,Lidl
node,2095618278,Migros,Migros,,supermarket,Sonnentalstrasse,2,9410,Heiden,47.4388833,9.5363312,Mo-Fr 07:30-19:00; Sa 07:30-18:00; Su off,https://filialen.migros.ch/de/migros-supermarkt-heiden,Migros
node,2102717803,Migros,Migros,Genossenschaft Migros Ostschweiz,supermarket,Weinlandstrasse,4,8451,Kleinandelfingen,47.6017772,8.6885448,Mo-Fr 08:00-20:00; Sa 08:00-19:00; PH off,https://filialen.migros.ch/de/migros-supermarkt-andelfingen,Migros
node,2105411784,Coop,Coop,,supermarket,,,,,47.3214327,7.7947299,,,Coop
node,2105814536,Coop,Coop,,supermarket,,,,,47.5564494,7.5718704,Mo-Fr 07:30-20:00; Sa 07:30-18:00,https://www.coop.ch/de/unternehmen/standorte-und-oeffnungszeiten/detail.html/1175/coop-supermarkt-basel-allschwilerstrasse.html,Coop
node,2105814888,Aldi,Aldi Suisse,,supermarket,Türkheimerstrasse,4-6,4055,Basel,47.5574254,7.5748141,Mo-Fr 08:00-20:00; Sa 08:00-18:00,https://www.aldi-suisse.ch,Aldi
node,2110444307,Denner,Denner,,supermarket,,,,,47.5675929,9.1106699,Mo-Fr 08:00-19:00; Sa 08:00-18:00,,Denner
node,2110931947,Denner,Denner,,supermarket,,,,,46.6136137,6.5065513,Mo-Fr 08:00-18:00; Sa 07:30-18:00; Su 08:00-12:00,,Denner
node,2112116513,Coop,Coop,,supermarket,Rue de Lausanne,38,1201,Genève,46.2132363,6.145713,"Mo-We, Fr 07:30-19:00; Th 07:30-21:00; Sa 07:30-18:00",https://www.coop.ch/fr/entreprise/adresses-et-horaires/detail.html/1864/coop-supermarche-geneve-rue-de-lausanne.html,Coop
node,2112741248,ALDI,ALDI,,supermarket,,,,,47.4985972,8.905922,Mo-Fr 08:00-20:00; Sa 08:00-18:00,,Aldi
node,2117995995,Denner,Denner,,supermarket,,,,,47.2761119,8.4502367,,,Denner
node,2118018216,Denner Satellit,Denner,,supermarket,Dorfplatz,2,8852,Altendorf,47.1919808,8.8297452,Mo-Fr 07:00-19:00; Sa 07:00-17:00; PH off,https://www.denner.ch/,Denner
node,2123887401,Denner,Denner,,supermarket,Route du Bois,,,,46.7788224,7.090044,,,Denner
node,2123887402,Denner,Denner,,supermarket,,,,,46.7808984,7.0882623,,,Denner
node,2129892552,Coop,Coop,,supermarket,,,,,46.1924486,6.2016551,,,Coop
node,2142438881,Coop,Coop,,supermarket,,,,,46.7978083,7.1228215,Mo-Th 08:00-19:00; Fr 08:00-21:00; Sa 08:00-16:00,https://www.coop.ch/fr/magasins/coop-supermarche-villars-sur-glane/5707_POS,Coop
node,2164514670,Coop,Coop,,supermarket,,,,,46.1823596,7.2905925,,,Coop
node,2164514672,Migros,Migros,,supermarket,,,,,46.1819559,7.2921413,Mo-Su 08:00-19:00,https://filialen.migros.ch/de/migros-supermarkt-haute-nendaz,Migros
node,2172211044,Denner,Denner,,supermarket,Thunstrasse,11,3110,Münsingen,46.872745,7.5626681,,,Denner
node,2177181921,Coop,Coop,,supermarket,Poststrasse,16,7050,Arosa,46.7831287,9.6848223,Mo-Sa 08:00-19:00; Su 09:00-18:00,,Coop
node,2179723208,Denner,Denner,,supermarket,,,,,46.7404675,7.290556,Mo-Fr 08:00-18:30; Sa 07:30-16:00,,Denner
node,2179723209,Migros,Migros,,supermarket,,,,,46.7405139,7.2904016,Mo-Th 08:00-19:00; Fr 08:00-20:00; Sa 07:30-16:00,,Migros
node,2186836035,Migros,Migros,,supermarket,Rue Mauverney,22,1196,Gland,46.4169304,6.2764546,Mo-Sa 08:00-19:00,,Migros
node,2188150658,Denner,Denner,,supermarket,,,,,46.7760529,7.161304,Mo-Th 08:00-19:00; Fr 08:00-20:00; Sa 08:00-16:00; PH off,https://www.denner.ch/fr/succursales/stores-detail-page/store/centre-commercial-route-de-pralette-1-1723-marly/,Denner
node,2188913027,Denner,Denner,Denner SA,supermarket,Boulevard Carl-Vogt,12,1205,Genève,46.200608,6.130988,Mo-We 07:30-19:00; Th 07:30-20:00; Fr 07:30-19:30; Sa 07:30-18:00,https://www.denner.ch/fr/succursales/1205-geneve~s1144950,Denner
node,2193355610,Denner,Denner,,supermarket,,,,,46.7452678,7.6444751,Mo-Fr 08:00-19:00; Sa 07:30-17:00; Su off,,Denner
node,2195016523,Denner Satellit,,,supermarket,Länggasse,4,3292,,47.0978869,7.3183922,,,Denner
node,2195627205,Coop,,,supermarket,Bahnhofstrasse,7,3292,,47.0995244,7.3208,,,Coop
node,2204677096,Coop,Coop,,supermarket,,,,,46.538386,6.5819153,Mo-Fr 08:00-19:00; Sa 07:30-17:00; PH off,https://www.coop.ch/,Coop
node,2212710376,Coop,Coop,,supermarket,,,,,46.9481457,7.4459907,"Mo-We 07:00-19:00; Fr 07:00-20:00; Sa 07:00-18:00; Su,PH off; Th 07:00-20:00",https://www.coop.ch/de/standorte/coop-supermarkt-bern-marktgasse/5744_POS,Coop
node,2228946681,Denner,Denner,,supermarket,,,,,47.300029,8.5491177,,,Denner
node,2228946682,Migros,Migros,Genossenschaft Migros Zürich,supermarket,Zürcherstrasse,4,8803,Rüschlikon,47.3003679,8.5488069,Mo-Sa 08:00-20:00; PH off,https://filialen.migros.ch/de/migros-supermarkt-rueschlikon-parkside,Migros
node,2233923225,Coop,Coop,Coop,supermarket,,,,,46.8779359,7.0316488,,,Coop
node,2247299136,Denner,Pam,,supermarket,,,,,46.173062,6.1227814,Mo-We 07:30-19:00; Th 07:30-20:00; Fr 07:30-19:30; Sa 07:30-18:00,,Denner
node,2249840622,Denner Satellit,Denner,,supermarket,Hofackerstrasse,37,8953,,47.3956821,8.4149979,,,Denner
node,2264702137,Coop,Coop,Coop Genossenschaft,supermarket,Badenerstrasse,650,8048,Zürich,47.3874101,8.4889206,Mo-Sa 07:30-20:00; PH off,https://www.coop.ch/,Coop
node,2269753283,Coop,Coop,,supermarket,,,,,46.7076353,6.8389432,Mo-Fr 07:30-19:00; Sa 07:30-17:00,,Coop
node,2276800247,Coop,,,supermarket,,,,,46.987902,7.3846912,"Mo-Fr 07:00-19:00; Sa 07:00-17:00; Su,PH closed",,Coop
node,2277983292,Aldi,Aldi,,supermarket,Murtenstrasse,143,3008,Bern,46.9491034,7.4094765,"Mo-Fr 07:30-20:00; Sa,PH -1 day 07:30-17:00; Su,PH off",https://www.aldi-suisse.ch,Aldi
node,2288028365,Coop,Coop,,supermarket,,,,,47.2670014,8.4239333,,,Coop
node,2289453126,Aldi,ALDI,Aldi Suisse,supermarket,,,,,47.3325457,8.6235706,Mo-Sa 07:30-20:00; PH off,https://www.aldi-suisse.ch/,Aldi
node,2289483628,Migros,Migros,Genossenschaft Migros Zürich,supermarket,Dorfstrasse,17,8126,Zumikon,47.336624,8.6191373,Mo-Fr 08:00-20:00; Sa 08:00-18:00; PH off,https://filialen.migros.ch/de/migros-supermarkt-zumikon,Migros
node,2289485720,Denner,Denner,Denner,supermarket,Dorfstrasse,17,8126,Zumikon,47.3365173,8.6190273,Mo-Fr 08:00-20:00; Sa 08:00-18:00; PH off,https://www.denner.ch/de/,Denner
node,2297683316,Denner,Denner,,supermarket,,,,,47.3079316,7.6889067,,,Denner
node,2297683318,Migros,Migros,Genossenschaft Migros Aare,supermarket,Goldgasse,13,4710,Balsthal,47.3167934,7.6953332,"Mo-Th 08:00-18:30, Fr 08:00-20:00, Sa 07:30-18:00; PH off",https://filialen.migros.ch/de/migros-supermarkt-balsthal,Migros
node,2297683323,Coop,Coop,,supermarket,,,,,47.3165752,7.694888,,,Coop
node,2301801419,Denner,Denner,,supermarket,,,,,46.7793604,6.6412126,Mo-Fr 08:00-18:30; Sa 08:00-18:00,,Denner
node,2302870551,Coop,Coop,Coop Genossenschaft,supermarket,Titliszentrum,5,6390,Engelberg,46.8206371,8.4047956,"Mo-Fr 07:30-20:00, We 09:00-18:00, Sa 07:30-18:00, Su 09:00-18:00",,Coop
node,2315663108,Coop,Coop,,supermarket,Chemin des Fleurettes,,1854,Leysin,46.3426285,7.0112949,Mo-Su 08:00-19:00,,Coop
node,2317012358,Coop,Coop,,supermarket,,,,,47.2793981,8.6153199,Mo-Sa 07:30-20:00,,Coop
node,2320414533,Coop,Coop,,supermarket,,,,,46.1856999,8.9921948,,,Coop
node,2320598267,Coop,,,supermarket,Bahnhofstrasse,3,8965,Berikon,47.3616398,8.3678163,Mo-Fr 08:00-20:00;Sa 07:30-20:00;PH closed,,Coop
node,2321259362,Aldi,Aldi Suisse,Aldi Suisse SA,supermarket,Rue du Grand-Bay,21,,Les Avanchets,46.2210563,6.1093575,Mo-We 07:30-19:00; Th 07:30-20:00; Fr 07:30-19:30; Sa 07:30-18:00,https://www.aldi-suisse.ch/fr/filiales-et-heures-douverture/l/les-avanchets/rue-du-grand-bay-21/e443,Aldi
node,2323174782,Coop,Coop,Coop Genossenschaft,supermarket,Europaallee,5,8004,Zürich,47.3777313,8.5347195,Mo-Fr 06:30-21:00; Sa 07:30-21:00,,Coop
node,2324730434,Coop,,Coop,supermarket,,,,,47.4948662,8.7127513,Mo-Fr 08:00-20:00; Sa 08:00-18:00,https://www.lokwerk.ch/,Coop
node,2330421254,Migros,Migros,Genossenschaft Migros Zürich,supermarket,Altstetterstrasse,145,8048,Zürich,47.3882833,8.4875671,Mo-Sa 08:00-20:00; PH off,https://filialen.migros.ch/de/migros-supermarkt-zuerich-altstetten-neumarkt,Migros
node,2334120309,Denner,Denner,,supermarket,Avenue d'Echallens,68,1004,Lausanne,46.5278037,6.6170201,Mo-Fr 07:30-19:00; Sa 07:30-18:00,,Denner
node,2335085510,Coop,Coop,Coop Genossenschaft,supermarket,Wallisellenstrasse,333,8050,Zürich,47.4111941,8.5626146,Mo-Fr 08:00-20:00; Sa 07:30-20:00,,Coop
node,2339470135,Denner,Denner,,supermarket,,,,,47.5681608,7.5789892,,,Denner
node,2341904567,Migros,Migros,,supermarket,,,,,47.1870513,9.4423208,Mo-Fr 07:00-19:00; Sa 07:00-17:00,,Migros
node,2349325493,Coop,Coop,,supermarket,,,,,46.8853624,7.3882936,Mo-Fr 07:00-19:00; Sa 07:00-17:00,,Coop
node,2352057195,Coop,Coop,Coop Genossenschaft,supermarket,Allmeindstrasse,17,8645,Jona,47.2314125,8.8364452,Mo-Fr 07:30-20:00; Sa 07:30-18:00,https://www.coop.ch/,Coop
node,2352059118,Migros,Migros,Genossenschaft Migros Zürich,supermarket,Molkereistrasse,5,8645,Jona,47.2314561,8.8372849,"Mo-Fr 07:30-20:00, Sa 07:30-18:00; PH off",https://filialen.migros.ch/de/migros-supermarkt-jona-stadttor,Migros
node,2352059782,Denner,Denner,,supermarket,Molkereistrasse,3,8645,Jona,47.2312974,8.8372862,Mo-Th 07:30-20:00; Sa 07:30-18:00,https://www.denner.ch/de/,Denner
node,2357397771,Coop,Coop,Coop Genossenschaft,supermarket,,,,,47.5633408,7.8420189,,,Coop
node,2357418757,Denner Satelit,,,supermarket,Aarbergstrasse,,3294,Büren an der Aare,47.1391273,7.366038,,,Denner
node,2360708386,Denner,Denner,,supermarket,Rue de la Poste / Poststrasse,17b,2504,Biel/Bienne,47.146142,7.2722562,Mo-Fr 08:00-19:00; Sa 08:00-17:00,,Denner
node,2367596133,Coop,Coop,,supermarket,Unterdorfstrasse,18,8370,Sirnach,47.4632759,8.9946561,Mo-Fr 08:00-20:00; Sa 08:00-19:00,,Coop
node,2373827677,Migros,Migros,Genossenschaft Migros Zürich,supermarket,,,,,47.4494982,8.5627649,Mo-Su 06:15-23:00,https://filialen.migros.ch/de/migros-supermarkt-zuerich-airport,Migros
node,2377108629,Denner,Denner,,supermarket,Route de Fribourg,44,1741,Cottens FR,46.7529838,7.0333292,"Mo-Th 06:30-18:45,13:00-17:30; Fr 06:30-21:00; Sa 07:00-16:00; Su 07:00-12:00",,Denner
node,2386732848,Denner,Denner,,supermarket,,,,,46.1518266,8.9119602,,,Denner
node,2391327659,Coop,Coop,,supermarket,Steinmürlistrasse,38,8953,Dietikon,47.4057127,8.3921258,"Mo-Sa 07:00-20:00; Su,PH off",https://www.coop.ch/,Coop
node,2392117324,ALDI,ALDI,,supermarket,Binningerstrasse,86,4123,Allschwil,47.5476493,7.5471367,Mo-Sa 07:30-20:00,,Aldi
node,2398356753,Migros,Migros,,supermarket,Zone Artisanale Entre deux Fossaux,2,1868,Collombey,46.265381,6.9563938,Mo-Th 07:30-18:30; Fr 07:30-21:00; Sa 07:30-17:00,,Migros
node,2398699167,Denner,Denner,,supermarket,,,,,46.0609147,8.9293016,,,Denner
node,2400417686,Denner,Denner,,supermarket,,,,,46.7832219,6.6347059,,,Denner
node,2401239033,Migros,Migros,Genossenschaft Migros Aare,supermarket,C. F. Ballystrasse,14,5012,Schönenwerd,47.3733668,8.0031319,Mo-Fr 08:00-18:30; Th 08:00-20:00; Sa 07:30-18:00; PH off,https://filialen.migros.ch/de/migros-supermarkt-schoenenwerd,Migros
node,2404853335,Coop,Coop,,supermarket,,,,,47.2673977,7.835783,Mo-Fr 07:00-20:00; Sa 07:30-18:00,,Coop
node,2404863565,Denner,Denner,,supermarket,,,,,47.0466408,7.1502912,"Mo-Fr 07:30-12:30,14:00-19:00; Sa 08:00-19:00; PH,Su 08:00-18:00",,Denner
node,2409832762,Migros - Arcenter,,,supermarket,Route de Montfleury,1,,Vernier,46.2169516,6.0836701,"Mo-We 08:00-19:00; Th,Fr 08:00-19:30; Sa 08:00-18:00",,Migros
node,2419351139,Coop,Coop,Coop Genossenschaft,supermarket,Kaltenbacherstrasse,32,8260,Stein am Rhein,47.6532351,8.853057,Mo-Fr 07:30-20:00; Sa 07:30-18:00,https://www.coop.ch/,Coop
node,2419669814,Migros,Migros,Genossenschaft Migros Zürich,supermarket,Bahnhofstrasse,28,8180,Bülach,47.5211702,8.5405201,"Mo-Fr 08:00-20:00, Sa 08:00-18:00; PH off",https://filialen.migros.ch/de/migros-supermarkt-buelach-sonnenhof,Migros
node,2419796807,Denner,Denner,,supermarket,,,,,47.1836615,7.5631616,"Mo-Fr 08:00-18:30, Sa 08:00-18:00",,Denner
node,2422502845,Denner,Denner,,supermarket,Route de Sion,29,3960,,46.2901293,7.5252496,Mo-Fr 08:00-18:30; Sa 08:00-17:00; Su off,,Denner
node,2425949573,Denner,Denner,,supermarket,Route des Rottes,,1964,,46.2229661,7.3024958,"Mo-Th 08:00-18:30; Fr 08:00-20:00; Sa 08:00-17:00; PH,Su off",https://www.denner.ch/,Denner
node,2432510802,Coop,Coop,Coop,supermarket,,,,,46.5258756,6.6520576,Mo-Fr 07:30-19:00; Sa 07:30-18:00,http://www.coop.ch/pb/site/vstinfo/node/76518709/Lfr/index.htm#id=1869,Coop
node,2438372868,Denner,Denner,,supermarket,,,,,46.8290381,7.1467339,"Mo-We,Fr 08:00-19:00; Th 08:00-21:00; Sa 08:00-16:00; Su off",,Denner
node,2438372869,Migros,Migros,,supermarket,,,,,46.8288763,7.1468842,"Mo-We,Fr 07:30-19:00; Th 07:30-21:00; Sa 07:30-16:00",,Migros
node,2451974131,Migros,Migros,,supermarket,Avenue de Florissant,38,1020,Renens,46.5307735,6.5982907,Mo-Fr 08:00-19:00; Sa 07:30-17:00,https://filialen.migros.ch/fr/supermarche-migros-renens-florissant,Migros
node,2456030635,Migros,Migros,Genossenschaft Migros Basel,supermarket,Lehenmattstrasse,260,4052,Basel,47.5470184,7.6208521,"Mo-Fr 07:30-20:00, Sa 07:30-18:00",https://filialen.migros.ch/de/migros-supermarkt-lehenmatt,Migros
node,2457750332,Denner,Denner,,supermarket,Fliederweg,2,8107,Buchs ZH,47.4567151,8.4388945,Tu-Fr 07:30-19:00; Sa 07:30-17:00,https://www.denner.ch/de/filialen/store/fliederweg-2-8107-buchs-zh/,Denner
node,2469423534,Coop,Coop,Coop Schweiz AG,supermarket,Bahnhofstrasse,37,9475,Sevelen,47.1226187,9.4896551,,https://www.coop.ch/,Coop
node,2469452579,Aldi,Aldi,Aldi Suisse AG,supermarket,,,,,47.1247741,9.4970875,,http://www.aldi.ch,Aldi
node,2470047819,Migros,Migros,,supermarket,Route Louis Favre,8A,1024,Ecublens (VD),46.5229222,6.5656983,Mo-Fr 07:30-20:00; Sa 08:00-18:00,,Migros
node,2470508407,Migros,Migros,Genossenschaft Migros Wallis,supermarket,Hofmattstrasse,12,3920,Zermatt,46.0217606,7.7481937,Mo-Su 08:00-19:00,,Migros
node,2485517212,Migros,Migros,Genossenschaft Migros Basel,supermarket,Hochbergerstrasse,70,4057,Basel,47.5800952,7.5961798,"Mo-Fr 09:00-20:00, Sa 09:00-18:00; PH off",https://filialen.migros.ch/de/migros-supermarkt-basel-stuecki,Migros
node,2489849792,Denner,Denner,,supermarket,,,,,46.5228102,6.5657045,Mo-Fr 07:30-20:00; Sa 08:00-18:00,,Denner
node,2490794249,Migros,Migros,Migros,supermarket,Rue de la Borde,3B,1018,Lausanne,46.5271839,6.6330349,Mo-Fr 07:30-19:00; Sa 07:30-18:00; Su off,https://filialen.migros.ch/de/migros-supermarkt-lausanne-la-borde-2,Migros
node,2490794259,Denner,Denner,Denner,supermarket,Rue de la Borde,3B,1018,Lausanne,46.5269942,6.6331512,,https://www.denner.ch/,Denner
node,2492051833,Denner,Denner,,supermarket,Zürcherstrasse,4,8640,Rapperswil SG,47.2292135,8.8206472,Mo-Fr 08:00-20:00; Sa 08:00-18:00,https://www.denner.ch/,Denner
node,2496030013,Denner,Denner,,supermarket,,,,,46.8650578,7.1251251,,,Denner
node,2510644536,Denner,Denner,,supermarket,,,,,47.5565642,8.8815264,Mo-Fr 07:30-20:00; Sa 07:30-18:00; PH closed,,Denner
node,2516241931,Coop,Coop,Coop Genossenschaft,supermarket,Vulkanplatz,,8048,Zürich,47.3921264,8.4898151,Mo-Sa 06:00-22:00; Su 08:00-20:00,,Coop
node,2519058633,Coop,Coop,,supermarket,,,,,46.9667539,9.5557648,Mo-Fr 07:30-20:00; Sa 07:30-19:00,,Coop
node,2519546205,Coop,Coop,Coop,supermarket,,,,,46.53104,6.6192827,Mo-Fr 07:30-19:00; Sa 07:30-18:00,,Coop
node,2527809360,Migros,Migros,,supermarket,,,,,46.8100834,7.1480661,Mo-Th 07:30-19:00; Fr 07:30-21:00; Sa 07:30-16:00,,Migros
node,2527809361,Denner,Denner,,supermarket,,,,,46.8101882,7.1480737,Mo-Th 07:30-19:00; Fr 07:30-21:00; Sa 07:30-16:00,,Denner
node,2532709872,ALDI,ALDI,Aldi Suisse AG,supermarket,Ettiswilerstrasse,29,6130,Willisau,47.1261775,7.9963524,,,Aldi
node,2533251313,Migros,Migros,Genossenschaft Migros Luzern,supermarket,Mettenwilstrasse,11,6203,Sempach Station,47.1169875,8.1995094,"Mo-Th 07:30-19:00, Fr 07:30-20:00, Sa 07:30-17:00; PH off",https://filialen.migros.ch/de/migros-supermarkt-sempach-station,Migros
node,2548875263,Migros,Migros,,supermarket,,,,,46.1783276,9.0138827,"Mo, Tu, We, Fr 07:30-21:00; Th 07:30-21:00; Sa 07:30-18:30; Su off",https://filialen.migros.ch/de/migros-supermarkt-giubiasco,Migros
node,2548901103,Coop,Coop,,supermarket,,,,,46.1738104,9.0105108,,,Coop
node,2549769294,Coop,Coop,,supermarket,,,,,46.5343991,6.6060864,Mo-Th 08:00-19:00; Fr 08:00-20:00; Sa 08:00-18:00,,Coop
node,2550310281,Coop,Coop,,supermarket,,,,,47.4137972,9.1854914,,,Coop
node,2569600149,Coop,Coop,,supermarket,,,,,47.2122373,9.4950437,,,Coop
node,2570294608,Denner,Denner,Denner AG,supermarket,Kreuzstrasse,6,6130,Willisau,47.1229269,7.9948698,Mo-Th 07:30-19:00; Fr 07:30-20:00; Sa 07:30-17:00; PH off,,Denner
node,2570311006,Migros,Migros,Genossenschaft Migros Zürich,supermarket,Feldstrasse,6,8853,Lachen,47.1916974,8.8551943,"Mo-Fr 08:00-20:00, Sa 08:00-18:00; PH off",https://filialen.migros.ch/de/migros-supermarkt-lachen,Migros
node,2570311007,Coop,Coop,Coop Genossenschaft,supermarket,Feldstrasse,6,8853,Lachen,47.1916482,8.8555993,,,Coop
node,2570311008,Denner,Denner,,supermarket,Feldstrasse,6,8853,Lachen SZ,47.1914915,8.8550816,,,Denner
node,2577144470,Denner,Denner,,supermarket,Hauptstrasse,56,4132,Muttenz,47.525638,7.6471173,,,Denner
node,2577948127,Migros,Migros,Genossenschaft Migros Zürich,supermarket,,,,,47.1287297,8.7461406,"Mo-Fr 08:00-20:00, Sa 08:00-18:00; PH off",https://filialen.migros.ch/de/migros-supermarkt-einsiedeln,Migros
node,2579800173,Denner,Denner,,supermarket,,,,,46.6585308,7.6969163,"Mo-Fr 08:00-12:00,13:30-18:30; Sa 07:30-16:00",,Denner
node,2582178972,Coop,Coop,,supermarket,,,,,46.8098786,7.4788958,Mo-Th 07:30-19:00; Fr 07:30-20:00; Sa-Su 07:30-17:00,,Coop
node,2587754243,Coop,Coop,,supermarket,,,,,46.2035277,6.0960931,Mo-We 07:30-19:00; Th 07:30-20:00; Fr 07:30-19:30; Sa 07:30-18:00,,Coop
node,2587786267,Migros,Migros,,supermarket,Route de Thonon,55,,Vésenaz,46.240513,6.1985027,Mo-Th 08:00-19:00; Th-Fr 08:00-19:30; Sa 08:00-18:00; Su off,https://filialen.migros.ch/de/migros-supermarkt-collonge-bellerive-vesenaz,Migros
node,2592524387,Denner,Denner,Denner,supermarket,Via Campagnora,18,6713,Malvaglia,46.4121031,8.9775119,,,Denner
node,2594028783,Denner,Denner,,supermarket,,,,,47.5526219,8.8842754,Mo-Fr 08:00-20:00; Sa 08:00-18:00; PH closed,,Denner
node,2600919984,Coop,Coop,Coop Genossenschaft,supermarket,Bahnhofstrasse,2,6052,Hergiswil NW,46.9815929,8.3103345,"Mo-Fr 07:30-20:00, Sa 07:30-18:00",,Coop
node,2613273043,Denner,Denner,,supermarket,Turmstrasse,17,8330,Pfäffikon ZH,47.3683347,8.7807286,,,Denner
node,2615027671,Aldi,Aldi,,supermarket,Schrofenstrasse,18,8580,Amriswil,47.5478975,9.2756895,,,Aldi
node,2616464599,Lidl,Lidl,,supermarket,,,,,47.5467195,9.273836,,,Lidl
node,2617931468,Denner,Denner,,supermarket,,,,,46.1236754,7.9371826,"Mo-Fr 08:00-12:00,14:00-18:30; Sa 08:00-12:00,14:00-17:30",,Denner
node,2619445083,Migros,Migros,Migros Ostschweiz,supermarket,Oedenhof 1c,80-86,9300,Wittenbach,47.4601989,9.3889006,Mo-We 08:00-19:00; Th 08:00-20:00; Fr 08:00-19:00; Sa 07:30-17:00; Su off,https://filialen.migros.ch/de/migros-supermarkt-wittenbach#/Wittenbach/0090390,Migros
node,2623963058,Coop,Coop,Coop Genossenschaft,supermarket,Poststrasse,3,6340,Baar,47.1949809,8.5238988,Mo-Th 06:30-19:00; Fr 06:30-21:00; Sa 06:30-17:00,https://www.coop.ch/,Coop
node,2627101639,Denner,Denner,,supermarket,Rue de la Gare,4,1348,Le Brassus,46.5822709,6.2122659,,,Denner
node,2633498569,Coop,,Coop Genossenschaft,supermarket,Bahnhofstrasse,6a,5210,Windisch,47.4815512,8.2113144,Mo-Fr 06:30-20:00; Sa 07:30-18:00; PH off,,Coop
node,2634189179,Coop,Coop,Coop Genossenschaft,supermarket,Bellevuestrasse,6,6280,Hochdorf,47.1689071,8.2886251,Mo-Th 07:30-19:00; Fr 07:30-20:00; Sa 07:30-17:00; PH off,,Coop
node,2639842919,Migros,Migros,Genossenschaft Migros Ostschweiz,supermarket,Bahnhofplatz,70-72,8500,Frauenfeld,47.5570481,8.8961082,"Mo-Fr 08:00-20:00, Sa 08:00-18:00; PH off",https://filialen.migros.ch/de/migros-supermarkt-frauenfeld-passage,Migros
node,2642259706,Migros,Migros,Genossenschaft Migros Luzern,supermarket,Gitschenstrasse,14,6460,Altdorf UR,46.8796927,8.6417406,"Mo-Th 07:30-18:30, Fr 07:30-21:00, Sa 07:30-17:00",https://filialen.migros.ch/de/migros-supermarkt-altdorf,Migros
node,2664903743,Coop,,,supermarket,,,,,47.4564397,8.7737675,Mo-Fr 07:30-20:00; Sa 07:30-18:00,,Coop
node,2665214993,Denner,Denner,,supermarket,,,,,46.7882679,6.6215036,Mo-Th 08:00-19:00; Fr 08:00-20:00; Sa 08:00-18:00,https://www.denner.ch/fr/succursales/store/centre-commercial-expo-centre-en-chamard-14-1442-montagny-pres-yverdon/,Denner
node,2665214995,Migros,Migros,Coopérative Migros Vaud,supermarket,En Chamard,,1442,Montagny-près-Yverdon,46.787997,6.6216608,,,Migros
node,2673057389,Denner,Denner,,supermarket,,,,,47.4997176,7.5564434,,,Denner
node,2674911960,Denner,Denner,Denner SA,supermarket,Rue de Montbrillant,67,,Genève,46.2203265,6.1403047,Mo-We 07:30-19:00; Th 07:30-20:00; Fr 07:30-19:30; Sa 07:30-18:00,https://www.denner.ch/fr/succursales/1202-geneve~s1144971,Denner
node,2684729056,Coop,Coop,,supermarket,,,,,47.4891652,7.5001707,Mo-Th 07:30-18:30; Fr 07:30-19:30; Sa 07:30-18:00,http://www.coop.ch/pb/site/vstinfo/node/76518709/Lde/index.htm?#id=1372,Coop
node,2694196880,Denner,Denner,Denner AG,supermarket,Dorfstrasse,10,6221,Rickenbach LU,47.220472,8.152285,,,Denner
node,2694201014,Coop,Coop,Coop Genossenschaft,supermarket,Bahnhofstrasse,4,6215,Beromünster,47.207949,8.190618,,,Coop
node,2696277460,ALDI,ALDI,,supermarket,,,,,47.484561,9.547412,,,Aldi
node,2697715693,Coop,Coop,Coop Genossenschaft,supermarket,Buochserstrasse,4-6,6370,Stans,46.9581417,8.3685356,Mo-Fr 07:00-18:00; Sa 07:00-17:00,,Coop
node,2715117015,Coop,Coop,,supermarket,,,,,46.9483455,7.3772221,Mo-Fr 07:00-20:00; Sa 07:00-17:00,,Coop
node,2737102569,Denner,Denner,,supermarket,Hohlstrasse,610,8048,Zürich,47.3919775,8.4848889,Mo-Fr 07:00-20:00; Sa 08:00-18:00,https://www.denner.ch/,Denner
node,2741562152,Migros,,Société Coopérative Migros Genève,supermarket,Chemin de la Fontaine,5,1260,Nyon,46.3882055,6.2203736,Mo-Fr 08:30-19:00; Sa 08:00-18:00,https://www.migros.ch/fr/cooperatives/migros-geneve/centres-commerciaux/porte-de-nyon.html,Migros
node,2743729939,Coop,Coop,Coop Genossenschaft,supermarket,Leimbachstrasse,200,8041,Zürich,47.3261834,8.514451,Mo-Sa 07:30-20:00,,Coop
node,2745111745,Migros,Migros,Migros,supermarket,Via Pian della Croce,2,6760,Faido,46.4778886,8.8003076,"Mo-We, Fr 08:00-18:30, 09:00-18:00; Th 08:00-12:30, 14:00-20:00; Sa 08:00-18:00",,Migros
node,2749697694,Coop,Coop,,supermarket,,,,,47.2421377,7.8213177,,,Coop
node,2765365312,ALDI,ALDI,,supermarket,,,,,47.3636262,7.3454574,,,Aldi
node,2765365353,Denner,Denner,,supermarket,,,,,47.363513,7.3463411,,,Denner
node,2765456730,Lidl,Lidl,,supermarket,Route de Moutier,11b,,,47.3627951,7.3510701,,,Lidl
node,2778506649,Migros,Migros,Genossenschaft Migros Luzern,supermarket,Klosterstrasse,5,6390,Engelberg,46.8207411,8.4056705,Mo-Fr 07:30-19:00; Sa 07:30-18:00; Su 10:00-18:00,https://filialen.migros.ch/de/migros-supermarkt-engelberg,Migros
node,2784280618,Denner Partner,,,supermarket,Gewerbestrasse,9,8451,Kleinandelfingen,47.6048447,8.6873366,Mo-Fr 08:00-19:00; Sa 08:00-17:00,,Denner
node,2789006746,Coop,Coop,,supermarket,Thundorferstrasse,1,,,47.5203258,8.9350149,Mo-Fr 08:00-19:00; Sa 08:00-17:00,,Coop
node,2835661891,Migros,Migros,Coopérative Migros Neuchâtel-Fribourg,supermarket,,,,,46.7878958,7.0785868,Mo-Th 08:00-19:00; Fr 08:00-21:00; Sa 08:00-16:00; Su off,https://filialen.migros.ch/de/migros-supermarkt-avry-centre,Migros
node,2835662016,ALDI,ALDI,,supermarket,Route de Matran,5,1754,Avry-sur-Matran,46.7874403,7.0766075,Mo-We 08:00-19:00; Th 08:00-21:00; Fr 08:00-19:00; Sa 08:00-16:00,https://www.aldi-suisse.ch/,Aldi
node,2843815888,Denner,Denner,,supermarket,,,,,46.5223129,6.6275812,Mo-Fr 09:00-19:00; Sa 09:00-18:00,,Denner
node,2852776092,Coop,Coop,,supermarket,Gossauerstrasse,14,8340,Hinwil,47.2992805,8.8373675,Mo-Sa 08:00-20:00; PH off,,Coop
node,2857736035,Aldi,ALDI,Aldi Suisse,supermarket,Ueberlandstrasse,441,8051,Zürich,47.405948,8.5918795,Mo-Sa 08:00-20:00; PH off,https://www.aldi-suisse.ch/,Aldi
node,2859755841,Denner,Denner,,supermarket,,,,,47.3058298,8.7590145,Mo-Sa 07:30-20:00; PH off,,Denner
node,2859768404,Denner,Denner,Denner-Satellit Brunnenhof Lebensmittel AG,supermarket,,,,,47.3519271,8.7191569,Mo-Fr 08:00-20:00; Sa 08:00-18:00,https://www.denner.ch/,Denner
node,2859941184,Migros,Migros,Genossenschaft Migros Ostschweiz,supermarket,Bahnhofstrasse,22,8636,Wald ZH,47.2748374,8.9147401,"Mo-Fr 08:00-20:00, Sa 08:00-19:00; PH off",https://filialen.migros.ch/de/migros-supermarkt-wald-zh,Migros
node,2866713901,Coop,Coop,Coop Genossenschaft,supermarket,Centralstrasse,5,6410,Goldau,47.0504061,8.550274,Mo-Sa 07:30-20:00,,Coop
node,2866812512,Migros,Migros,Genossenschaft Migros Luzern,supermarket,Parkstrasse,25,6410,Goldau,47.0508444,8.5509558,"Mo-Th 08:00-19:00, Fr 08:00-20:00, Sa 08:00-18:00; PH off",https://filialen.migros.ch/de/migros-supermarkt-goldau,Migros
node,2896643846,Migros,Migros,Genossenschaft Migros Luzern,supermarket,Zelgmatte,2,6144,Zell,47.1371274,7.9281581,"Mo-Th 08:00-19:00, Fr 08:00-20:00, Sa 08:00-17:00; PH off",https://filialen.migros.ch/de/migros-supermarkt-zell,Migros
node,2915808779,Coop,Coop,,supermarket,Seftigenstrasse,240,3084,Wabern,46.9286907,7.4503218,"Mo-Fr 08:00-20:00; Sa 08:00-17:00; Su,PH off",,Coop
node,2915808789,Migros,Migros,Genossenschaft Migros Aare,supermarket,,,,,46.9475498,7.4384684,Mo-Fr 07:00-20:00; Sa 07:30-17:00; PH off,https://filialen.migros.ch/de/migros-supermarkt-bern-bubenberg,Migros
node,2917030369,Migros,Migros,Coopérative Migros Valais,supermarket,,,,,46.112588,7.0765572,"Mo-Th 08:30-18:30, Fr 08:30-20:00, Sa 08:00-17:00",,Migros
node,2917030373,Denner,Denner,,supermarket,,,,,46.1123393,7.0764483,,,Denner
node,2918518072,Denner,Denner,,supermarket,Al Stradón da Magia,75,6673,Maggia,46.2461667,8.7061783,Mo-Fr 08:00-18:30; Sa 08:00-17:00; Su off,,Denner
node,2923475818,ALDI,ALDI,,supermarket,,,,,46.7911459,6.62242,,,Aldi
node,2927936197,Lidl,Lidl,,supermarket,,,,,47.4103925,8.404217,Mo-Sa 07:30-20:00; PH closed,,Lidl
node,2927936198,Migros,Migros,Genossenschaft Migros Zürich,supermarket,Überlandstrasse,22,8953,Dietikon,47.4092106,8.40508,Mo-Sa 08:00-20:00; PH off,https://filialen.migros.ch/de/migros-supermarkt-dietikon-limmatfeld,Migros
node,2936333151,Coop City Lausanne St. François,Coop,,supermarket,Avenue du Théâtre,4,1005,,46.5186275,6.635251,Mo-Fr 08:00-19:00; Sa 08:00-18:00,https://www.coop.ch/fr/magasins/coop-city-lausanne-st.-francois/5932_POS?lat=0.0&long=0.0,Coop
node,2941110701,Migros,Migros,Société Coopérative Migros Genève,supermarket,Place de Cornavin,3,1201,Genève,46.2106173,6.1432284,Mo-Su 05:30-22:00,https://filialen.migros.ch/fr/supermarche-migros-geneve-cornavin-gare,Migros
node,2942625607,Denner,Denner,,supermarket,,,,,47.3092173,8.2467973,"Mo-Fr 07:00-12:15, 13:30-18:30; Sa 07:00-16:00",,Denner
node,2946058057,Denner,Denner,,supermarket,,,,,46.9484692,7.445074,Mo 09:00-19:00; Tu-We 08:00-19:00; Th 08:00-21:00; Fr 08:00-20:00; Sa 07:30-17:00; Su off; PH off,https://www.denner.ch/,Denner
node,2955480109,Lidl,Lidl,,supermarket,Zone Artisanale Entre deux Fossaux,2,1868,Collombey,46.2649234,6.9563805,"Mo-Th 07:30-18:30; Fr 07:30-21:00; Sa 07:30-17:00; Su,PH off",,Lidl
node,2955480111,Coop,Coop,,supermarket,,,,,46.2648521,6.9538698,,,Coop
node,2955480112,Aldi,Aldi,,supermarket,Zone Artisanale Entre deux Fossaux,8,1868,Collombey,46.2661867,6.9560708,Mo-Th 07:30-18:30; Fr 07:30-21:00; Sa 07:30-17:00,https://www.aldi-suisse.ch/,Aldi
node,2955574973,Denner,Denner,,supermarket,,,,,47.7203909,8.6646002,"Mo-Fr 09:00-20:00; Sa 08:00-18:00; PH,Su off",,Denner
node,2970379433,Coop,Coop,Coop SA,supermarket,Place de la Gare,5,,,46.4630883,6.8427533,"Mo-Fr 05:30-23:00; Sa,Su 06:00-23:00",https://www.coop-pronto.ch/fr/site/vevey-gare/,Coop
node,2981396932,Denner,Denner,,supermarket,,,,,46.5857519,7.6485876,Mo-Th 08:00-19:00; Fr 08:00-21:00; Sa 08:00-17:00,,Denner
node,2981397433,Migros,Migros,,supermarket,,,,,46.5856028,7.6488113,Mo-Th 08:00-19:00; Fr 08:00-21:00; Sa 08:00-17:00,,Migros
node,2984223833,Coop,Coop,Coop Genossenschaft,supermarket,Baslerstrasse,50,8048,Zürich,47.3862616,8.4996784,Mo-Sa 09:00-20:00,https://www.coop.ch/de/standorte/coop-supermarkt-zuerich-letzipark/1983_POS,Coop
node,2984992145,Coop,Coop,,supermarket,,,,,46.9538971,7.4287071,Mo-Fr 08:00-20:00; Sa 08:00-17:00; Su off; PH off,https://www.coop.ch/de/services/standorte-und-oeffnungszeiten/detail.html/1572/coop-supermarkt-bern-muesmatt.html,Coop
node,2987356865,Coop,Coop,,supermarket,,,,,46.9225782,7.7286164,Mo-Fr 08:00-18:30; Sa 07:30-17:00,,Coop
node,2989236592,Denner,Denner,,supermarket,Loren-Allee,22,8610,Uster,47.3589148,8.709029,Mo-Fr 08:00-20:00; Sa 08:00-20:00,,Denner
node,2992350234,Coop,Coop,,supermarket,,,,,46.6977331,9.4397828,Mo-Fr 08:00-20:00; Sa 08:00-17:00,,Coop
node,3018342061,Denner,Denner,,supermarket,,,,,46.7116768,6.3763624,,,Denner
node,3020411334,Denner,Denner,,supermarket,Via Mercole,,6877,Coldrerio,45.8547662,8.9924967,"Mo-Fr 08:00-12:00,14:00-18:30; Sa 08:00-17:00",,Denner
node,3021856041,Denner,Denner,,supermarket,Giesshübelstrasse,65,8045,Zürich,47.3581751,8.5179737,Mo-Sa 08:00-20:00,https://www.denner.ch/,Denner
node,3022502469,Migros,Migros,Migros,supermarket,Via Bernardino Luini,,,,45.8379046,9.0239133,Mo-Sa 08:00-19:00,,Migros
node,3022845848,Denner,Denner,Denner,supermarket,Via Soldini,14,6830,Chiasso,45.8348078,9.019696,Mo-Fr 08:00-18:30;Sa 08:00-17:00,,Denner
node,3025797719,Coop,Coop,,supermarket,Bernstrasse,17,3122,Kehrsatz,46.9107841,7.470564,,https://www.coop.ch/de/standorte/coop-supermarkt-kehrsatz/1812_POS?srsltid=AfmBOoqhZdj3PFGdDGkts31bfwq89le5pjurWSpjbjJM2valGyCmRCzK,Coop
node,3038868760,Denner,Denner,,supermarket,,,,,46.9008584,9.5613038,,,Denner
node,3042205031,Denner,Denner,,supermarket,,,,,45.9545442,8.9497465,"Mo-Fr 07:30-19:00; Sa 07:30-18:30; Su,PH off",,Denner
node,3049044333,Migros,Migros,Migros,supermarket,Route de Lossy,16b,1782,Belfaux,46.8228188,7.1088518,"Mo-We,Fr 08:00-19:00; Th 08:00-21:00; Sa 08:00-16:00",,Migros
node,3060713984,Denner,Denner,,supermarket,,,,,46.5321737,6.8963444,,,Denner
node,3067074487,Denner,Denner,,supermarket,,,,,45.835067,9.0315598,,,Denner
node,3068068854,Migros,Migros,Genossenschaft Migros Luzern,supermarket,Luzernstrasse,16,6206,Neuenkirch,47.0980518,8.2051315,"Mo-Th 07:30-19:00, Fr 07:30-20:00, Sa 07:30-17:00; PH off",https://filialen.migros.ch/de/migros-partner-neuenkirch,Migros
node,3071653480,Denner,Denner,,supermarket,,,,,47.4367536,9.1351396,"Mo-Th 08:00-19:00, Fr 08:00-20:00, Sa 08:00-17:00",,Denner
node,3077355645,Migros,Migros,Genossenschaft Migros Zürich,supermarket,Neugutstrasse,83,8600,Dübendorf,47.4010731,8.6035456,"Mo-Fr 09:00-20:00, Sa 09:00-18:00; PH off",https://filialen.migros.ch/de/migros-supermarkt-duebendorf-hochbord-nord,Migros
node,3086649248,Migros,Migros,Genossenschaft Migros Zürich,supermarket,,2,8102,Oberengstringen,47.4084682,8.4632677,Mo-Sa 08:00-20:00,https://filialen.migros.ch/de/migros-supermarkt-oberengstringen,Migros
node,3095509820,Aldi,ALDI,Aldi Suisse,supermarket,Bertiswilstrasse,42,6023,Rothenburg,47.1004716,8.2681954,"Mo-Th 07:30-19:00, Fr 07:30-21:00, Sa 07:30-17:00; PH off",https://www.aldi-suisse.ch/,Aldi
node,3111679875,Coop,Coop,Coop Genossenschaft,supermarket,Nähseydi,6,6374,Buochs,46.9788526,8.4161637,Mo-Sa 07:30-20:00; Su off; PH off,,Coop
node,3114497769,Denner,Denner,,supermarket,,,,,47.0507828,7.2844694,,,Denner
node,3115568662,Denner,Denner,Denner,supermarket,Zürichstrasse,20,8610,Uster,47.3502682,8.7154415,Mo-Sa 08:00-20:00; PH off,https://www.denner.ch/de/filialen/denner-filiale-und-oeffnungszeiten/storecontroller/Stores/storeaction/detail/storeUid/869/,Denner
node,3123717285,Denner,Denner,,supermarket,,,,,46.354838,6.9331625,,,Denner
node,3127363702,Migros,Migros,Genossenschaft Migros Ostschweiz,supermarket,Hauptstrasse,81,9113,Degersheim,47.3724083,9.1963914,"Mo-Fr 08:00-19:00, Sa 07:30-17:00; PH off",https://filialen.migros.ch/de/migros-supermarkt-degersheim,Migros
node,3127448429,Coop,Coop,,supermarket,Taastrasse,1,9113,Degersheim,47.3725621,9.1952108,,,Coop
node,3139599314,Migros,Migros,,supermarket,,,,,46.8201591,6.9397398,Mo-Th 07:30-19:00; Fr 07:30-20:00; Sa 07:30-17:00,,Migros
node,3144366816,Coop,,,supermarket,,,,,47.2043893,7.4562599,,,Coop
node,3148801527,Migros,Migros,Genossenschaft Migros Luzern,supermarket,Bitzistrasse,2,6370,Stans,46.9654611,8.3549116,"Mo-Fr 09:00-20:00, Sa 08:00-18:00; PH off",https://filialen.migros.ch/de/migros-supermarkt-stans-laenderpark,Migros
node,3148876242,Migros,Migros,,supermarket,,,,,47.4741887,9.4953346,Mo-Fr 08:00-19:00; Sa 08:00-17:00; Su off,https://filialen.migros.ch/de/migros-supermarkt-rorschach-promenade,Migros
node,3150789475,Coop,Coop,Coop Genossenschaft,supermarket,Schwellistrasse,69,8052,Zürich,47.4249628,8.5377913,Mo-Sa 07:30-20:00,https://www.coop.ch/de/unternehmen/standorte-und-oeffnungszeiten/detail.html/1841/coop-supermarkt-zuerich-schwellistrasse.html,Coop
node,3157601867,Coop,Coop,Coop Genossenschaft,supermarket,,,,,47.3420657,7.7036657,"Mo-Fr 08:00-12:30,14:00-18:30; Sa 07:30-17:00",,Coop
node,3169039073,Denner Satellite,Denner,Denner,supermarket,Via della Stazione,4,6780,Airolo,46.5278485,8.6078787,"Mo-Fr 07:30-12:00,13:30-18:30; Sa 07:30-18:00",,Denner
node,3174416269,Migros,Migros,,supermarket,Speicherstrasse,8,9053,Teufen (AR),47.3910729,9.3908375,Mo-Fr 08:00-19:00; Sa 08:00-18:00,,Migros
node,3182286254,Denner,Denner,,supermarket,Kranichweg,8,3074,Muri b. Bern,46.9349466,7.4894573,Mo-Fr 08:00-18:30; Sa 08:00-17:00; Su off,https://www.denner.ch/de/filialen/,Denner
node,3203327404,Migros,Migros,Genossenschaft Migros Aare,supermarket,Kalchackerstrasse,9,3047,Bremgarten bei Bern,46.9750321,7.4374791,"Mo-Th 08:00-19:00; Fr 08:00-20:00; Sa 07:30-17:00; Su,PH closed",https://www.migros.ch/,Migros
node,3207982817,Denner,Denner,,supermarket,Bahnhofstrasse,29,8320,Fehraltorf,47.3855486,8.7511254,Mo-Fr 07:30-20:00; Sa 08:00-18:00,,Denner
node,3214298936,Denner Express,Denner,Denner SA,supermarket,Rue des Charmilles,18,1203,Genève,46.2067302,6.1301323,Mo-Fr 08:00-20:00; Sa 08:00-19:30,https://www.denner.ch/fr/succursales/1203-geneve~s1146062,Denner
node,3226243177,Coop,,Coop Genossenschaft,supermarket,Rauracherstrasse,33,4125,Riehen,47.5707289,7.6330791,Mo-Fr 07:00-20:00; Sa 07:30-18:00,,Coop
node,3226760108,Coop,coop,,supermarket,,,,,46.6845957,7.8500863,Mo-Th 08:00-19:00; Fr 08:00-20:00; Sa 08:00-17:00,,Coop
node,3230695787,Coop,Coop,,supermarket,Dorfmärit,19,3065,Bolligen,46.9738875,7.4966669,Mo-Fr 08:00-19:00; Sa 07:30-17:00,https://www.coop.ch/de/standorte/coop-supermarkt-bolligen/1494_POS,Coop
node,3243137284,Denner,Denner,,supermarket,Via Giulia,43,6855,Stabio,45.848355,8.9363796,,,Denner
node,3261354705,Denner,Denner,Denner,supermarket,,,,,47.1318845,7.2526162,Mo-Fr 08:00-20:00; Sa 08:00-17:00; Su off,,Denner
node,3267887807,Denner,Denner,,supermarket,Zugerstrasse,32-34,6314,Unterägeri,47.1380972,8.5789018,,,Denner
node,3277485961,Coop,Coop,,supermarket,,,8762,,46.9949485,9.0753555,Mo-Fr 07:30-19:00; Sa 07:30-17:00; PH closed,http://coop.ch,Coop
node,3278079704,Lidl,Lidl,Lidl,supermarket,Friedweg,8,2503,Biel/Bienne,47.1312384,7.2529599,"Mo-We,Fr 07:30-20:00; Th 07:30-21:00; Sa 07:30-17:00",,Lidl
node,3287588707,Denner,Denner,,supermarket,,,,,46.8020909,9.8351284,"Mo-Fr 08:00-20:00,08:00-18:00",,Denner
node,3288706427,Migros Partner,,,supermarket,Baselstrasse,71,4142,Münchenstein,47.5226702,7.618028,"Mo-Fr 08:00-19:00, Sa 08:00-17:00, Su 09:00-17:00",https://filialen.migros.ch/de/migros-partner-zollweiden,Migros
node,3292087340,Migros,Migros,,supermarket,Pargherastrasse,1,7000,Chur,46.8460758,9.5137281,Mo-Fr 07:30-19:30; Sa 07:30-18:00; Su off,https://filialen.migros.ch/de/migros-supermarkt-chur-calandapark,Migros
node,3292349968,Migros,Migros,,supermarket,,,,,46.9677982,9.5618886,Mo-Fr 07:00-19:30; Sa 08:00-18:00,,Migros
node,3294289069,Denner,Denner,,supermarket,Westbahnhofstrasse,1,4500,Solothurn,47.2074225,7.5322665,Mo-Fr 08:00-18:30; Sa 08:00-18:00; PH off,,Denner
node,3294363493,Migros,Migros,Genossenschaft Migros Aare,supermarket,Hauptstrasse,21,4562,Biberist,47.1830894,7.5617992,"Mo-Th 08:00-18:30, Fr 08:00-20:00, Sa 07:30-18:00; PH off",https://filialen.migros.ch/de/migros-supermarkt-biberist,Migros
node,3302216152,Migros,Migros,Genossenschaft Migros Aare,supermarket,,,,,46.9474596,7.3831165,"Mo-Th 08:00-19:00; Fr 08:00-21:00; Sa 08:00-17:00; Su,PH closed",https://filialen.migros.ch/de/migros-supermarkt-bern-bethlehem,Migros
node,3303851166,Denner,Denner,Denner,supermarket,Kornhausstrasse,28,9000,St.Gallen,47.421646,9.3716169,Mo-Sa 08:00-18:00,https://www.denner.ch/de/,Denner
node,3303882792,Migros,Migros,Migros,supermarket,Rorschacher Strasse,150,9000,St.Gallen,47.4313252,9.396448,Mo-Fr 08:30-19:00; Th 08:30-20:00; Sa 08:00-17:00,,Migros
node,3305602358,Migros,Migros,,supermarket,,,,,46.2611357,7.4954526,Mo-Fr 07:30-18:30; Sa 07:30-17:00; Su off,https://filialen.migros.ch/de/migros-partner-rechy,Migros
node,3307607470,Migros,Migros,,supermarket,,,,,45.8702355,8.9860348,"Mo-We,Fr 07:30-19:00; Th 07:30-20:00; Sa 07:30-19:00; Su 08:00-19:00",https://www.migros.ch/,Migros
node,3312372220,Coop,Coop,,supermarket,,,,,46.759236,7.6246973,Mo-Fr 08:00-20:00; Th 08:00-21:00; Sa 08:00-17:00,,Coop
node,3312372221,Denner,Denner,,supermarket,,,,,46.759451,7.6241448,Mo-Fr 08:00-20:00; Th 08:00-21:00; Sa 08:00-17:00,,Denner
node,3315683897,Denner,Denner,Denner AG,supermarket,Bernstrasse,110,6003,Luzern,47.0528339,8.282553,Mo-Fr 07:00-19:00; Sa 08:00-17:00,,Denner
node,3324296281,Migros,Migros,Genossenschaft Migros Ostschweiz,supermarket,Wiesenbachstrasse,7,9030,Abtwil SG,47.4172408,9.3162485,"Mo-Th 08:00-19:00, Fr 08:00-21:00, Sa 07:30-17:00; PH off",https://filialen.migros.ch/de/migros-supermarkt-abtwil-saentispark,Migros
node,3325925866,Denner,Denner,Denner,supermarket,,,,,47.5475606,7.5539356,,,Denner
node,3328715493,Coop,Coop,,supermarket,Stradun,403A,7550,Scuol,46.7953397,10.295286,Mo-Sa 08:00-19:00; Su 09:00-18:00,,Coop
node,3339748067,Coop,Coop,,supermarket,Europaplatz,1,3008,Bern,46.9435008,7.4060311,Mo-Fr 07:00-20:00; Sa 08:00-17:00,,Coop
node,3346518652,Migros,Migros,Migros,supermarket,Via Campagna Adorna,15,6850,Mendrisio,45.86292,8.9722716,Mo-Fr 07:30-19:00,,Migros
node,3358847507,Denner,Denner,Denner,supermarket,Wilerstrasse,202-204,9500,Wil SG,47.4391768,9.0565782,,,Denner
node,3358847508,Migros,Migros,Genossenschaft Migros Ostschweiz,supermarket,Wilerstrasse,204,9500,Wil SG,47.4389455,9.0567001,"Mo-Fr 07:00-19:00, Sa 07:00-17:00; PH off",https://filialen.migros.ch/de/migros-supermarkt-kirchberg-stelz,Migros
node,3374478657,Denner,Denner,,supermarket,,,,,47.6419252,9.1961897,,,Denner
node,3376615191,Coop,Coop,,supermarket,Leubernstrasse,3,8280,Kreuzlingen,47.6384239,9.2021039,,,Coop
node,3381351765,Migros,Migros,Genossenschaft Migros Zürich,supermarket,Thurgauerstrasse,106,8152,Opfikon,47.4211326,8.557843,Mo-Sa 08:00-20:00; PH off,https://filialen.migros.ch/de/migros-supermarkt-opfikon-glattpark,Migros
node,3381619276,Denner,Denner,,supermarket,Hauptstrasse,103,9430,St. Margrethen,47.4528642,9.6321689,Mo-Fr 08:00-19:00; Sa 08:00-17:00; Su off,https://www.denner.ch/de/filialen/9430-st.margrethen-sg~s1144890,Denner
node,3385874247,Denner,Denner,,supermarket,,,,,47.3596553,8.4539699,,,Denner
node,3393874745,Denner,Denner,,supermarket,Mädergutstrasse,5,3018,Bern,46.9370917,7.3868156,"Mo-Fr 08:00-18:30, Sa 08:00-17:00; Su,PH closed",,Denner
node,3398020246,Denner,Denner,Denner,supermarket,Talweg,6,3063,Ittigen,46.9739799,7.4851302,Mo-Th 08:00-19:00;Fr 08:00-20:00;Sa 08:00-17:00,,Denner
node,3400118299,Denner,Denner,,supermarket,Route de Ferney,194,,Le Grand-Saconnex,46.2346908,6.1240679,,,Denner
node,3400417391,Denner,Denner,,supermarket,Steinbühlweg,13,4123,Allschwil,47.5509982,7.5503747,Mo-Fr 08:00-18:30; Sa 07:30-17:00,,Denner
node,3402707242,Migros,Migros,Genossenschaft Migros Ostschweiz,supermarket,,1b,8266,Steckborn,47.6637357,8.9761081,"Mo-Fr 08:00-19:00; Sa 08:00-18:00; Su,PH off",https://filialen.migros.ch/de/migros-supermarkt-steckborn,Migros
node,3411580274,Denner,Denner,,supermarket,Thurgauerstrasse,106,8152,Glattbrugg,47.4210328,8.5577826,Mo-Sa 08:00-20:00,https://www.denner.ch/,Denner
node,3419891094,Aldi,Aldi,,supermarket,Bahnhofplatz,2a,2504,Biel/Bienne,47.1333841,7.2419094,Mo-Fr 08:00-20:00; Sa 08:00-18:30; Su 08:30-18:30,https://www.aldi-suisse.ch/,Aldi
node,3420030703,Denner,Denner,,supermarket,Silbergasse,40,2503,Biel/Bienne,47.1347572,7.2490752,Mo-We 08:00-19:00; Th 08:00-20:00; Fr 08:00-19:00; Sa 08:00-17:00; Su off,,Denner
node,3421784529,Coop,Coop,Coop Genossenschaft,supermarket,Goldschlägiplatz,5,8952,Schlieren,47.3998196,8.4416026,Mo-Sa 07:30-20:00; PH off,,Coop
node,3437975720,Denner Express,Denner,,supermarket,Oberfeld,8a,3283,Kallnach,47.0179706,7.2335616,Mo-Fr 07:00-19:00; Sa 08:00-17:00; Su 09:00-17:00,https://www.denner.ch/de/filialen/store/oberfeld-8a-3283-kallnach/,Denner
node,3447546663,Coop,,Coop,supermarket,Emmentalstrasse,25,3510,Konolfingen,46.8812106,7.6240373,Mo-Th 08:00-19:00; Fr 08:00-20:00; Sa 07:30-17:30,https://www.coop.ch/,Coop
node,3448496356,Denner,Denner,,supermarket,Limmatstrasse,275,8005,Zürich,47.3888231,8.5251005,Mo-Fr 07:30-20:00; Sa 08:00-20:00; Su off,,Denner
node,3450122792,Denner,Denner,,supermarket,,,,,46.5341002,6.5785318,Mo-Fr 07:30-20:00; Sa 07:30-18:00,,Denner
node,3458079212,Coop,Coop,,supermarket,Route de Saillon,2,1912,,46.1858304,7.2078596,Mo-Fr 07:30-18:30; Sa 07:30-17:00,https://coop.ch/,Coop
node,3468208127,Denner,Denner,,supermarket,,,,,46.922439,7.4596817,"Mo-Th 08:00-19:00; Fr 08:00-21:00; Sa 07:30-17:00; Su,PH closed",https://www.denner.ch/de/filialen/denner-filiale-und-oeffnungszeiten/store/seftigenstrasse-364-3084-wabern/,Denner
node,3468336169,Denner,Denner,,supermarket,,,,,46.933398,7.4197151,Mo-Fr 07:00-20:00; Sa 08:00-17:00,https://www.denner.ch/,Denner
node,3470003656,Coop,Coop,,supermarket,Bürenstrasse,2,,,47.1819185,7.3663937,Mo-Fr 07:00-19:00; Sa 07:00-17:00; PH off,,Coop
node,3479367177,Denner Partner,,,supermarket,,,,,47.0917506,7.4486158,,,Denner
node,3489494606,Denner,Denner,,supermarket,Zuchwilerstrasse,43,,,47.2030847,7.5437474,Mo-Fr 08:00-18:30; Sa 08:00-18:00,,Denner
node,3490843896,Coop,Coop,,supermarket,,,,,46.9483336,7.4432918,Mo-We 07:00-19:00; Th 07:00-21:00; Fr 07:00-19:00; Sa 07:00-18:00; Su off,https://www.coop.ch/,Coop
node,3491063193,Denner,Denner,,supermarket,,,,,46.5097858,6.4944771,,,Denner
node,3493404911,Migros,Migros,,supermarket,,,,,46.0608612,8.9314761,Mo-Fr 08:00-18:30; Th 08:00-21:00; Sa 08:00-18:00,,Migros
node,3493527324,Coop,Coop,,supermarket,Via alla Rotonda,20,6517,Arbedo,46.213381,9.042529,,https://www.coop.ch/it/servizi/ubicazioni-e-orari-d-apertura/detail.html/5311/,Coop
node,3493871262,Aldi,Aldi,,supermarket,,,,,46.0165275,8.9124212,,,Aldi
node,3497389460,Coop,Coop,,supermarket,Wachtelweg,8,,,47.1964657,7.6126257,Mo-Fr 07:00-18:30; Sa 07:30-17:00; PH off,,Coop
node,3499725479,Coop,Coop,,supermarket,,,,,47.2254971,9.1993163,Mo-Fr 07:30-19:00; Sa 07:30-17:00,,Coop
node,3503429368,Migros,Migros,Genossenschaft Migros Zürich,supermarket,Pfingstweidstrasse,101,8005,Zürich,47.3901181,8.5086042,"Mo-Fr 06:30-18:00, Sa 08:00-16:00; PH off",https://filialen.migros.ch/de/migros-supermarkt-zuerich-herdern,Migros
node,3507117829,Denner,Denner,Denner,supermarket,Birmensdorferstrasse,,8902,Urdorf,47.3850378,8.422499,Mo-Sa 08:00-20:00,https://www.denner.ch/,Denner
node,3510810512,Migros,Migros,Genossenschaft Migros Luzern,supermarket,Mythencenterstrasse,18,6438,Ibach,47.0154045,8.6458641,"Mo-Th 09:00-20:00, Fr 09:00-21:00, Sa 08:00-18:00",https://filialen.migros.ch/de/migros-supermarkt-ibach-schwyz-mythen-center,Migros
node,3517026849,Migros,Migros,,supermarket,Route de l'Industrie,25,1784,Courtepin,46.8655618,7.1201149,Mo-We 08:00-19:00; Th 08:00-21:00; Fr 08:00-19:00; Sa 08:00-16:00,,Migros
node,3522302390,Migros,Migros,Genossenschaft Migros Ostschweiz,supermarket,Hauptstrasse,117,8274,Tägerwilen,47.6539707,9.1417651,"Mo-Fr 08:00-20:00, Sa 08:00-18:00; PH off",https://filialen.migros.ch/de/migros-supermarkt-taegerwilen,Migros
node,3536981995,Migros,Migros,Genossenschaft Migros Aare,supermarket,Neue Aarburgerstrasse,20,4852,Rothrist,47.3065539,7.8868376,"Mo-Fr 08:00-20:00, Sa 08:00-18:00; PH off",https://filialen.migros.ch/de/migros-supermarkt-rothrist,Migros
node,3541201437,Denner,Denner,,supermarket,,,,,46.2289335,7.3565254,,,Denner
node,3576197233,Migros,Migros,Migros,supermarket,,,,,45.9193343,8.9852892,Mo-Fr 08:00-18:30; Sa 08:00-18:00,https://www.migros.ch/,Migros
node,3580426606,ALDI,ALDI,,supermarket,,,,,47.0372139,8.3282701,,,Aldi
node,3582021500,Migros,Migros,,supermarket,Kappenbühlweg,5,8049,Zürich,47.4033485,8.4979498,,,Migros
node,3590371516,Migros,Migros,Genossenschaft Migros Aare,supermarket,,6,4513,Langendorf,47.2183562,7.5113285,"Mo-Th 08:00-18:30, Fr 08:00-21:00, Sa 08:00-18:00; PH off",,Migros
node,3602055079,Denner,Denner,,supermarket,Bahnhofstrasse,15,2502,Biel/Bienne,47.1350502,7.2442672,Mo-Fr 07:00-20:00; Sa 07:00-17:00; Su off,,Denner
node,3620803915,Aldi,Aldi,Aldi Suisse,supermarket,Zugerstrasse,1,8805,Richterswil,47.2051661,8.7066561,Mo-Sa 08:00-20:00; PH off,https://www.aldi-suisse.ch/,Aldi
node,3622702536,Denner,Denner,Denner AG,supermarket,Obernauerstrasse,38,6010,Kriens,47.0340528,8.269404,Mo-Th 06:30-19:00; Fr 06:30-20:00; Sa 06:30-17:00,,Denner
node,3626567398,Aldi,Aldi,Aldi Suisse,supermarket,,,,,47.4001072,8.4415788,Mo-Sa 08:00-20:00; PH off,https://www.aldi-suisse.ch/,Aldi
node,3640951844,Denner,Denner,,supermarket,,,,,46.1652934,8.7726422,"Mo-We, Fr 08:00-19:00; Th 08:00-21:00; Sa 08:00-18:30",,Denner
node,3653968759,Coop,Coop,Coop Genossenschaft,supermarket,Pfingstweidstrasse,106,8005,Zürich,47.3911135,8.5081865,Mo-Fr 06:30-21:00; Sa 08:00-21:00,,Coop
node,3659927738,Coop,Coop,,supermarket,,,,,47.5674004,8.9059486,Mo-Fr 08:00-20:00; Sa 08:00-18:00,,Coop
node,3660132903,M-Outlet,Outlet Migros,Genossenschaft Migros Aare,supermarket,Hintere Bahnhofstrasse,3,5034,Suhr,47.3707333,8.0823196,"Mo-Fr 09:00-18:30, Sa 09:00-16:00; PH off",https://filialen.migros.ch/de/m-outlet-suhr-outlet,Migros
node,3661375747,M-Outlet,Migros-Outlet,Genossenschaft Migros Ostschweiz,supermarket,Werkstrasse,43,8630,Rüti ZH,47.2540111,8.8528515,"Mo-Fr 08:00-19:00, Sa 08:00-17:00; PH off",https://filialen.migros.ch/de/m-outlet-rueti-zh-fachmarkt,Migros
node,3663421843,Coop,Coop,,supermarket,,,,,47.6640524,8.9791804,Mo-Fr 08:00-20:00; Sa 08:00-18:00,,Coop
node,3666285010,Denner,Denner,,supermarket,Ruchwiesenstrasse,2,8175,Dielsdorf,47.4801222,8.4634119,08:00-20:00; Su off; Aug 1 off,https://www.denner.ch/,Denner
node,3668912615,Coop,Coop,Coop,supermarket,,,,,47.3898159,8.170637,Mo-Fr 07:30-20:00; Sa 07:30-18:00; Su off,https://www.coop.ch/de/standorte/coop-supermarkt-lenzburg/1975_POS?lat=47.3904443&long=8.172154500000001,Coop
node,3679166121,Coop,Coop,,supermarket,Bahnhofstrasse,28,4242,Laufen,47.4189681,7.5019872,Mo-Sa 07:00-20:00,,Coop
node,3685497880,Coop,Coop,,supermarket,Rue du Simplon,28,1800,Vevey,46.4603251,6.8451542,Mo-Th 08:00-18:30; Fr 08:00-20:00; Sa 08:00-17:00,https://www.coop.ch/fr/entreprise/adresses-et-horaires/detail.html/2468/,Coop
node,3690133751,Denner,Denner,,supermarket,,,,,46.7966094,7.1547993,Mo-Fr 07:30-19:00; Sa 07:30-16:00,,Denner
node,3694144651,Aldi,ALDI,Aldi Suisse,supermarket,,,,,47.2571355,8.6831878,Mo-Sa 07:30-20:00; PH off,https://www.aldi-suisse.ch/,Aldi
node,3705062662,Coop,Coop,,supermarket,,,,,46.8119997,9.4011781,Mo-Fr 08:00-20:00; Sa 08:00-18:00,https://coop.ch/,Coop
node,3707287657,Coop,,,supermarket,Route d'Italie,115,1958,Uvrier,46.2513773,7.4076608,,,Coop
node,3718116857,Migros,Migros,Genossenschaft Migros Ostschweiz,supermarket,Promenade,105,7270,Davos Platz,46.8016213,9.8326111,Mo-Fr 08:00-20:00; Sa 08:00-19:00,,Migros
node,3719321221,Coop,,,supermarket,,,,,47.3468531,8.245172,Mo-Fr 08:00-20:00; Sa 07:30-20:00,,Coop
node,3721143528,Migros,Migros,Genossenschaft Migros Zürich,supermarket,Leimbachstrasse,23,8041,Zürich,47.3359942,8.5190003,Mo-Sa 07:30-20:00; PH off,https://filialen.migros.ch/de/migros-supermarkt-zuerich-leimbach-sihlbogen,Migros
node,3722790570,Denner,Denner,,supermarket,,,,,46.5299129,8.938861,"Mo-Tu, Th-Fr 07:00-12:00, 14:00-18:00; We 07:00-12:00; Sa 07:00-12:00, 14:00-17:00",,Denner
node,3723824807,Coop,Coop,Coop Genossenschaft,supermarket,Steinbislin,7,6423,Seewen,47.032874,8.6281987,"Mo-Th,Sa 08:00-20:00; Fr 08:00-21:00",,Coop
node,3732510103,Lidl,Lidl,Lidl Schweiz,supermarket,Hofwiesenstrasse,350,8050,Zürich,47.4103235,8.5428255,Mo-Sa 07:30-20:00; PH off,,Lidl
node,3734615302,Aldi,Aldi,,supermarket,Avenue de la Gare / Bahnhofsallee,22,1700,Fribourg,46.8034693,7.1537736,Mo-Th 08:30-19:00; Fr 08:30-20:00; Sa 08:00-16:00; PH off,,Aldi
node,3735882316,Migros,Migros,Migros,supermarket,,,,,46.9020486,6.580547,"Mo-Fr,Fr 08:00-19:00; Th 08:00-20:00; Sa 08:00-18:00",,Migros
node,3736552374,Denner,Denner,Denner AG,supermarket,Willisauerstrasse,1a,6122,Menznau,47.0832799,8.0383463,,,Denner
node,3756152608,Coop,Coop,Coop,supermarket,,,,,47.2701958,8.823382,"Mo-Sa 06:00-21:00; Su,PH 08:00-20:00",,Coop
node,3758933750,Migros,Migros,Migros,supermarket,Viale Castagnola,,6900,Lugano,46.0062192,8.9657502,Mo-Sa 08:00-19:00,,Migros
node,3766201557,Denner,Denner,,supermarket,,,,,46.5367296,6.6327382,Mo-Fr 07:30-19:00; Sa 07:30-18:00,,Denner
node,3766283804,Coop,Coop,,supermarket,Hinterbergstrasse,6A,6318,Walchwil,47.0989037,8.5174634,,,Coop
node,3780539649,Coop,Coop,,supermarket,,,,,46.3114376,7.6439521,,,Coop
node,3784153202,Denner,Denner,Denner AG,supermarket,Gotthardstrasse,104,6472,Erstfeld,46.8213341,8.6505504,Mo-Fr 07:30-18:30; Sa 07:30-17:00,,Denner
node,3791307081,Migros,Migros,Société Coopérative Migros Genève,supermarket,Avenue Louis-Casaï,27,1211,Genève,46.218386,6.1119714,Mo-We 08:30-19:00; Th 08:30-20:00; Fr 08:30-19:30; Sa 08:00-18:00,https://filialen.migros.ch/fr/supermarche-migros-geneve-balexert,Migros
node,3791307082,Denner,Denner,Denner,supermarket,Avenue Louis-Casaï,27,1211,Genève,46.2190095,6.1138206,Mo-We 08:30-19:00; Th 08:30-21:00; Fr 08:30-19:30; Sa 08:00-18:00,https://www.denner.ch/fr,Denner
node,3803341748,Denner,Denner,,supermarket,Bachmattstrasse,59,8048,Zürich,47.3888549,8.4836676,"Mo-Fr 07:30-20:00, Sa 08:00-20:00; PH off",https://www.denner.ch/,Denner
node,3803790715,Denner,Denner,,supermarket,Viaduktstrasse,1,,,47.5485364,7.5866643,Mo-Fr 07:30-20:00; Sa 08:00-18:00,,Denner
node,3804693987,Denner,Denner,,supermarket,Magdenauerstrasse,10,,,47.4129498,9.1855259,,,Denner
node,3805543771,Denner,Denner,,supermarket,,,,,47.3586944,7.9899797,,https://www.denner.ch/,Denner
node,3809056611,Denner,Denner,,supermarket,,,,,47.4161407,9.2672369,Mo-Th 07:30-19:00; Fr 07:30-20:00; Sa 07:30-17:00,,Denner
node,3809088143,Coop,Coop,,supermarket,,,,,46.9023103,6.5828028,"Mo,Tu,Fr 07:30-18:30; We 14:00-18:30; Th 07:30-20:00; Sa 07:30-17:00",,Coop
node,3810871369,Denner,Denner,,supermarket,,,,,46.8378078,9.4653754,,,Denner
node,3812339376,Denner,Denner,,supermarket,,,,,47.4900766,8.2446032,"Mo-Fr 08:00-20:00, Sa 08:00-18:00",,Denner
node,3812339377,Migros,Migros,Genossenschaft Migros Aare,supermarket,Wambisterstrasse,2,5412,Gebenstorf,47.4899894,8.2444306,"Mo-Fr 08:00-20:00, Sa 08:00-18:00; PH off",https://filialen.migros.ch/de/migros-supermarkt-gebenstorf,Migros
node,3815651635,Denner,Denner,Denner,supermarket,Rütistrasse,10a,8580,Amriswil,47.5468993,9.2977441,,,Denner
node,3823081387,Denner,Denner,Denner,supermarket,,,,,47.2585344,8.8495284,,,Denner
node,3826674661,Migros,Migros,Genossenschaft Migros Aare,supermarket,Sportallee,20,2503,Biel/Bienne,47.1553222,7.2812681,"Mo-We 09:00-19:00, Th-Fr 09:00-20:00, Sa 08:00-17:00; PH off",,Migros
node,3831331529,Coop,Coop,,supermarket,Bandwiesstrasse,11,8630,Rüti ZH,47.2574393,8.8497925,Mo-Sa 07:30-20:00,https://coop.ch/,Coop
node,3831772784,Migros,Migros,Genossenschaft Migros Ostschweiz,supermarket,Strickerstrasse,3,8400,Winterthur,47.4991633,8.7211532,"Mo-Fr 08:00-20:00, Sa 08:00-18:00; PH off",https://filialen.migros.ch/de/migros-supermarkt-winterthur-neuwiesen,Migros
node,3838016019,Coop,Coop,Coop,supermarket,Via Ligornetto,2,6855,Stabio,45.8532845,8.9399323,Mo-Sa 08:00-19:00,,Coop
node,3843591896,Denner,Denner,,supermarket,,,,,46.8616865,9.5349305,,,Denner
node,3846698659,Migros,Migros,Genossenschaft Migros Aare,supermarket,Zürichstrasse,2,4665,Oftringen,47.312271,7.9216331,"Mo-We 08:00-19:00, Th-Fr 08:00-20:00, Sa 07:30-18:00; PH off",https://filialen.migros.ch/de/migros-supermarkt-oftringen,Migros
node,3846741257,Denner,Denner,,supermarket,,,,,47.3126085,7.9217741,,,Denner
node,3847638104,Migros,Migros,Genossenschaft Migros Luzern,supermarket,Bahnhofstrasse,5,6340,Baar,47.1955485,8.5248613,"Mo-Th 07:30-19:00, Fr 07:30-21:00, Sa 07:30-17:00; PH off",https://filialen.migros.ch/de/migros-supermarkt-baar,Migros
node,3849587929,Aldi,ALDI,,supermarket,Rue St. Martin,3-5,,,46.5213237,6.6364964,Mo-Fr 07:30-19:00; Sa 07:30-18:00,https://www.aldi-suisse.ch/,Aldi
node,3849759581,Migros,Migros,Genossenschaft Migros Aare,supermarket,,,8957,Spreitenbach,47.423258,8.3695614,"Mo-Fr 09:00-20:00, Sa 08:00-20:00; PH off",https://filialen.migros.ch/de/migros-supermarkt-spreitenbach-tivoli,Migros
node,3849871086,Coop,Coop,,supermarket,,,8957,Spreitenbach,47.4221595,8.3676957,,,Coop
node,3854547357,Lidl,Lidl,Lidl Schweiz,supermarket,,,,,47.4210305,8.3693437,"Mo-Fr 09:00-20:00, Sa 08:00-20:00; PH off",https://www.lidl.ch/,Lidl
node,3854547358,Denner,Denner,Denner,supermarket,,,,,47.4220097,8.3679134,"Mo-Fr 09:00-20:00, Sa 08:00-20:00; PH off",https://www.denner.ch/,Denner
node,3856230594,Denner,Denner,,supermarket,,,,,47.6990879,8.6323301,Mo-Sa 06:00-22:00; Su 07:00-22:00,https://www.denner.ch/de/filialen/8200-schaffhausen~s1145738,Denner
node,3889694721,Migros,Migros,Genossenschaft Migros Luzern,supermarket,Luzernerstrasse,44,6353,Weggis,47.0338678,8.4262703,"Mo-Fr 07:30-19:00, Sa 07:30-17:00, Su 07:30-12:00",https://filialen.migros.ch/de/migros-partner-weggis,Migros
node,3890297757,Coop,Coop,Coop Genossenschaft,supermarket,,,,,47.4384351,8.3472164,Mo-Su 09:00-21:00,,Coop
node,3897186743,Denner,Denner,,supermarket,,,,,47.3962927,8.0143415,,,Denner
node,3899487411,Coop,,Coop Genossenschaft,supermarket,,19,3063,Ittigen,46.9741769,7.4818468,Mo-Th 08:00-19:00; Fr 08:00-20:00; Sa 08:00-17:00; PH off,,Coop
node,3902835036,Migros,Migros,Genossenschaft Migros Luzern,supermarket,Luzernerstrasse,30,6010,Kriens,47.0337643,8.2826546,"Mo-Th 08:00-19:00, Fr 08:00-21:00, Sa 08:00-17:00; PH off",https://filialen.migros.ch/de/migros-supermarkt-kriens-hofmatt,Migros
node,3902888438,Coop,Coop,Coop Genossenschaft,supermarket,Hobacherweg,2,6010,Kriens,47.0343484,8.2731184,"Mo,Tu,Th 08:00-18:30; We,Fr 08:00-20:00; Sa 07:30-16:00",,Coop
node,3906395211,Denner,Denner,Denner AG,supermarket,Luzernerstrasse,28-30,6010,Kriens,47.0336981,8.2828336,,,Denner
node,3907832319,Denner,Denner,,supermarket,,6,4513,Langendorf,47.2183885,7.5115045,Mo-Th 08:00-18:30; Fr 08:00-21:00; Sa 08:00-18:00; PH off,,Denner
node,3909739158,Denner,Denner,,supermarket,,,,,47.5176319,8.9942061,"Mo-Fr 07:00-12:30,13:30-18:30; Sa 07:00-16:00",,Denner
node,3922276285,Migros,Migros,Migros,supermarket,Chemin du Viaduc,1,1008,Prilly,46.5272252,6.6024522,Mo-Fr 07:30-19:00; Sa 07:30-18:00,,Migros
node,3925459431,Migros Outlet,Migros,,supermarket,,,,,47.1635268,9.4784546,"Mo-Fr 08:00-19:00, Sa 08:00-17:00",,Migros
node,3956260457,Coop,,,supermarket,Grüenaustrasse,4,9630,Wattwil,47.3033047,9.0866588,Mo-Th 07:30-19:00; Fr 07:30-20:00; Sa 07:30-17:00,,Coop
node,3960828716,Denner,Denner,Denner AG,supermarket,Luzernerstrasse,78,6010,Kriens,47.0356074,8.2905993,,,Denner
node,3973089834,Coop,Coop,,supermarket,,,,,47.5634033,9.3770113,Mo-Th 08:00-19:00; Fr 08:00-20:00; Sa 08:00-18:00,,Coop
node,3993563850,Denner,Denner,Denner,supermarket,Krautgasse,8,3177,Laupen BE,46.9035361,7.239706,Mo-Fr 08:00-12:15; 14:00-18:45; Sa 08:00-16:00,,Denner
node,3999473220,Denner,Denner,Satellite Denner,supermarket,Rue des Chèzeaux,12,1424,Champagne,46.831741,6.6566148,"Mo-Fr 07:45-12:15,13:30-18:30;Sa 08:00-17:00",,Denner
node,4018374489,Coop,Coop,Coop,supermarket,,,,,47.3059204,7.8884031,Mo-Sa 08:00-18:00,,Coop
node,4039021088,Coop,Coop,,supermarket,Bahnhofplatz,10,3011,Bern,46.9489976,7.4375343,"Mo-Fr 06:00-20:00; Sa 07:00-18:00; Su,PH closed",,Coop
node,4052328711,Migros,Migros,,supermarket,,,,,46.4647636,6.8418335,Mo-Th 08:00-18:30; Fr 08:00-20:00; Sa 07:30-17:00,,Migros
node,4058248551,Migros,Migros,Genossenschaft Migros Ostschweiz,supermarket,Stadthausstrasse,31,8400,Winterthur,47.5001167,8.73193,"Mo-Fr 07:00-20:00; Sa 08:00-18:00; Su,PH off",https://filialen.migros.ch/de/migros-supermarkt-winterthur-obertor,Migros
node,4062279173,Migros,Migros,Genossenschaft Migros Luzern,supermarket,Gääli,6,6026,Rain,47.1269137,8.2497249,"Mo-Th 08:00-19:00, Fr 08:00-20:00, Sa 08:00-17:00; PH off",https://filialen.migros.ch/de/migros-supermarkt-rain,Migros
node,4064880425,Migros,Migros,Genossenschaft Migros Ostschweiz,supermarket,Langfeldstrasse,53a,8500,Frauenfeld,47.5655732,8.9047502,"Mo-Fr 08:00-20:00, Sa 08:00-19:00; PH off",https://filialen.migros.ch/de/migros-supermarkt-frauenfeld-multiplex,Migros
node,4069816589,Coop,Coop,,supermarket,Brunnmattstrasse,20,3007,Bern,46.945398,7.4268297,Mo-Fr 07:00-20:00; Sa 07:00-17:00; Su off,https://www.coop.ch/,Coop
node,4069953291,Coop,Coop,Coop Société Coopérative,supermarket,Rue de Montbrillant,90,1202,Genève,46.2201858,6.141755,Mo-We 07:30-19:00; Th 07:30-20:00; Fr 07:30-19:30; Sa 07:30-18:00,https://www.coop.ch/fr/entreprise/adresses-et-horaires/detail.html/1963/coop-supermarche-geneve-montbrillant.html,Coop
node,4086806390,Denner,Denner,Denner,supermarket,,,,,46.5417943,6.6281584,"Mo-Th 07:00-19:00, Fr 07:00-20:00, Sa 07:00-18:00",,Denner
node,4093033808,Coop,Coop,Coop,supermarket,Via Giorgio Bernasconi,31,6850,Mendrisio,45.8653345,8.9764969,Mo-Fr 07:30-18:30,https://www.coop.ch/,Coop
node,4095400136,Denner,Denner,,supermarket,,,,,47.4988568,8.7203601,Mo-Fr 08:00-20:00; Sa 08:00-18:00; PH off,,Denner
node,4095400190,ALDI,ALDI,Aldi Suisse,supermarket,Archplatz,2,8400,Winterthur,47.4979013,8.7247563,Mo-Sa 08:00-20:00,https://www.aldi-suisse.ch,Aldi
node,4095419065,Denner,Denner,,supermarket,,,,,47.3472104,8.2453237,Mo-Fr 08:00-20:00; Sa 07:30-20:00,,Denner
node,4099869676,Coop,,,supermarket,Schorenweg,19,4058,Basel,47.5702959,7.6099735,Mo-Fr 07:30-19:00; Sa 07:30-18:00,,Coop
node,4126902618,Coop,Coop,,supermarket,,,,,45.9972907,8.9028385,,,Coop
node,4135620173,Coop,Coop,,supermarket,Dorfstrasse,15,1735,Giffers,46.7620117,7.2088514,Mo-Fr 07:00-19:00; Sa 07:00-16:00,https://www.coop.ch/de/standorte/coop-supermarkt-giffers/3715_POS,Coop
node,4142717258,ALDI,ALDI,,supermarket,Bahnhofplatz,1,3110,Münsingen,46.8740832,7.5599771,Mo-Fr 08:00-20:00; Sa 08:00-17:00,,Aldi
node,4150854014,Denner Express,,,supermarket,Aarbergstrasse,32,2503,Biel/Bienne,47.1284013,7.2410693,Mo-Fr 08:00-19:00; Sa 08:00-17:00; Su off,,Denner
node,4161853016,Coop,Coop,,supermarket,,,,,47.2888491,7.7185033,Mo-Fr 08:00-18:30; Th 08:00-20:00; Sa 07:30-18:00; PH off,,Coop
node,4161853017,Migros,Migros,Genossenschaft Migros Aare,supermarket,Mühlefeldstrasse,53,4702,Oensingen,47.2889646,7.719135,Mo-Fr 08:00-18:30; Th 08:00-20:00; Sa 08:00-18:00; PH off,https://filialen.migros.ch/de/migros-supermarkt-oensingen,Migros
node,4166124099,Aldi,Aldi,Aldi Suisse,supermarket,,,,,46.8517473,9.5127754,Mo-Fr 08:00-20:00; Sa 07:30-18:00,,Aldi
node,4169403993,Denner,Denner,Denner,supermarket,Bernstrasse,13,3238,Gals,47.019783,7.041645,,,Denner
node,4173326689,Coop,Coop,,supermarket,,,,,46.6807181,7.8663725,Mo-Su 08:00-20:00,,Coop
node,4176799676,Coop,Coop,Coop Genossenschaft,supermarket,Winterthurerstrasse,22,8610,Uster,47.3552792,8.7131617,Mo-Sa 08:00-20:00,https://www.coop.ch/,Coop
node,4185416137,Denner,Denner,,supermarket,,,,,45.9770837,8.8741062,,,Denner
node,4189897383,Denner,Denner,,supermarket,Zürcherstrasse,120,8406,Winterthur,47.4911,8.705538,Mo-Fr 07:30-20:00; Sa 08:00-19:00,,Denner
node,4191270239,Denner,Denner,,supermarket,,,,,46.9230163,7.4139573,Mo-Th 09:00-18:00; Fr 08:00-21:00; Sa 07:30-17:00,,Denner
node,4204063789,Coop,Coop,,supermarket,F. X. Müllerstrasse,11,3185,Schmitten FR,46.8547566,7.2496627,Mo-Fr 07:00-19:00; Sa 07:00-16:00,https://www.coop.ch/de/standorte/coop-supermarkt-schmitten/4478_POS,Coop
node,4205801489,Aldi,ALDI,Aldi Suisse,supermarket,Baumackerstrasse,35,8050,Zürich,47.4089295,8.5437302,Mo-Sa 07:30-20:00; PH off,https://www.aldi-suisse.ch/,Aldi
node,4206582889,Denner,Denner,,supermarket,Schwamendingenstrasse,24,8050,Zürich,47.4073192,8.5485107,Mo-Sa 07:30-20:00,https://www.denner.ch/,Denner
node,4209893836,Denner,Denner,,supermarket,Bernstrasse,31,3360,Herzogenbuchsee,47.1863343,7.7038658,"Mo-Th 08:00-19:00, Fr 08:00-21:00, Sa 07:30-17:00; PH off",,Denner
node,4210698989,Coop,Coop,,supermarket,Bahnhofstrasse,,3270,,47.0427599,7.2765273,Mo-Th 08:00-20:00; Fr 08:00-21:00; Sa 07:30-17:00,,Coop
node,4212076941,Denner,Denner,,supermarket,Hauptstrasse,31,9320,Arbon,47.5161593,9.4330763,,,Denner
node,4217607249,Coop,Coop,Coop Genossenschaft,supermarket,Breite,2,6487,Göschenen,46.6687793,8.5871026,"Mo-Fr 08:00-12:00,14:00-18:30, Sa 08:00-12:00, Sa 13:30-16:00",,Coop
node,4244070962,Aldi,ALDI,Aldi Suisse,supermarket,Feldstrasse,32,8105,Regensdorf,47.4383308,8.4729685,Mo-Sa 07:30-20:00; PH off,https://www.aldi-suisse.ch/,Aldi
node,4250798594,Coop,Coop,,supermarket,,,,,46.4530691,6.8575215,Mo-Fr 08:00-19:00; Sa 08:00-17:00,,Coop
node,4250850089,Migros,Migros,,supermarket,,,,,46.4527178,6.8579172,Mo-Fr 08:00-19:00; Sa 07:30-17:00,,Migros
node,4251315314,Denner,Denner,,supermarket,Centralstrasse,14,6215,Beromünster,47.2065373,8.1903027,,,Denner
node,4255859368,Migros,Migros,,supermarket,,,,,46.5314004,6.6187039,"Mo-Fr 07:30-19:00, Sa 07:30-18:00",,Migros
node,4273151874,Coop,Coop,Coop Genossenschaft,supermarket,Boulevard Lilienthal,20,8152,Opfikon,47.4238282,8.5618752,Mo-Sa 08:00-20:00,,Coop
node,4279089265,Coop,Coop,Coop,supermarket,Chemin de l'Islettaz,1,1305,Penthalaz,46.6071921,6.5225498,"Mo-Th 07:30-19:00, Fr 07:30-20:00, Sa 07:30-18:00",https://www.coop.ch/,Coop
node,4280216775,Denner,Denner,,supermarket,Rheinstrasse,2,9469,Haag (Rheintal),47.2095158,9.48989,,https://www.denner.ch/,Denner
node,4286225531,Aldi,Aldi,,supermarket,,,,,46.8081224,7.1284089,Mo-Th 07:30-19:00; Fr 07:30-21:00; Sa 07:30-16:00; Su off,,Aldi
node,4299006521,Denner,Denner,,supermarket,Bahnhofstrasse,9,8304,Wallisellen,47.4143687,8.5909589,,,Denner
node,4306410933,Lidl,Lidl,Lidl Schweiz,supermarket,,,,,47.3754253,8.5193941,Mo-Sa 07:00-21:00; PH off,https://www.lidl.ch/,Lidl
node,4307893181,Coop,Coop,Coop Genossenschaft,supermarket,Zürichstrasse,9,6004,Luzern,47.0568709,8.3101171,Mo-We 07:30-19:00; Sa 07:30-17:00; Th 07:30-21:00; Fr 07:30-19:00,,Coop
node,4307893182,Denner,Denner,Denner AG,supermarket,Zürichstrasse,5,6004,Luzern,47.0562172,8.3100234,,,Denner
node,4314993996,Migros,Migros,Genossenschaft Migros Zürich,supermarket,Baumackerstrasse,35,8050,Zürich,47.4090314,8.5433264,"Mo-Fr 07:30-20:00, Sa 08:00-18:00; PH off",,Migros
node,4319285390,Denner,Denner,,supermarket,Bahnhofstrasse,7a,3123,,46.8906509,7.4990103,Mo-Sa 08:00-19:00,,Denner
node,4328291097,Coop,Coop,Coop Genossenschaft,supermarket,Seestrasse,339,8038,Zürich,47.3471862,8.5330722,Mo-Fr 07:00-21:00; Sa 08:00-21:00,,Coop
node,4330779593,Coop,Coop,Coop Genossenschaft,supermarket,St. Gallerstrasse,15,9320,Arbon,47.5113463,9.4303362,Mo-Th 08:00-19:00; Fr 08:00-20:00; Sa 08:00-18:00,https://www.coop.ch/de/standorte/coop-supermarkt-arbon-novaseta/1999_POS,Coop
node,4336822460,Denner,Denner,,supermarket,,,,,46.4410574,6.8934233,Mo-Fr 08:00-20:00; Sa 07:30-19:00,,Denner
node,4337239357,Migros,Migros,,supermarket,,,,,46.53295,6.6465948,Mo-Fr 07:30-19:00; Sa 07:30-18:00,,Migros
node,4337239752,Coop,Coop,,supermarket,,,,,46.5328667,6.6465526,Mo-Fr 07:30-19:00; Sa 07:30-18:00,,Coop
node,4339744893,Coop Pronto,Coop,,supermarket,,,,,46.6974469,9.4424817,,,Coop
node,4340681468,Migros,Migros,,supermarket,,,,,46.8209749,7.1541268,"Mo,Tu,We,Fr 08:00-19:00; Th 08:00-21:00; Sa 08:00-16:00",https://filialen.migros.ch/fr/supermarche-migros-agy,Migros
node,4341245404,Migros,Migros,Genossenschaft Migros Aare,supermarket,Schanzenstrasse,5,3000,Bern,46.9478029,7.4362001,"Mo-Fr 06:00-20:00, Sa 06:00-17:00; PH off",https://filialen.migros.ch/de/migros-supermarkt-bern-welle-7,Migros
node,4342407034,Coop,Coop,,supermarket,Bäumlihofstrasse,132/134,4058,Basel,47.5651143,7.6178221,"Mo-Fr 07:30-20:00, Sa 07:30-18:00",https://www.coop.ch/de/services/standorte-und-oeffnungszeiten/detail.html/coop-supermarkt-basel-baeumlihof?id=1077,Coop
node,4343491253,Coop,Coop,Coop Genossenschaft,supermarket,Bahnhofstrasse,36/38,6440,Brunnen,46.996546,8.6075027,Mo-Sa 07:30-20:00,https://www.coop.ch/de/standorte/coop-supermarkt-brunnen/2243_POS,Coop
node,4346865057,Coop,,,supermarket,,,,,46.8942329,7.3019893,,,Coop
node,4347554302,Denner,Denner,Denner,supermarket,,,,,46.8803577,7.6225199,Mo-Th 08:00-19:00; Fr 08:00-20:00; Sa 07:30-17:00,,Denner
node,4348657190,Migros,Migros,,supermarket,,,,,46.0792162,7.143693,Mo-Th 07:30-18:30; Fr 07:30-20:00; Sa 07:30-17:00,,Migros
node,4360523396,Denner,Denner,,supermarket,,,,,47.0407323,9.0707916,"Mo-Th,Sa 08:00-19:00; Fr 08:00-20:00",,Denner
node,4361991158,Coop,Coop,Coop Genossenschaft,supermarket,Universitätstrasse,101,8006,Zürich,47.3838209,8.5480794,Mo-Sa 07:30-21:00,,Coop
node,4364207486,Migros,Migros,Genossenschaft Migros Ostschweiz,supermarket,AMP-Strasse,2,9552,Bronschhofen,47.4805982,9.0324644,"Mo-Fr 08:00-19:00, Sa 08:00-17:00; PH off",https://filialen.migros.ch/de/migros-supermarkt-bronschhofen,Migros
node,4366013861,Denner Express,,,supermarket,,,,,46.8368985,9.2868331,Mo-Fr 08:00-20:00; Sa 08:00-17:00,,Denner
node,4366602090,Migros,Migros,Genossenschaft Migros Luzern,supermarket,Richensee,2,6285,Hitzkirch,47.2221009,8.2520035,"Mo-Th 08:00-19:00, Fr 08:00-20:00, Sa 08:00-17:00; PH off",https://filialen.migros.ch/de/migros-supermarkt-hitzkirch,Migros
node,4374665095,Migros,,,supermarket,,,,,46.5241009,6.9049829,Mo-Th 07:30-19:00; Fr 07:30-21:00; Sa 07:30-16:00; Su off,https://filialen.migros.ch/de/migros-supermarkt-chatel-st-denis,Migros
node,4375683472,Denner,Denner,,supermarket,Tiefackerstrasse,20,8134,Adliswil,47.3153611,8.5304574,Mo-Sa 07:00-20:00,,Denner
node,4384313285,Coop,,,supermarket,Birmensdorferstrasse,9,8953,Dietikon,47.3979958,8.4179266,Mo-Sa 07:45-20:00; PH closed,,Coop
node,4404670012,Coop,Coop,,supermarket,,,,,46.2177956,7.0063135,Mo-Fr 07:45-18:30; Sa 07:45-17:00,,Coop
node,4406493692,Denner,Denner,Denner SA,supermarket,Rue Abraham-Gevray,5,,Genève,46.2113797,6.1496006,Mo-We 07:30-19:00; Th 07:30-20:00; Fr 07:30-19:30; Sa 07:30-18:00,https://www.denner.ch/fr/succursales/1201-geneve~s1145517,Denner
node,4412885193,Lidl,Lidl,Lidl Schweiz AG,supermarket,Rue de Lausanne,45,1201,Genève,46.2136986,6.1455443,Mo-We 07:30-19:00; Th 07:30-21:00; Fr 07:30-19:30; Sa 07:30-18:00,https://www.lidl.ch/s/fr-CH/recherche-filiale/geneve/rue-de-lausanne-45-47/,Lidl
node,4417429699,Migros,Migros,,supermarket,,,,,46.2145524,7.0053971,Mo-Fr 07:30-18:30; Sa 07:30-17:00,,Migros
node,4419872582,Migros,Migros,Genossenschaft Migros Ostschweiz,supermarket,Bahnhofstrasse,2,8355,Aadorf,47.4900683,8.8995983,"Mo-Fr 07:30-20:00, Sa 08:00-18:00; PH off",https://filialen.migros.ch/de/migros-supermarkt-aadorf,Migros
node,4420328782,Coop,Coop,Coop,supermarket,Salzhausstrasse,31,2503,Biel/Bienne,47.1299891,7.2429885,Mo-Th 08:00-20:00; Fr 08:00-21:00; Sa 07:30-17:00; Su off,,Coop
node,4423175779,Aldi,ALDI,Aldi Suisse,supermarket,Zollstrasse,58,8005,Zürich,47.3809181,8.5331122,Mo-Sa 07:30-21:00; PH off,https://www.aldi-suisse.ch/,Aldi
node,4424402108,Coop,Coop,,supermarket,,,,,47.3069755,8.5891397,Mo-Sa 07:00-21:00,,Coop
node,4424654362,Migros,Migros,Genossenschaft Migros Zürich,supermarket,,,8001,Zürich,47.3782902,8.5404169,"Mo-Fr 06:30-22:00; Sa-Su,PH 08:00-22:00",https://filialen.migros.ch/de/migros-supermarkt-zuerich-hauptbahnhof,Migros
node,4424679510,Coop,Coop,Coop Genossenschaft,supermarket,,,8001,Zürich,47.3778252,8.538369,Mo-Sa 06:00-22:30; Su 08:00-22:30,https://www.coop.ch/,Coop
node,4424939155,Migros,Migros,Genossenschaft Migros Zürich,supermarket,,,8001,Zürich,47.3770315,8.5394102,"Mo-Fr 06:30-20:00; PH,Sa-Su 08:00-20:00",https://filialen.migros.ch/de/migros-supermarkt-zuerich-shopvillemaert,Migros
node,4431443637,Coop,Coop,Coop Genossenschaft,supermarket,Bahnhofstrasse,8,6110,Wolhusen,47.05806,8.0733635,,,Coop
node,4434448389,ALDI,ALDI,Aldi Suisse AG,supermarket,Bruchstrasse,2,6003,Luzern,47.0514167,8.298684,"Mo-We,Fr 07:30-19:00; Th 07:30-21:00; Sa 07:30-17:00",,Aldi
node,4436281783,Coop,Coop,Coop Genossenschaft,supermarket,Fronwagplatz,1,8200,Schaffhausen,47.6963318,8.6337962,"Mo-Fr 07:30-20:00; Sa 07:30-18:00; PH,Su off",,Coop
node,4436613689,ALDI,ALDI,,supermarket,,,,,47.2129093,7.786811,Mo-Fr 08:00-20:00; Sa 08:00-17:00; Su off; PH off,,Aldi
node,4437700046,Coop,Coop,Coop Genossenschaft,supermarket,Freie Strasse,75,4001,Basel,47.5556543,7.5907408,,,Coop
node,4459621658,Lidl,Lidl,Lidl Schweiz,supermarket,Im Grund,16,5014,Gretzenbach,47.358989,7.9909656,,https://www.lidl.ch/,Lidl
node,4462112015,Coop,Coop,,supermarket,Brunngrabenstrasse,2,4500,Solothurn,47.2080048,7.5158017,Mo-Fr 08:00-18:30; Sa 07:30-17:00; Su closed,,Coop
node,4466482789,Coop,Coop,Coop Genossenschaft,supermarket,Zollstrasse,42,8005,Zürich,47.3806921,8.5348898,Mo-Sa 06:30-21:00; Su 07:00-21:00,,Coop
node,4468784584,Coop,Coop,Coop Genossenschaft,supermarket,Oberdorfstrasse,6a,6340,Baar,47.1953573,8.5296666,,,Coop
node,4470200075,Denner,Denner,,supermarket,Wiesentalstrasse,4,9425,Thal,47.4795175,9.577322,,,Denner
node,4470200077,Migros,Migros,Genossenschaft Migros Ostschweiz,supermarket,Wiesentalstrasse,4,9425,Thal,47.4797204,9.5766952,Mo-Th 08:00-19:00; Fr 08:00-20:00; Sa 08:00-17:00; PH off,https://filialen.migros.ch/de/migros-supermarkt-thal,Migros
node,4471468374,Migros,Migros,Genossenschaft Migros Ostschweiz,supermarket,Wilerstrasse,5,9542,Münchwilen TG,47.4777606,8.9982221,"Mo-Fr 08:00-20:00, Sa 08:00-19:00; PH off",https://filialen.migros.ch/de/migros-supermarkt-muenchwilen,Migros
node,4471606823,Coop,Coop,,supermarket,Stäffelistrasse,7,,,47.5037951,8.770855,Mo-Fr 08:00-20:00; Sa 08:00-18:00,https://www.coop.ch/de/unternehmen/standorte-und-oeffnungszeiten/detail.html/3945/,Coop
node,4471606841,Migros,Migros,Genossenschaft Migros Ostschweiz,supermarket,Hintermühlenstrasse,4,8409,Winterthur,47.5042141,8.7717869,"Mo-Fr 08:00-20:00, Sa 08:00-19:00; PH off",https://filialen.migros.ch/de/migros-supermarkt-winterthur-hegi,Migros
node,4471606842,Denner,Denner,,supermarket,,,,,47.5041146,8.7721937,"Mo-Fr 08:00-20:00, Sa 08:00-19:00; PH off",,Denner
node,4472240068,Denner,Denner,,supermarket,,2,8102,Oberengstringen,47.408568,8.4633804,Mo-Sa 08:00-20:00,,Denner
node,4485050990,Migros,Migros,Société Coopérative Migros Genève,supermarket,Place de la Fusterie,7,1204,Genève,46.203871,6.1462335,Mo-Fr 08:30-19:00; Sa 08:30-18:00,https://filialen.migros.ch/fr/supermarche-migros-geneve-fusterie/,Migros
node,4486137536,Denner,Denner,,supermarket,,,,,47.5188403,8.720844,,,Denner
node,4486137545,ALDI Suisse,,,supermarket,,,,,47.5190218,8.7201481,Mo-Fr 08:30-20:00; Sa 08:00-18:00,,Aldi
node,4514018389,Denner,Denner,,supermarket,,,,,47.3534508,7.9468229,,,Denner
node,4521077846,Migros,Migros,Genossenschaft Migros Basel,supermarket,Eisengasse,12,4051,Basel,47.5592809,7.5876958,Mo-Fr 07:30-20:00; Sa 08:00-18:00; Su off,https://filialen.migros.ch/de/migros-supermarkt-basel-maertplatz,Migros
node,4534849601,Aldi,Aldi,,supermarket,Hertensteinstrasse,50,6004,Luzern,47.0541662,8.3075962,"Mo-We, Fr 08:00-19:00; Th 08:00-20:00; Sa 08:00-17:00",,Aldi
node,4537977467,Migros-Outlet,Migros,Migros Genossenschafts-Bund,supermarket,Promenade,40,7270,Davos Platz,46.7934267,9.8213266,Mo-Fr 08:00-18:30; Sa 08:00-17:00,,Migros
node,4557017489,Migros,Migros,Genossenschaft Migros Ostschweiz,supermarket,Trischlistrasse,15,9400,Rorschach,47.4784176,9.4896088,Mo-Th 08:00-19:00; Fr 08:00-20:00; Sa 08:00-17:00; Su off,,Migros
node,4581204689,Migros,Migros,,supermarket,,,,,46.4923302,6.7695652,Mo-Fr 06:30-19:00; Sa 08:00-14:15; Su 08:00-13:00,https://filialen.migros.ch/fr/migros-partenaire-puidoux,Migros
node,4581732389,Coop,Coop,,supermarket,,,,,46.5999585,9.9606649,Mo-Fr 08:00-19:00; Sa 08:00-18:00,,Coop
node,4586790608,Migros,Migros,Genossenschaft Migros Luzern,supermarket,Obgardirain,1,6043,Adligenswil,47.0715498,8.3619633,"Mo-Fr 07:30-12:15, Mo-Th 13:30-19:00, Fr 13:30-20:00, Sa 07:30-17:00",https://filialen.migros.ch/de/migros-partner-adligenswil,Migros
node,4589955607,Denner,Denner,,supermarket,Grande Ferme,20,3280,Muntelier,46.9406319,7.145202,Mo-Th 07:00-19:00; Fr 07:00-21:00; Sa 07:00-16:00,,Denner
node,4591072595,Coop,Coop,,supermarket,,,,,46.3913617,9.2332511,"Mo-Fr 08:00-12:00,14:30-19:00; Su off; Sa 08:00-12:00,14:00-18:00",,Coop
node,4597792764,Denner,Denner,,supermarket,,,,,46.5711309,6.8231374,,,Denner
node,4599739665,Coop,Coop,,supermarket,,,,,46.8466962,9.5079447,"Mo-Fr 09:00-20:00, Sa 08:00-18:00",,Coop
node,4601227391,Denner,Denner,Denner,supermarket,Grande Ferme,20,3280,Muntelier,46.9405337,7.1450493,Mo-Th 07:00-19:00; Fr 07:00-21:00; Sa 07:00-16:00,https://www.denner.ch/,Denner
node,4603794691,Migros,Migros,,supermarket,,,,,46.0235381,8.9672526,"Mo, Tu, We, Fr 07:30-19:00; Th 07:30-21:00; Sa 07:30-18:30; Su off",https://filialen.migros.ch/de/migros-supermarkt-pregassona,Migros
node,4609332523,Denner,Denner,Denner AG,supermarket,Ruopigenplatz,,6015,Luzern,47.061545,8.2743619,Mo-Th 08:00-19:00; Fr 08:00-20:00; Sa 08:00-17:00; Su off,,Denner
node,4612692582,Coop,Coop,,supermarket,Nordstrasse,2,3900,Brig,46.3187736,7.988729,Mo-Th 06:00-18:30; Fr 06:00-20:00; Sa 06:00-17:00,,Coop
node,4634829754,Aldi,Aldi,,supermarket,Route d'Oron,39,1010,Lausanne,46.5355078,6.6555979,Mo-Sa 08:00-19:00,https://www.aldi-suisse.ch/,Aldi
node,4644027290,Denner,Denner,Denner SA,supermarket,Rue de Carouge,64,,Genève,46.1929579,6.1429814,Mo-We 08:30-19:00; Th-Fr 08:30-19:30; Sa 08:00-18:00,https://www.denner.ch/fr/succursales/1205-geneve-centre-commercial-plainpalais~s1145626,Denner
node,4644408675,Denner,Denner,Denner,supermarket,,,,,47.2974025,9.0914329,,,Denner
node,4644408676,Lidl,Lidl,Lidl Schweiz,supermarket,Rietwisstrasse,5,9630,Wattwil,47.2975819,9.091233,,,Lidl
node,4682401705,Denner,Denner,Denner,supermarket,Chemin du Croset,9,1024,Ecublens (VD),46.5338939,6.563835,Mo-Fr 08:00-20:00; Sa 08:00-18:00,https://www.denner.ch/,Denner
node,4690472730,Coop,Coop,Coop,supermarket,,,,,46.7758359,7.6334099,,,Coop
node,4697887290,Aldi,ALDI,Aldi Suisse,supermarket,Industriestrasse,4,8424,Embrach,47.5165537,8.5943967,Mo-Sa 07:30-20:00; PH off,https://www.aldi-suisse.ch/,Aldi
node,4703154878,Coop,Coop,,supermarket,,,,,47.5522197,7.7863569,Mo-Fr 08:00-20:00; Sa 07:30-18:00,,Coop
node,4729382132,Coop,,Coop,supermarket,Hauptstrasse,19,4542,Luterbach,47.2159695,7.5869609,Mo-Fr 08:00-18:30; Sa 07:30-17:00; PH off,,Coop
node,4738017329,Denner,Denner,,supermarket,,,,,46.3847529,6.2383706,,,Denner
node,4738270013,Denner,Denner,,supermarket,,,,,47.3523992,8.3497154,,,Denner
node,4745754483,Aldi,Aldi,,supermarket,,,,,46.4737073,6.4272608,"Mo-We,Fr 08:00-19:00; Th 08:00-20:00; Sa 08:00-18:00",,Aldi
node,4749142146,Denner,Denner,Denner,supermarket,,,,,47.4509927,8.582027,Mo-Sa 08:00-20:00,,Denner
node,4756900421,Coop,Coop,Coop Genossenschaft,supermarket,Stickereistrasse,4,9320,Arbon,47.5108719,9.4325033,Mo-Th 07:00-19:00; Fr 07:00-20:00; Sa 07:00-18:00,https://www.coop.ch/de/,Coop
node,4762968165,Denner,Denner,,supermarket,,,,,46.4578947,6.8568111,Mo-Fr 08:00-19:00; Sa 08:00-17:00,,Denner
node,4776291937,Coop,Coop,,supermarket,Rue du Lac,26,2525,Le Landeron,47.0544614,7.0678281,,https://www.coop.ch/en/locations/coop-supermarche-le-landeron-rue-du-lac/4152_POS,Coop
node,4802321504,Coop,Coop,,supermarket,,,,,46.7744673,7.5722949,,,Coop
node,4805249993,Coop,Coop,,supermarket,,,,,46.9698765,9.6842655,Mo-Fr 07:30-20:00; Sa 07:30-18:00; PH closed,,Coop
node,4810427359,Lidl,Lidl,Lidl Schweiz,supermarket,Bernstrasse,119,3072,Ostermundigen,46.959062,7.496688,Mo-Th 07:30-20:00; Fr 07:30-21:00; Sa 07:30-17:00,,Lidl
node,4813527922,Denner,Denner,Denner,supermarket,Bahnhofstrasse,28,8180,Bülach,47.5210346,8.5408348,Mo-Fr 08:00-20:00; Sa 08:00-18:00,https://www.denner.ch/de/filialen/store-controller/stores/store/einkaufszentrum-sonnenhof,Denner
node,4816412575,Migros,Migros,Genossenschaft Migros Ostschweiz,supermarket,Lindenplatz,1,8408,Winterthur,47.5107051,8.693819,Mo-Fr 07:30-20:00; Sa 07:30-18:00; PH off,https://filialen.migros.ch/de/migros-supermarkt-winterthur-wuelflingen,Migros
node,4817359240,Denner,Denner,Pius Müller,supermarket,Bahnhofstrasse,3,8716,Schmerikon,47.2253457,8.9441525,Mo-Fr 07:00-19:00; Sa 07:00-17:00,,Denner
node,4818100710,Migros,Migros,Coopérative Migros Vaud,supermarket,,,,,46.538575,6.5803842,Mo-Fr 08:00-19:00; Sa 07:30-17:00; PH off,https://filialen.migros.ch/fr/supermarche-migros-renens-metropole,Migros
node,4827130190,Migros,Migros,Genossenschaft Migros Zürich,supermarket,Albisriederstrasse,363,8047,Zürich,47.3752033,8.485718,Mo-Sa 08:00-20:00; PH off,https://filialen.migros.ch/de/migros-supermarkt-zuerich-puent,Migros
node,4827131027,M-Outlet,Outlet Migros,Genossenschaft Migros Zürich,supermarket,Pfingstweidstrasse,101,8005,Zürich,47.3900919,8.5087068,"Mo-Fr 06:30-18:00, Sa 08:00-16:00; PH off",https://filialen.migros.ch/de/m-outlet-zuerich-herdern,Migros
node,4827131028,Migros,Migros,Genossenschaft Migros Zürich,supermarket,Winterthurerstrasse,2-4,8006,Zürich,47.3859928,8.5486931,"Mo-Sa 07:30-21:00; Su,PH off",https://filialen.migros.ch/de/migros-supermarkt-zuerich-rigiplatz,Migros
node,4838591606,Denner,Denner,,supermarket,,,8050,Zürich,47.4105537,8.5434973,Mo-Sa 07:30-20:00; PH off,https://www.denner.ch/,Denner
node,4838594323,Denner,Denner,,supermarket,Neue Winterthurerstrasse,99,8301,Wallisellen,47.4078296,8.5965802,Mo-Sa 09:00-20:00,https://www.denner.ch/,Denner
node,4838594339,Denner,Denner,Denner,supermarket,Altstetterstrasse,145,8048,Zürich,47.3887075,8.4870669,Mo-Sa 08:00-20:00,https://www.denner.ch/,Denner
node,4838594390,Denner,Denner,Denner,supermarket,Baslerstrasse,50,8048,Zürich,47.3859997,8.4995797,Mo-Sa 09:00-20:00,https://www.denner.ch/,Denner
node,4838604129,Denner,Denner,,supermarket,,,,,47.3466216,7.9174036,,,Denner
node,4841796184,Denner,Denner,,supermarket,Limmatstrasse,152,8005,Zürich,47.3857631,8.5318296,Mo-Sa 07:30-20:00; PH off,,Denner
node,4848816876,Coop City,Coop,Coop Genossenschaft,supermarket,Bahnhofstrasse,57,8001,Zürich,47.3729278,8.537713,Mo-Sa 09:00-20:00,,Coop
node,4854105822,Coop,Coop,Coop,supermarket,,,,,47.1385722,7.2468854,"Mo-We,Fr 07:00-19:00; Th 07:00-21:00; Sa 07:00-17:00",,Coop
node,4863684823,Coop,Coop,,supermarket,Tramstrasse,33,9444,Diepoldsau,47.3894532,9.6491781,Mo-Th 07:00-19:00; Fr 07:00-20:00; Sa 07:00-17:00,https://www.coop.ch/,Coop
node,4868938542,Aldi,ALDI,Aldi Suisse,supermarket,Badenerstrasse,565,8048,Zürich,47.3838311,8.4978671,Mo-Sa 07:30-21:00,https://www.aldi-suisse.ch/,Aldi
node,4880906388,Coop,Coop,Coop Genossenschaft,supermarket,Seefeldstrasse,35,8008,Zürich,47.363156,8.549921,Mo-Fr 06:30-21:00; Sa 07:00-21:00,,Coop
node,4881584921,Coop,Coop,,supermarket,,,,,47.6040365,9.2873126,,,Coop
node,4889759060,ALDI,ALDI,Aldi Suisse,supermarket,Lindenhagstrasse,1,4622,Egerkingen,47.3239358,7.8039665,,https://www.aldi-suisse.ch/,Aldi
node,4896104281,Coop,Coop,Coop Genossenschaft,supermarket,,,,,47.3574739,8.5230643,Mo-Fr 09:00-21:00; Sa 08:00-21:00,https://www.coop.ch/de/standorte/coop-supermarkt-zuerich-sihlcity-supermarkt/2848_POS,Coop
node,4896104282,Coop,Coop,Coop Genossenschaft,supermarket,Am Suteracher,14,8048,Zürich,47.3898336,8.471856,Mo-Sa 07:30-20:00,,Coop
node,4896104283,Coop City Oerlikon Food,Coop City,Coop Genossenschaft,supermarket,Wallisellenstrasse,1,8050,Zürich,47.4104766,8.5467405,Mo-Fr 08:00-20:00; Sa 08:00-18:00,,Coop
node,4896104284,Coop,,Coop Genossenschaft,supermarket,Seefeldstrasse,199,8008,Zürich,47.3533217,8.558975,Mo-Sa 07:30-21:00,,Coop
node,4900329304,Coop,Coop,,supermarket,Rue des Poudrières,137,2000,Neuchâtel,46.9881259,6.9094198,"Mo-We 07:30-19:00, Th 07:30-20:00, Fr 07:30-19:00, Sa 07:30-18:00",,Coop
node,4904632669,Lidl,Lidl,Lidl Schweiz,supermarket,Rue de l'Ecluse,30 - 38,2000,Neuchâtel,46.9928154,6.9255613,Mo-We 07:30-19:00; Th 07:30-20:00; Fr 07:30-19:00; Sa 07:30-18:00; PH off,,Lidl
node,4911895521,Coop,Coop,Coop,supermarket,,,,,46.2531017,6.9501609,,,Coop
node,4916560819,Migros,Migros,Genossenschaft Migros Ostschweiz,supermarket,St. Gallerstrasse,16,8353,Elgg,47.4983121,8.8615229,"Mo-Fr 07:30-20:00, Sa 08:00-18:00; PH off",https://filialen.migros.ch/de/migros-supermarkt-elgg,Migros
node,4926230015,Migros,Migros,Coopérative Migros Neuchâtel-Fribourg,supermarket,,,2300,,47.1002561,6.8273511,Mo-We 08:00-19:00; Th 08:00-20:00; Fr 08:00-19:00; Sa 08:00-18:00; Su off,https://filialen.migros.ch/de/migros-supermarkt-metropole-centre,Migros
node,4931591722,Migros,Migros,Genossenschaft Migros Luzern,supermarket,Friedentalstrasse,6,6004,Luzern,47.0612692,8.3077943,"Mo-Th 08:00-19:00, Fr 08:00-20:00, Sa 08:00-17:00; PH off",https://filialen.migros.ch/de/migros-supermarkt-luzern-schlossberg,Migros
node,4942178971,Coop,,,supermarket,,,,,46.477881,8.7990633,,,Coop
node,4947270215,Migros,Migros,Genossenschaft Migros Ostschweiz,supermarket,Grossfeldstrasse,56,8879,Mels,47.0423429,9.430805,"Mo-Th 08:30-19:00, Fr 08:30-21:00, Sa 08:00-17:00; PH off",https://filialen.migros.ch/de/migros-supermarkt-mels-pizolpark,Migros
node,4951254377,Coop,Coop,,supermarket,,,,Ostermundigen,46.9555916,7.483822,Mo-Th 08:00-19:00; Fr 08:00-21:00; Sa 07:30-17:00,,Coop
node,4961614441,Coop,Coop,,supermarket,Spitalgasse,37,,,46.9474933,7.4416481,Mo-Fr 06:30-20:00; Th 06:30-21:00; Sa 07:00-17:00,,Coop
node,4968715922,Denner,Denner,,supermarket,Avenue de Feuillasse,24,1217,,46.232555,6.0827085,,https://www.denner.ch/,Denner
node,4971995633,Denner,Denner,,supermarket,Bahnhofstrasse,16,9470,Buchs SG,47.1668895,9.4764328,Mo-Tu 08:00-19:00; We 08:00-20:00; Th-Fr 08:00-19:00; Sa 08:00-17:00; Su closed,https://www.denner.ch/de/filialen/denner-filiale-und-oeffnungszeiten/store/bahnhofstrasse-16-9470-buchs-sg/,Denner
node,4973579524,Denner,Denner,,supermarket,,,,,47.3616673,7.3735975,,,Denner
node,4973913994,Denner,Denner,,supermarket,,,,,47.2552425,6.9975232,,,Denner
node,4978196565,Denner,Denner,,supermarket,Grüzefeldstrasse,24,8400,Winterthur,47.4968011,8.7466073,Mo-Fr 07:30-19:00; Sa 08:00-19:00,,Denner
node,4986610001,ALDI,ALDI,ALDI SUISSE AG,supermarket,,,,,47.3642263,9.5563242,"Mo,Th 07:30-19:00; Tu,We 08:00-19:00; Fr 08:00-20:00; Sa 07:30-17:00",https://www.aldi-suisse.ch/,Aldi
node,5007228533,Denner,Denner,,supermarket,,,,,46.4627519,9.191308,,,Denner
node,5008490143,Denner,Denner,Denner AG,supermarket,Nelkenstrasse,5,6060,Sarnen,46.8966508,8.2490322,,,Denner
node,5019758722,Denner,Denner,,supermarket,Avenue de Savoie,4,1896,Vouvry,46.3367423,6.8914278,"Mo-Tu 07:30-18:30; Fr 07:30-19:30; Sa 07:30-17:00; Su,PH closed",,Denner
node,5028155745,Denner,Denner,,supermarket,Brugghof,7,8867,Niederurnen,47.1306563,9.0583731,,,Denner
node,5029136746,Denner,Denner,,supermarket,,,,,47.5854961,7.6503186,Mo-Fr 08:00-19:00; Sa 07:30-18:00,,Denner
node,5032084112,Denner,Denner,Denner,supermarket,Marktplatz,,2540,Grenchen,47.1938287,7.3966079,,,Denner
node,5032268522,Migros,Migros,Genossenschaft Migros Basel,supermarket,Centralbahnstrasse,10,4051,Basel,47.5476823,7.5889594,Mo-Sa 06:00-22:00; Su 07:30-22:00,https://filialen.migros.ch/de/migros-supermarkt-basel-bahnhof-sbb/,Migros
node,5036960876,Denner,Denner,,supermarket,,,,,47.4056839,8.4028407,Mo-Fr 08:00-20:00;Sa 08:00-18:00;PH closed,,Denner
node,5042751481,Denner Satellit,,,supermarket,Spissstrasse,1,3920,Zermatt,46.0257021,7.7496543,Mo-Sa 08:00-20:00,https://www.denner.ch/,Denner
node,5046260927,Migros,Migros,Società Cooperativa Migros Ticino,supermarket,Viale Serfontana,20,6834,Morbio Inferiore,45.8452236,9.0165235,"Mo-We,Fr 08:30-19:00; Th 08:30-21:00; Sa 08:30-18:30",https://www.migros.ch/it.html,Migros
node,5046261151,Coop,Coop,,supermarket,Viale Serfontana,20,6834,Morbio Inferiore,45.8453692,9.0154992,"Mo-We,Fr 08:30-19:00; Th 08:30-21:00; Sa 08:30-18:30; Su off",https://www.coop.ch/it.html,Coop
node,5058547354,Migros,Migros,,supermarket,Brühlgasse,28,9000,St. Gallen,47.4250653,9.3782173,Mo-Fr 07:30-19:00; Sa 07:30-17:00,,Migros
node,5072974691,Migros,Migros,Migros,supermarket,Via Geretta,,6902,Lugano,45.9913154,8.9435175,Mo-Fr 08:00-19:00; Sa 08:00-18:30,https://filialen.migros.ch/it/supermercato-migros-paradiso,Migros
node,5080302184,Denner Express,Denner,Denner,supermarket,Burstwiesenstrasse,1,8606,Greifensee,47.3678863,8.6796528,"Mo-Fr 08:00-20:00, Sa 08:00-18:00",https://www.denner.ch/,Denner
node,5082132697,Aldi Suisse,Aldi Suisse,Aldi Suisse AG,supermarket,,,,,46.1756645,8.8902151,Mo-Fr 07:30-19:00; Th 07:30-21:00; Sa 07:30-18:30,,Aldi
node,5092117845,Denner,Denner,,supermarket,Bahnhofstrasse,19,8620,Wetzikon,47.3199178,8.7922154,Mo-Fr 07:30-21:00; Sa 07:30-21:00,,Denner
node,5094662112,Denner,Denner,,supermarket,Route du Moulin,58,3977,Granges VS,46.2595001,7.4778597,Mo-Fr 07:30-18:30; Sa 07:30-17:00,https://www.denner.ch/fr/succursales/stores-detail-page/store/rte-du-moulin-12-3977-granges-vs/,Denner
node,5098287125,Denner,Denner,,supermarket,Place de la Croix-Blanche,7,1066,Epalinges,46.548136,6.6706133,,,Denner
node,5109202112,Denner,Denner,,supermarket,,,,,47.4503581,9.6513641,,,Denner
node,5110745297,Denner,Denner,,supermarket,Hauptstrasse,4,4143,Dornach,47.4800058,7.6156608,"Mo-Fr 07:30-19:00; Sa 07:30-18:00; Su,PH 08:00-16:00",,Denner
node,5111142678,Coop,Coop,Coop Genossenschaft,supermarket,Kirchgasse,4,8620,Wetzikon ZH,47.326349,8.7975201,Mo-Sa 07:30-20:00,https://www.coop.ch/de/standorte/coop-supermarkt-wetzikon/2456_POS,Coop
node,5111530089,Migros,Migros,Coopérative Migros Vaud,supermarket,,,,,46.317235,6.9365398,"Mo-Th 08:00-18:30; Fr 08:00-21:00; Sa 08:00-17:00; Su,PH closed",https://filialen.migros.ch/fr/supermarche-migros-aigle-chablais-centre,Migros
node,5111530096,Denner,Denner,Denner SA,supermarket,,,,,46.3173982,6.9371038,"Mo-Th 08:30-18:30; Fr 08:30-20:00; Sa 08:00-17:00; Su,PH closed",https://www.denner.ch/fr/succursales/1860-aigle-einkaufszentrum-chablais~s1145009,Denner
node,5113772325,Denner,Denner,,supermarket,Rue du Centre,11,1637,Charmey (Gruyère),46.6198823,7.1628243,Mo-Fr 07:00-19:00; Sa 07:30-18:30; Su 08:00-18:30,,Denner
node,5115663296,Migros,,Société Coopérative Migros Valais,supermarket,En Bellossy,,1897,Bouveret,46.3772675,6.8607512,Mo-Sa 08:00-18:30; Su 08:00-13:00,https://www.migros.ch,Migros
node,5137918322,ALDI,ALDI,,supermarket,Dornacherstrasse,258,4053,Basel,47.5403806,7.5977406,Mo-Fr 08:00-20:00; Sa 08:00-18:00,https://www.aldi-suisse.ch/,Aldi
node,5139877875,Coop Restaurant,,Coop,supermarket,Hauptstrasse,44,,,47.1818509,7.5634089,Mo-Th 07:00-18:30; Fr 07:00-21:00; Sa 07:00-18:00,,Coop
node,5165148132,Coop,Coop,,supermarket,,,,,46.440327,8.951942,"Mo-Fr 08:00-12:00, 14:00-18:00; Sa 08:00-12:00, 14:00-17:00",,Coop
node,5169426149,Coop,,,supermarket,Jurastrasse,3,4657,Dulliken,47.3537408,7.9457592,Mo-Fr 07:30-18:30; Sa 07:30-18:00,https://coop.ch/,Coop
node,5172753925,Denner,Denner,,supermarket,,,,,47.390255,8.1730146,Mo-Fr 07:30-20:00; Sa 07:30-20:00,,Denner
node,5195631034,Migros,Migros,,supermarket,,,,,46.9493144,7.4401916,"Mo-Su,PH 08:00-21:00",https://filialen.migros.ch/de/migros-supermarkt-bern-bahnhof,Migros
node,5203847172,Denner,Denner,Denner,supermarket,Rue de l'Ecluse,1,2740,Moutier,47.2767141,7.3702299,"Mo-Fr 08:00-18:30, Sa 07:30-17:00",https://www.denner.ch/fr/,Denner
node,5214936109,Migros,Migros,Migros Ostschweiz,supermarket,Fürstenlandstrasse,159,9014,St. Gallen,47.4100137,9.3351484,"Mo-We,Fr 07:30-19:00; Th 07:30-20:00; Sa 07:30-17:00",https://filialen.migros.ch/de/migros-supermarkt-st-gallen-bruggen/,Migros
node,5214936110,Denner,Denner,,supermarket,Fürstenlandstrasse,157,9014,St. Gallen,47.4101208,9.3356097,"Mo-We,Fr 07:30-19:00; Th 07:30-20:00; Sa 07:30-17:00",https://www.denner.ch/de/filialen/9014-st.gallen~s1145534,Denner
node,5222667825,Migros,Migros,Société Coopérative Migros Genève,supermarket,Rue des Eaux-Vives,17-19,1207,Genève,46.2038441,6.1576954,Mo-We 07:30-19:00; Th 07:30-20:00; Fr 07:30-19:30; Sa 07:30-18:00,https://filialen.migros.ch/fr/supermarche-migros-geneve-eaux-vives/,Migros
node,5231189090,Migros,Migros,Genossenschaft Migros Aare,supermarket,Bernstrasse Ost,52,5034,Suhr,47.372948,8.0820252,Mo-Fr 08:00-20:00; Sa 08:00-18:00; PH off,https://filialen.migros.ch/de/migros-supermarkt-suhr-suhrepark,Migros
node,5231189091,Denner,Denner,,supermarket,Bernstrasse Ost,52,5034,Suhr,47.3730679,8.0820037,Mo-Fr 08:00-20:00; Sa 08:00-18:00; PH off,,Denner
node,5235534905,Migros Outlet,Migros,,supermarket,Industriestrasse,135,9200,Gossau SG,47.4087097,9.282436,Mo-Fr 08:00-19:00; Sa 08:00-17:00; Su off,https://filialen.migros.ch/de/m-outlet-gossau-outlet,Migros
node,5257736422,Coop,Coop,,supermarket,Rue de Jargonnant,5,1207,Genève,46.2006718,6.159935,Mo-We 07:30-19:00; Th 07:30-20:00; Fr 07:30-19:30; Sa 07:30-18:00,https://www.coop.ch/fr/entreprise/adresses-et-horaires/detail.html/1998/coop-supermarche-geneve-eaux-vives.html,Coop
node,5274359340,Migros,Migros,Genossenschaft Migros Zürich,supermarket,Feldstrasse,85,8180,Bülach,47.5102979,8.5407826,Mo-Sa 08:00-21:00; PH off,https://filialen.migros.ch/de/migros-supermarkt-buelach-sued,Migros
node,5274359345,Denner,Denner,Denner,supermarket,,,,,47.5096837,8.5401641,Mo-Sa 08:00-21:00,https://www.denner.ch,Denner
node,5274374491,Aldi,ALDI,Aldi Suisse,supermarket,Grabenstrasse,5,8184,Bachenbülach,47.5055315,8.5403446,Mo-Sa 07:30-20:00; PH off,https://www.aldi-suisse.ch/,Aldi
node,5280373595,Coop,Coop,Coop Genossenschaft,supermarket,Frankentalerstrasse,20,8049,Zürich,47.4058783,8.4813811,Mo-Fr 06:30-21:00; Sa 07:00-21:00,,Coop
node,5280817509,Aldi,ALDI,Aldi Suisse,supermarket,Ruchwiesenstrasse,5,8157,Dielsdorf,47.4814135,8.4666363,Mo-Sa 07:30-20:00; PH off,https://www.aldi-suisse.ch/,Aldi
node,5282331805,Denner,Denner,,supermarket,,,,,46.3896596,6.2223644,,,Denner
node,5295431519,Migros,Migros,Genossenschaft Migros Ostschweiz,supermarket,Jakob Stutz-Strasse,75,8335,Hittnau,47.3632596,8.8253509,PH off; Mo-Fr 07:00-20:00; Sa 07:00-18:00,https://filialen.migros.ch/de/migros-supermarkt-hittnau,Migros
node,5307227014,Aldi,Aldi,,supermarket,,,,Biel/Bienne,47.1359789,7.2478569,Mo-Fr 08:00-20:00; Sa 08:00-17:00; Su off,,Aldi
node,5324277931,Denner,Denner,,supermarket,Therwilerstrasse,7,4107,Ettingen,47.4844798,7.5475152,Mo-Fr 08:00-19:00; Sa 08:00-17:00; Su 09:00-14:00,,Denner
node,5339765095,Lidl,Lidl,,supermarket,Rue du Levant,143,1920,Martigny,46.1025926,7.0890793,Mo-Th 07:30-18:30; Fr 07:30-20:00; Sa 07:30-17:00,,Lidl
node,5345809025,Denner,Denner,,supermarket,,,,,46.2312094,7.3840968,,,Denner
node,5347152017,Migros,Migros,Genossenschaft Migros Aare,supermarket,Wengistrasse,11,4500,Solothurn,47.2066937,7.5334224,"Mo-We,Fr 08:00-18:30; Th 08:00-21:00; Sa 07:30-18:00; Su off; PH off",https://filialen.migros.ch/de/migros-supermarkt-solothurn,Migros
node,5359582682,Denner,Denner,,supermarket,,,,,46.7968177,10.3075442,Mo-Fr 08:00-19:00; Sa 08:00-18:00,,Denner
node,5360433272,Coop Supermarché Crissier,Coop,,supermarket,,,1023,,46.5453308,6.5695505,Mo-Th 08:30-19:30; Fr 08:30-21:00; Sa 08:00-18:00,,Coop
node,5366611051,Denner,Denner,,supermarket,Weierweg,2,5033,Buchs,47.3904793,8.0695413,Mo-Fr 07:30-20:00; Sa 07:30-18:00,,Denner
node,5371178596,Denner,Denner,,supermarket,,,,,47.5371884,8.2907231,Mo-Fr 06:30-18:30; Sa 07:00-16:00,,Denner
node,5371303423,Denner,Denner,,supermarket,,,,,47.4354964,9.3865985,Mo-Fr 07:30-19:00; Sa 07:30-17:00,,Denner
node,5371339321,Migros,Migros,,supermarket,,,,,47.435286,9.3862985,Mo-Fr 07:30-19:00; Sa 07:30-17:00,,Migros
node,5425441458,Migros,Migros,Genossenschaft Migros Aare,supermarket,Binzmattweg,8,5035,Unterentfelden,47.3620678,8.0456229,Mo-Sa 08:00-20:00; PH off,https://filialen.migros.ch/de/migros-supermarkt-unterentfelden,Migros
node,5425441459,Denner,Denner,Denner Partner,supermarket,Binzmattweg,8,5035,Unterentfelden,47.3619353,8.0459734,Mo-Sa 08:00-20:00,,Denner
node,5428703277,Denner,Denner,,supermarket,Place du Marché,6b,1820,Montreux,46.4312458,6.9097952,Mo-Fr 08:00-20:00; Sa 08:00-19:00; Su 10:00-18:00,https://www.denner.ch/,Denner
node,5435055314,Coop,Coop,Coop Genossenschaft,supermarket,Hirschmattstrasse,15,6003,Luzern,47.0485838,8.306677,"Mo-We,Fr 06:30-19:00; Th 06:30-20:00; Sa 06:30-17:00",,Coop
node,5456480453,Coop,,,supermarket,,,,,46.6849371,7.8538163,Mo-Su 07:30-19:00,,Coop
node,5459371872,Coop,Coop,,supermarket,,,,,46.4316216,6.9113994,Mo-Th 08:00-19:00; Fr 08:00-20:00; Sa 08:00-17:00,,Coop
node,5472353071,Coop,Coop,Coop,supermarket,Bahnhofstrasse,11,3987,Riederalp,46.3783156,8.0333818,Mo-Sa 08:00-18:30; Su 09:00-18:30,,Coop
node,5472353072,Coop,Coop,Coop,supermarket,,,3992,Bettmeralp,46.3877401,8.0586106,"Mo-Su,PH 08:00-18:30",,Coop
node,5483492229,Migros,Migros,Genossenschaft Migros Zürich,supermarket,Ziegelbrückstrasse,21,8867,Niederurnen,47.1284712,9.055919,"Mo-Fr 07:30-20:00, Sa 07:30-18:00; PH off",https://filialen.migros.ch/de/migros-supermarkt-niederurnen,Migros
node,5491534334,Denner,Denner,Denner,supermarket,Avenue Général-Guisan,15,3960,Sierre/Siders,46.2921649,7.5302277,Mo-Th 08:00-18:30; Fr 08:00-20:00; Sa 08:00-17:00,,Denner
node,5499613992,Coop,Coop,,supermarket,,,,,47.0053002,7.6843947,,,Coop
node,5501773279,Coop,Coop,Coop Genossenschaft,supermarket,Zürcherstrasse,149,8102,Oberengstringen,47.4106831,8.4578391,Mo-Sa 07:00-21:00,,Coop
node,5507213482,Denner,Denner,,supermarket,Seestrasse,27,8330,Pfäffikon ZH,47.3661864,8.7825528,"Mo-Fr 08:00-20:00, Sa 08:00-18:00; PH off",,Denner
node,5513256743,Denner,Denner,Denner,supermarket,Wächlenstrasse,1,8832,Wollerau,47.1964113,8.7226229,Mo-Sa 07:30-20:00; PH off,https://www.denner.ch/,Denner
node,5528673127,Migros,Migros,,supermarket,Lyssstrasse,15,2560,Nidau,47.1263165,7.2463632,Mo-Fr 08:00-19:00; Sa 08:00-17:00,,Migros
node,5531520439,Migros,Migros,,supermarket,Nollenhornstrasse,7,9434,Au SG,47.4312051,9.6381797,Mo-Fr 08:00-19:00;Sa 08:00-17:00,,Migros
node,5531520440,Denner,Denner,,supermarket,Nollenhornstrasse,7,9434,Au SG,47.4310037,9.6381475,Mo-Fr 08:00-19:00;Sa 08:00-17:00,,Denner
node,5540176969,Coop,Coop,Coop,supermarket,Streumattweg,2,4802,Strengelbach,47.2797513,7.9269546,"Mo-Fr 07:30-19:00, Sa 07:30-18:00",,Coop
node,5542474328,Coop,Coop,,supermarket,,,,,46.498797,9.8388461,Mo-Fr 08:00-19:00; Sa 08:00-18:00,,Coop
node,5553197257,Denner,Denner,Denner,supermarket,Chemin du Viaduc,1,1008,Prilly,46.5274617,6.6015707,Mo-Fr 08:00-19:00; Sa 07:30-18:00,https://www.denner.ch,Denner
node,5580617894,Migros,Migros,Genossenschaft Migros Luzern,supermarket,Bahnhofstrasse,2,6312,Steinhausen,47.1971269,8.4848331,Mo-Th 07:30-19:00; Fr 07:30-20:00; Sa 07:30-17:00; PH off,https://filialen.migros.ch/de/migros-supermarkt-steinhausen-dorf,Migros
node,5582222822,Migros,Migros,Genossenschaft Migros Ostschweiz,supermarket,,,,,47.422221,9.3705595,Mo-Fr 08:00-20:00; Sa 08:00-18:00,https://filialen.migros.ch/de/migros-supermarkt-st-gallen-neumarkt,Migros
node,5586589664,Migros,Migros,Migros,supermarket,Chemin des Vergers,20,2520,,47.0618721,7.0885456,Mo-Th 08:00-19:00; Fr 08:00-20:00; Sa 08:00-17:00,,Migros
node,5602979356,Migros,Migros,Genossenschaft Migros Luzern,supermarket,Würzenbachstrasse,19,6006,Luzern,47.0550399,8.3435784,Mo-Th 10:00-18:30; Fr 10:00-20:00; Sa 10:00-16:00,,Migros
node,5615208390,Denner,Denner,,supermarket,Kornfeldstrasse,1,,,47.170674,7.5757411,,,Denner
node,5632575023,Coop,Coop,,supermarket,,,,,46.8332012,9.2822976,Mo-Fr 08:00-20:00; Sa 08:00-19:00; Su 08:00-18:00,,Coop
node,5633888421,Migros Domdidier,Migros,,supermarket,,,,,46.865415,7.0094503,Mo-Fr 07:30-19:00; Sa 07:30-16:00; PH off,https://filialen.migros.ch/fr/supermarche-migros-domdidier,Migros
node,5655953831,Lidl,Lidl,,supermarket,Rue Industrielle,18,2740,Moutier,47.2762187,7.366099,,,Lidl
node,5658634794,Coop,Coop,Coop Genossenschaft,supermarket,,,,,47.3677811,8.5358482,Mo-Fr 06:30-20:00; Sa 08:00-17:00,,Coop
node,5686249444,Migros,Migros,,supermarket,,,,,45.9772572,8.8764864,"Mo-Fr 06:45-19:00; Sa 06:45-18:30; Su,PH 08:00-19:00",,Migros
node,5696333523,ALDI,ALDI,,supermarket,,,2400,,47.0666541,6.7655749,"Mo-We, Fr 08:00-19:00; Th 08:00-20:00; Sa 08:00-18:00",,Aldi
node,5706814970,Coop,Coop,Coop Genossenschaft,supermarket,Schaffhauserstrasse,2,,,47.6961421,8.5758711,Mo-Fr 07:30-20:00; Sa 07:30-19:00,,Coop
node,5707236223,Denner Partenaire,Denner,,supermarket,Rue de l'Abbé Monnin,20,2854,Bassecourt,47.3368536,7.2458656,Mo-Fr 07:00-18:30; Sa 07:00-17:00,,Denner
node,5718170409,Migros,Migros,Genossenschaft Migros Basel,supermarket,Allschwilerstrasse,31,4055,Basel,47.556004,7.5734503,Mo-Fr 08:00-20:00; Sa 07:30-18:00,https://filialen.migros.ch/de/migros-supermarkt-basel-allschwiler,Migros
node,5739458393,Denner,Denner,,supermarket,,,,,46.7813684,6.6355947,Mo 08:30-18:30; Tu-Fr 08:00-18:30; Sa 07:30-18:00,,Denner
node,5744197144,Coop,Coop,,supermarket,,,,,47.5495574,7.6067133,Mo-Fr 07:00-19:00; Sa 07:00-18:00,,Coop
node,5745839784,Denner,Denner,,supermarket,,,,,46.9393757,7.3898786,Mo-Th 08:00-19:00; Fr 08:00-20:00; Sa 08:00-17:00,,Denner
node,5750260296,Denner,Denner,,supermarket,,,,,46.948067,7.3830434,"Mo-Th 08:00-19:00; Fr 08:00-21:00; Sa 08:00-17:00; Su,PH closed",https://www.denner.ch/de/filialen/denner-filiale-und-oeffnungszeiten/store/riedbachstrasse-8-3027-bern-bethlehem/,Denner
node,5762808948,Denner Satellit,Denner,,supermarket,Sonnenplätzli,1,6431,Schwyz,47.0206359,8.6567979,,,Denner
node,5767577390,Coop,Coop,,supermarket,Hofackerstrasse,30,4132,Muttenz,47.5346022,7.6418531,Mo-Fr 07:00-18:00; Sa 07:00-13:00; PH off,,Coop
node,5773709165,Denner,Denner,Denner SA,supermarket,Rue Caroline,5,,Les Acacias,46.1920616,6.1389111,Mo-We 07:30-19:00; Th 07:30-20:00; Fr 07:30-19:30; Sa 07:30-18:00,https://www.denner.ch/fr/succursales/1227-les-acacias-centre-commercial~s1145211,Denner
node,5778787953,Lidl,Lidl,,supermarket,Baselstrasse,43b,4222,Zwingen,47.439997,7.5392237,,,Lidl
node,5791885768,Migros,Migros,Genossenschaft Migros Zürich,supermarket,Zürichstrasse,149,8700,Küsnacht,47.3184585,8.5819748,Mo-Sa 07:30-20:00; PH off,https://filialen.migros.ch/de/migros-supermarkt-kuesnacht-zh,Migros
node,5791885827,Coop,Coop,,supermarket,,,,,47.3180604,8.5817837,Mo-Sa 07:30-21:00,,Coop
node,5806866172,Migros,,,supermarket,,,,,46.735484,7.658392,Mo-Fr 08:00-19:00; Sa 08:00-17:00,,Migros
node,5836556884,Denner,Denner,,supermarket,Via Cantonale,34,6595,Riazzino,46.1754549,8.887311,"Mo-We,Fr 07:30-19:00; Th 07:30-21:00; Sa 07:30-18:30; Su 08:00-17:00",,Denner
node,5843851332,Lidl,Lidl,,supermarket,,,,,46.6152007,7.0503931,Mo-Th 07:30-19:00; Fr 07:30-21:00; Sa 07:30-16:00,,Lidl
node,5852227385,Denner,Denner,,supermarket,,,1800,,46.4586301,6.8483452,Mo-Th 08:00-18:30; Fr 08:00-20:00; Sa 08:00-17:00,,Denner
node,5869402307,Migros,Migros,Genossenschaft Migros Ostschweiz,supermarket,,,,,46.774599,9.2076589,Mo-Fr 08:00-20:00; Sa 08:00-17:00,,Migros
node,5869402310,Denner,Denner,,supermarket,,,,,46.7746807,9.2079217,,,Denner
node,5876693156,Coop,Coop,,supermarket,,,,,46.7751282,9.1927694,Mo-Fr 08:00-20:00; Sa 08:00-17:00,,Coop
node,5882880385,Coop,Coop,,supermarket,,,,,46.1749775,8.8910841,Mo-Fr 08:00-19:00; Sa 08:00-18:30,,Coop
node,5883873506,Denner,Denner,Denner AG,supermarket,Dorfplatz,5,6072,Sachseln,46.868524,8.2395698,Mo-Fr 07:00-19:00; Sa 07:00-17:00,,Denner
node,5906141564,Migros,Migros,Genossenschaft Migros Ostschweiz,supermarket,Bahnhofstrasse,19,9630,Wattwil,47.299368,9.0878696,"Mo-Th 07:30-19:00, Fr 07:30-20:00, Sa 07:30-17:00; PH off",https://filialen.migros.ch/de/migros-supermarkt-wattwil,Migros
node,5926722182,Migros,,Migros,supermarket,Freiburgstrasse,5,3150,Schwarzenburg,46.8175882,7.3395804,Mo-Th 08:00-19:00; Fr 08:00-20:00; Sa 07:30-17:00; Su off,,Migros
node,5947943468,Migros,Migros,,supermarket,,,,,46.5259689,6.6235484,Mo-Fr 08:00-19:00; Sa 08:00-18:00,,Migros
node,5965781853,Migros,Migros,Genossenschaft Migros Ostschweiz,supermarket,Kaltenbacherstrasse,41,8260,Stein am Rhein,47.6512181,8.8529556,"Mo-Fr 08:00-20:00, Sa 08:00-18:00; PH off",https://filialen.migros.ch/de/migros-supermarkt-stein-am-rhein,Migros
node,5980752347,Lidl,Lidl,,supermarket,Seestrasse,83,8810,Horgen,47.2630516,8.5912733,"Mo,Th,Sa 07:30-20:00; Tu,We,Fr 08:00-20:00",https://lidl.ch,Lidl
node,5981042036,Denner,Denner,,supermarket,,,,,47.3170606,8.538875,Mo-Sa 08:00-20:00,,Denner
node,5996726861,Coop,Coop,,supermarket,,,,,46.2812541,7.5125335,Mo-Th 08:00-18:30; Fr 08:00-20:00; Sa 08:00-17:00,,Coop
node,6010836383,Migros,Migros,,supermarket,,,,,46.8714286,9.5348387,Mo-Fr 07:30-20:00; Sa 07:30-18:00; Su off,https://filialen.migros.ch/de/migros-supermarkt-chur-masans,Migros
node,6011935004,Coop,Coop,Coop Genossenschaft,supermarket,Andreasstrasse,5,8050,Zürich,47.4128725,8.5470117,Mo-Fr 06:30-20:00; Sa 08:00-20:00,,Coop
node,6016261985,Migros,Migros,Genossenschaft Migros Aare,supermarket,Bahnhofplatz,3h,5000,Aarau,47.3919927,8.0533673,"Sa,Su,PH 08:00-21:00; Mo-Fr 06:30-21:00",https://filialen.migros.ch/de/migros-supermarkt-aarau-bahnhof,Migros
node,6018965087,Coop,Coop,Coop Genossenschaft,supermarket,Kantonsstrasse,21,6207,Nottwil,47.1370697,8.1323609,,,Coop
node,6041664355,Migros,Migros,Genossenschaft Migros Ostschweiz,supermarket,Ulmenstrasse,11,9000,St.Gallen,47.4203635,9.3540033,Mo-Fr 07:30-19:00; Sa 07:30-17:00; Su off,https://filialen.migros.ch/de/migros-supermarkt-st-gallen-lachen,Migros
node,6041763523,Coop,Coop,Coop Genossenschaft,supermarket,Breitestrasse,4,9532,,47.4471366,9.0538609,Mo-Sa 08:00-20:00,,Coop
node,6045713919,Coop,Coop,Coop Genossenschaft,supermarket,Kantonsstrasse,75,6234,Triengen,47.2376859,8.0743886,,,Coop
node,6068889655,Denner,Denner,,supermarket,,,,,47.5807244,7.5964307,Mo-Fr 09:00-19:00; Sa 09:00-18:00,,Denner
node,6088196574,Migros,Migros,Genossenschaft Migros Luzern,supermarket,Luzernerstrasse,143,6014,Luzern,47.0490676,8.2623963,"Mo-Th 08:00-19:00, Fr 08:00-20:00, Sa 08:00-17:00; PH off",https://filialen.migros.ch/de/migros-supermarkt-luzern-grossmatte,Migros
node,6102728598,Coop,Coop,,supermarket,,,,,46.8591456,9.5268711,Mo-Fr 07:30-20:00; Sa 07:30-18:00; Su off; PH off,,Coop
node,6103925139,Aldi,ALDI,Aldi Suisse,supermarket,Industriestrasse,5,8910,Affoltern am Albis,47.2729265,8.4472941,Mo-Sa 07:30-20:00; PH off,https://www.aldi-suisse.ch/,Aldi
node,6103932220,Lidl,Lidl,,supermarket,Centralweg,3,8910,Affoltern am Albis,47.2780694,8.4527581,,,Lidl
node,6109510017,Migros,Migros,,supermarket,,,,,46.6816129,7.8523151,Mo-Th 08:00-20:00; Fr 08:00-21:00; Sa 08:00-18:00,,Migros
node,6122906632,Denner,Denner,,supermarket,Oberdorf,14,8718,Schänis,47.1589589,9.0444769,Mo-Sa 08:00-18:00,,Denner
node,6142423522,Denner,Denner,,supermarket,,,,,46.9478417,7.4365282,Mo-Fr 07:00-20:00; Sa 07:00-17:00; Su off,,Denner
node,6150424975,Aldi,Aldi,Aldi Suisse,supermarket,Luzernerstrasse,28,6294,Ermensee,47.2230948,8.250286,,https://www.aldi-suisse.ch/,Aldi
node,6151907037,Denner,Denner,Denner,supermarket,Rue de la Gare,2,1030,Bussigny,46.5475372,6.5529821,Mo-Th 07:30-19:00; Fr 07:30-20:00; Sa 07:30-18:00,,Denner
node,6154201646,Coop,Coop,,supermarket,,,,,46.9412548,7.3914545,Mo-Th 08:00-19:00; Fr 08:00-21:00; Sa 07:30-17:00,,Coop
node,6165583984,Migros Partner,,,supermarket,,,,,46.1809612,7.8064597,Mo-Fr 08:00-18:30; Sa 08:00-17:00; Su off,https://filialen.migros.ch/de/migros-partner-st-niklaus,Migros
node,6172568944,Migros,Migros,,supermarket,Rue Bournot,35,,,47.0560968,6.7475078,"Mo-We,Fr 08:00-19:00; Th 08:00-20:00; Sa 08:00-18:00; Su off",,Migros
node,6172568945,Denner,Denner,,supermarket,Rue Bournot,31,,,47.0563848,6.74805,,,Denner
node,6198366385,Coop,Coop,Coop Société Coopérative,supermarket,Boulevard de Saint-Georges,72,1205,Genève,46.2012872,6.1391671,Mo-We 07:00-19:00; Th 07:00-20:00; Fr 07:00-19:30; Sa 07:00-18:00,https://www.coop.ch/fr/entreprise/adresses-et-horaires/detail.html/1296/coop-supermarche-geneve-cirque.html,Coop
node,6208271112,Denner,Denner,,supermarket,,,,,47.5570644,8.8960017,,,Denner
node,6216324267,Coop,,,supermarket,,,,,47.1818501,7.5633229,Mo-Th 08:00-18:30; Fr 08:00-21:00; Sa 07:30-21:00,,Coop
node,6237919575,Denner,Denner,,supermarket,,,,,46.8966476,7.4930157,,,Denner
node,6238261157,Migros,Migros,Genossenschaft Migros Aare,supermarket,Lenzburgerstrasse,50,5507,Mellingen,47.4132639,8.2668592,"Mo-Fr 08:00-20:00, Sa 08:00-18:00; PH off",https://filialen.migros.ch/de/migros-supermarkt-mellingen,Migros
node,6238261159,Denner,Denner,,supermarket,,,,,47.4129317,8.2669424,,,Denner
node,6260246065,Lidl,Lidl,,supermarket,,,,,47.0757186,7.3058733,Mo-Th 06:30-20:00; Fr 06:30-21:00; Sa 06:30-17:00,,Lidl
node,6271321287,Coop,Coop,,supermarket,Via Acletta,1,7180,Disentis/Mustér,46.7001714,8.8421509,Mo-Fr 08:00-19:00; Sa 08:00-18:00; Su 09:00-18:00,https://www.coop.ch/de/services/standorte-und-oeffnungszeiten/detail.html/5264/,Coop
node,6275142683,Migros,Migros,,supermarket,,,,,46.5181965,6.5176043,Mo-Th 08:00-19:00; Fr 08:00-20:00; Sa 08:00-18:00,,Migros
node,6292834644,Denner,Denner,,supermarket,Hauptstrasse,3,,,47.5401885,9.1826758,,,Denner
node,6293935614,Denner,Denner,,supermarket,Rue de la Gare,22,2720,Tramelan,47.2231732,7.1058838,,,Denner
node,6307458232,Coop,Coop,,supermarket,Vulkanstrasse,108,8048,Zürich,47.393543,8.4839444,"Mo-Fr 06:30-21:00; Sa 08:00-20:00; Su,PH off",,Coop
node,6309117619,Aldi,Aldi,,supermarket,Wilerstrasse,82,9200,Gossau SG,47.4183565,9.2360104,,,Aldi
node,6313169265,Denner,Denner,,supermarket,Im Zentrum,10,,,47.2521118,8.7684018,Mo-Sa 08:00-19:00,https://www.denner.ch/de/filialen/denner-filiale-und-oeffnungszeiten/store/im-zentrum-10-8634-hombrechtikon/,Denner
node,6315798885,Denner Express,Denner,Denner SA,supermarket,Chemin Bizot,4,1208,Genève,46.1938688,6.1659607,Mo-We 07:30-19:00; Th 07:30-20:00; Fr 07:30-19:30; Sa 07:30-18:00,https://www.denner.ch/fr/succursales/1208-geneve~s1145119,Denner
node,6324181690,Denner,Denner,,supermarket,,,,,46.8091429,7.1744924,,,Denner
node,6324987839,Lidl,Lidl,,supermarket,,,,,46.9437683,7.4118737,Mo-Fr 08:00-20:00; Sa 08:00-17:00; Su off; PH off,https://www.lidl.ch/,Lidl
node,6325639403,Lidl,Lidl,,supermarket,,,,,46.9484456,7.3771937,Mo-Th 07:00-20:00; Fr 07:00-21:00; Sa 07:00-17:00,,Lidl
node,6340161787,Coop,Coop,,supermarket,Rue de la Madeleine,2,1964,Conthey,46.2235606,7.2955421,Mo-Th 08:30-18:30; Fr 08:30-21:00; Sa 08:00-17:00,https://www.coop.ch/fr/entreprise/adresses-et-horaires/detail.html/4247/coop-supermarche-conthey-bassin.html,Coop
node,6353020854,Aldi,Aldi,,supermarket,,,,,46.0214066,8.9663217,Mo-Fr 07:30-19:00; Th 07:30-21:00; Sa 07:30-18:30; PH off,,Aldi
node,6374681334,Denner,Denner,,supermarket,,,,,46.9248006,7.4167966,"Mo-Th 08:00-19:00; Fr 08:00-20:00; Sa 08:00-17:00; Su,PH off",,Denner
node,6391849510,Coop,Coop,,supermarket,,,,,47.3042238,8.6917189,,,Coop
node,6399981854,Denner,Denner,Denner,supermarket,Bahnhofstrasse,255,8623,Wetzikon ZH,47.3315245,8.8076053,"Mo-Fr 08:00-18:30, Sa 08:00-17:00",,Denner
node,6408618764,Migros,Migros,Genossenschaft Migros Ostschweiz,supermarket,Frauenfelderstrasse,95,9548,Matzingen,47.5267259,8.9222307,"Mo-Fr 07:30-20:00, Sa 08:00-18:00; PH off",https://filialen.migros.ch/de/migros-supermarkt-matzingen,Migros
node,6410200887,ALDI,ALDI,,supermarket,Route de l'Industrie,7,1680,Romont FR,46.6873587,6.9082501,Mo-Th 08:00-19:00; Fr 08:00-20:00; Sa 08:00-16:00,https://www.aldi-suisse.ch/,Aldi
node,6410203593,Migros,Migros,,supermarket,Avenue de la Gare,7,1680,Romont FR,46.6925134,6.912314,Mo-Th 07:00-19:00; Fr 07:00-21:00; Sa 07:00-16:00,https://filialen.migros.ch/fr/supermarche-migros-romont-2,Migros
node,6410203799,Coop,Coop,,supermarket,Route de la Belle-Croix,18,1680,Romont FR,46.6928365,6.9137572,Mo-Th 08:00-19:00; Fr 08:00-21:00; Sa 08:00-16:00,,Coop
node,6414260997,Coop,Coop,Coop Genossenschaft,supermarket,Jägerweg,22,8640,Rapperswil SG,47.2274009,8.8220688,Mo-Fr 07:00-20:00; Sa 07:00-18:00; PH closed,,Coop
node,6415518795,Coop,,,supermarket,,,,,46.8959705,6.7757423,,,Coop
node,6417472586,Coop,Coop,Coop Genossenschaft,supermarket,Wilgutstrasse,1,6162,Entlebuch,46.995673,8.0668276,,,Coop
node,6417473085,Denner,Denner,Denner AG,supermarket,Glaubenbergstrasse,12,6162,Entlebuch,46.9913225,8.0657571,"Mo-Fr 07:00-18:30; Sa 07:00-16:00; Su, PH off",https://www.denner.ch/de/filialen/6162-entlebuch~s1146058,Denner
node,6418246615,Aldi,Aldi,Aldi Suisse,supermarket,Breitestrasse,5,9532,Rickenbach bei Wil,47.4458868,9.0523163,Mo-Sa 07:30-20:00,,Aldi
node,6423742298,Migros,Migros,Genossenschaft Migros Basel,supermarket,Faubourg Saint-Germain,,2900,Porrentruy,47.4162539,7.0781001,Mo-Fr 08:00-18:30; Th 08:00-20:00; Sa 08:00-17:00; PH off,https://filialen.migros.ch/fr/supermarche-migros-porrentruy,Migros
node,6431144286,Denner Partner,Denner,,supermarket,Via Cantonale,176,6537,Grono,46.2442435,9.1393055,,https://www.denner.ch/it/filiali/6537-grono~s1145877,Denner
node,6431678093,Aldi,Aldi,,supermarket,,,6512,Giubiasco,46.1675251,9.0003446,,,Aldi
node,6444727817,Denner,Denner,,supermarket,,,,,47.3070341,8.5904127,,,Denner
node,6444727818,Migros,Migros,Genossenschaft Migros Zürich,supermarket,Bahnhofstrasse,42,8703,Erlenbach ZH,47.3071178,8.5903618,Mo-Sa 08:00-20:00; PH off,https://filialen.migros.ch/de/migros-supermarkt-erlenbach-erlibacher-maert,Migros
node,6445018241,Migros,Migros,Genossenschaft Migros Zürich,supermarket,Zürcherstrasse,8,8142,Uitikon Waldegg,47.368409,8.4630252,Mo-Sa 08:00-20:00; PH off,https://filialen.migros.ch/de/migros-supermarkt-uitikon-waldegg-2,Migros
node,6445018245,Coop,,,supermarket,,,,,47.3676754,8.461693,Mo-Sa 08:00-20:00; PH closed,,Coop
node,6446172109,Aldi,Aldi,Aldi Suisse,supermarket,Zwirnereistrasse,7/9,8304,Wallisellen,47.4045843,8.6027754,Mo-Sa 07:30-20:00,https://www.aldi-suisse.ch/,Aldi
node,6448190899,Denner,Denner,,supermarket,Seetalstrasse,11,6020,Emmenbrücke,47.0708753,8.2842142,,,Denner
node,6459218313,Migros,Migros,Migros,supermarket,,,,,46.5327323,6.5869189,Mo-Fr 07:00-19:00; Sa 07:00-17:00; PH off,,Migros
node,6464112410,Migros Daily,Migros,Genossenschaft Migros Zürich,supermarket,Zollstrasse,6,8005,Zürich,47.3798035,8.5369016,"Mo-Fr 06:30-20:00; Sa,Su 08:00-20:00",https://filialen.migros.ch/de/migros-daily-take-away-daily-zuerich-zollstrasse-2,Migros
node,6468213259,Denner,Denner,,supermarket,,,,,47.216683,7.5865603,Mo-Fr 08:00-18:30; Sa 07:30-17:00; Su 10:00-12:00,,Denner
node,6479033700,Lidl,Lidl,LIDL Schweiz DL AG,supermarket,Wildeggerstrasse,5,5702,Niederlenz,47.4051181,8.1728965,Mo-Sa 07:30-20:00,,Lidl
node,6479074393,Lidl,Lidl,LIDL Schweiz DL AG,supermarket,Neumattstrasse,13-17,5000,Aarau,47.4007553,8.064905,Mo-Sa 07:30-21:00,,Lidl
node,6481587073,Migros,Migros,,supermarket,,,,,46.7778107,9.5437481,Mo-Fr 08:00-19:00; Sa 08:00-18:00; Su 09:00-18:00,,Migros
node,6483400268,Coop,Coop,,supermarket,,,,,46.8086836,7.1735645,,,Coop
node,6498438957,Migros,Migros,Genossenschaft Migros Aare,supermarket,Industriestrasse,10,3321,Schönbühl,47.0168295,7.4921404,"Mo-Th 09:00-20:00, Fr 09:00-21:30, Sa 08:00-17:00; PH off",https://filialen.migros.ch/de/migros-supermarkt-schoenbuehl-shoppyland,Migros
node,6498475372,Denner,Denner,,supermarket,,,,,46.9985167,6.9252286,,,Denner
node,6498475373,Migros,Migros,,supermarket,,,,,46.9986528,6.9251123,"Mo-We,Fr 07:00-19:00; Th 07:00-20:00; Sa 07:00-18:00",,Migros
node,6511496226,Migros,Migros,Genossenschaft Migros Aare,supermarket,,,,,46.9669494,7.3765285,"Mo-We 08:00-19:00; Th,Fr 08:00-20:00; Sa 07:30-17:00; Su,PH off",,Migros
node,6511496227,Denner,Denner,Denner,supermarket,,,,,46.9669501,7.376782,"Mo-Th 08:00-19:00, Fr 08:00-20:00, Sa 07:30-17:00; Su,PH off",,Denner
node,6528175566,Denner,Denner,,supermarket,,,,,47.4006454,8.4353436,Mo-Sa 08:00-20:00; PH off,,Denner
node,6528175567,Migros,Migros,Genossenschaft Migros Zürich,supermarket,Rietbachstrasse,14,8952,Schlieren,47.4007491,8.4348439,Mo-Sa 08:00-20:00; PH off,https://filialen.migros.ch/de/migros-supermarkt-schlieren-rietbach,Migros
node,6533493511,Lidl,Lidl,,supermarket,,,,,47.4440741,8.4650988,Mo-Sa 07:30-21:00,,Lidl
node,6541934447,Migros,Migros,Genossenschaft Migros Aare,supermarket,Breitenrainstrasse,11,3013,Bern,46.9581546,7.4537816,"Mo-Fr 07:30-20:00, Sa 07:30-17:00; PH off",https://filialen.migros.ch/de/migros-supermarkt-bern-breitenrain,Migros
node,6549447904,Lidl,Lidl,,supermarket,Werkhofstrasse,29d,,,47.2114872,7.5367217,"Mo-We,Fr 07:30-18:30; Th 07:30-21:00; Sa 07:30-18:00",,Lidl
node,6551162306,Migros,Migros,Genossenschaft Migros Zürich,supermarket,,,8001,Zürich,47.3783949,8.5359062,"Mo-Fr 06:30-22:00; Sa-Su,PH 08:00-22:00",https://filialen.migros.ch/de/migros-supermarkt-zuerich-hb-sihlquai,Migros
node,6566460811,Coop,Coop,Coop Genossenschaft,supermarket,Kantonsstrasse,60,8864,Reichenburg,47.167425,8.9799232,,,Coop
node,6567435533,Aldi,Aldi,,supermarket,Churerstrasse,12,9470,Buchs SG,47.1636809,9.473328,"Mo,Tu,Th 07:30-19:00; We,Fr 07:30-20:00; Sa 07:30-17:00",,Aldi
node,6573932287,Aldi,ALDI,Aldi Suisse,supermarket,,,,,47.4122424,8.6191875,Mo-Sa 07:30-20:00; PH off,https://www.aldi-suisse.ch/,Aldi
node,6578079925,Coop,Coop,,supermarket,Allée du Communet,20,1196,Gland,46.427245,6.2662481,"Mo-Fr 08:00-19:00, Sa 08:00-18:00",https://www.coop.ch,Coop
node,6582034724,Denner,Denner,,supermarket,Schlossstrasse,1,4133,Pratteln,47.5223254,7.6949539,Mo-Fr 08:00-20:00; Sa 08:00-18:00,,Denner
node,6587016679,Migros,Migros,Genossenschaft Migros Zürich,supermarket,Bauelenzelgstrasse,16,8193,Eglisau,47.5805116,8.5133669,Mo-Sa 08:00-20:00; PH off,https://filialen.migros.ch/de/migros-supermarkt-eglisau-nord,Migros
node,6605324537,Coop,Coop,Coop,supermarket,Rue Alexander-Moser / Alexander-Moser-Strasse,81,2503,Biel/Bienne,47.1266014,7.2556651,"Mo-Fr 07:00-19:00, Sa 07:00-17:00",,Coop
node,6635094603,Denner,Denner,,supermarket,Via Franco Zorzi,10,6900,Paradiso,45.9906663,8.9433815,"Mo-We,Fr 07:30-19:00; Th 07:30-21:00; Sa 07:30-18:30",https://www.denner.ch/it/filiali/stores-detail-page/store/via-zorzi-10-6900-lugano-paradiso/,Denner
node,6652920985,Denner,Denner,,supermarket,Bundesstrasse,12,6003,Luzern,47.0436265,8.304805,"Mo-We,Fr 08:00-19:00; Th 08:00-20:00; Sa 08:00-17:00",,Denner
node,6669523384,Denner,Denner,,supermarket,,,,,46.134413,7.7918956,,,Denner
node,6678004205,Denner,Denner,,supermarket,Hochstrasse,295,,Schaffhausen,47.7152914,8.6457873,Mo-Fr 08:00-20:00; Sa 08:00-18:00,,Denner
node,6680132573,Denner Satellit,,,supermarket,,,,,47.4729856,9.1131981,,,Denner
node,6680132580,Denner Express,,,supermarket,,,,,47.4742456,9.0624064,Mo-Fr 07:00-19:00; Sa 07:00-17:00,,Denner
node,6684124871,Aldi,Aldi,,supermarket,Via Bellinzona,49,6710,Biasca,46.3495431,8.9742313,"Mo,Tu,We,Fr 07:30-19:00; Th 07:30-21:00; Sa 07:30-18:30; Su,PH off",,Aldi
node,6712081350,Coop,Coop,,supermarket,Rue Industrielle,16,,,47.2772549,7.3681204,,https://www.coop.ch/fr/services/adresses-et-horaires/detail.html/2354/,Coop
node,6712081355,Migros,Migros,Genossenschaft Migros Basel,supermarket,Rue de l'Ecluse,1,2740,Moutier,47.276806,7.3701198,"Mo-Th 08:00-19:00, Fr 08:00-20:00, Sa 08:00-17:00; PH off",https://filialen.migros.ch/fr/supermarche-migros-moutier,Migros
node,6714871321,Migros,Migros,Genossenschaft Migros Zürich,supermarket,Im Zentrum,1,8625,Gossau ZH,47.3066447,8.7575212,"Mo-Fr 08:00-20:00, Sa 08:00-18:00; PH off",https://filialen.migros.ch/de/migros-supermarkt-gossau-zh,Migros
node,6718534575,Coop,Coop,,supermarket,La Petite Corniche,7,,,46.5009194,6.6956748,Mo-Th 08:00-19:00; Fr 08:00-20:00; Sa 08:00-18:00,https://www.coop.ch/fr/services/adresses-et-horaires/detail.html/5072/,Coop
node,6732792391,Denner,Denner,,supermarket,,,,,46.6927479,6.9124488,Mo-Th 07:00-19:00; Fr 07:00-21:00; Sa 07:00-16:00,,Denner
node,6735534612,Migros,Migros,Société Coopérative Migros Genève,supermarket,Esplanade de Pont-Rouge,2,1212,Grand-Lancy,46.1869969,6.1269799,Mo-Fr 06:00-19:00; Sa 07:00-18:00,https://filialen.migros.ch/fr/supermarche-migros-pont-rouge,Migros
node,6750927182,Migros,Migros,Genossenschaft Migros Luzern,supermarket,Am Mattenhof,2,6010,Kriens,47.0276194,8.3009461,"Mo-Th 07:30-19:00, Fr 07:30-20:00, Sa 08:00-17:00; PH off",https://filialen.migros.ch/de/migros-supermarkt-kriens-mattenhof,Migros
node,6757436186,Coop,Coop,Coop Genossenschaft,supermarket,,,,,47.5264679,8.536208,Mo-Sa 08:00-20:00,https://www.imguss.ch/gewerbe/mieter/coop-supermarket,Coop
node,6780925737,Aldi,ALDI,Aldi Suisse,supermarket,,,,,47.3585316,8.5857175,Mo-Sa 07:30-20:00; PH off,https://www.aldi-suisse.ch/,Aldi
node,6810431764,Aldi,Aldi,Aldi Suisse,supermarket,Stachelhofstrasse,4,8854,Siebnen,47.1753518,8.9121709,Mo-Sa 07:30-20:00; PH off,https://www.aldi-suisse.ch/,Aldi
node,6821809534,Migros,Migros,Genossenschaft Migros Ostschweiz,supermarket,Rütistrasse,10a,8580,Amriswil,47.5466147,9.2976249,"Mo-Fr 07:30-20:00, Sa 07:30-18:00; PH off",https://filialen.migros.ch/de/migros-supermarkt-amriswil,Migros
node,6866569480,Denner,Denner,,supermarket,,,,,46.9679815,9.5632226,Mo-Fr 08:00-19:00; Sa 08:00-17:00,https://www.denner.ch/,Denner
node,6898760016,Coop,Coop,,supermarket,,,,,47.4627172,9.042064,Mo-Sa 06:00-22:00; Su 08:00-22:00; PH 08:00-22:00,,Coop
node,6898760017,Denner,Denner,,supermarket,Obere Bahnhofstrasse,5,9500,Wil SG,47.4625444,9.0420458,Mo-Sa 06:00-22:00; Su 08:00-22:00,,Denner
node,6906600482,Coop,Coop,,supermarket,,,,,46.9533889,7.4319287,"Mo-Th 07:00-20:00; Fr 07:00-21:00; Sa 07:00-17:00; Su,PH off",https://www.coop.ch,Coop
node,6909499640,Coop,Coop,,supermarket,,,,,46.1969342,7.838885,Mo-Sa 08:00-18:30; Su 15:30-18:30,,Coop
node,6927157602,Coop,Coop,Coop Genossenschaft,supermarket,Erlenstrasse,,,,47.5700131,7.6031489,Mo-Fr 07:30-20:00; Sa 07:30-18:00,,Coop
node,6931278967,Lidl,Lidl,,supermarket,Hinterbergstrasse,19,6330,Cham,47.1878801,8.4777518,Mo-Th 07:30-19:00; Fr 07:30-21:00; Sa 07:30-17:00,,Lidl
node,6952775541,Coop,Coop,COOP,supermarket,,,,,45.9736364,8.9269271,"Mo-We,Fr 09:00-19:00; Th 09:00-21:00; Sa 09:00-18:30; Su off",,Coop
node,6952775543,Migros,Migros,,supermarket,,,,,45.970454,8.9256188,"Mo, Tu, We, Fr 09:00-19:00; Th 09:00-21:00; Sa 09:00-18:30; Su off",https://filialen.migros.ch/de/migros-supermarkt-grancia,Migros
node,6958301574,Coop,Coop,,supermarket,,,,,47.5594919,7.5871556,Mo-Fr 06:30-20:00; Sa 06:30-18:00,,Coop
node,6960473163,Denner,Denner,,supermarket,,,,,46.7355569,7.6582465,Mo-Fr 08:00-19:00; Sa 08:00-17:00,,Denner
node,6982801367,Coop,Coop,Coop Genossenschaft,supermarket,St. Gallerstrasse,120,8645,Jona,47.229771,8.8487477,Mo-Fr 08:00-20:00; Sa 08:00-18:00,,Coop
node,6982916707,Denner,Denner,,supermarket,,,,,47.5830612,9.1692029,"Mo-Fr 08:00-12:15,14:00-18:30, Sa 08:00-16:00",,Denner
node,6988275952,Lidl,Lidl,,supermarket,,,,,47.1014412,6.8264797,,,Lidl
node,6991730777,Lidl,Lidl,,supermarket,Pilatusstrasse,14b,6060,Sarnen,46.9008594,8.2487313,Mo-Th 07:30-20:00; Fr 07:30-21:00; Sa 07:30-20:00,https://www.lidl.ch/s/de-CH/filialfinder/sarnen/pilatusstrasse-14b/,Lidl
node,7008540054,Lidl,Lidl,,supermarket,,,,,47.1384494,7.2460015,"Mo-We,Fr 09:00-19:00; Th 09:00-20:00; Sa 08:30-17:00; Su,PH closed",https://www.lidl.ch/,Lidl
node,7017965223,Coop,Coop,,supermarket,Boulevard des Eplatures,20,2300,La Chaux-de-Fonds,47.0885618,6.8020873,Mo-Fr 08:00-19:00; Th 08:00-20:00; Sa 08:00-18:00,,Coop
node,7047347644,Denner,Denner,,supermarket,Flachsacherstrasse,1,5242,Lupfig,47.4401098,8.2056331,,https://www.denner.ch/de/filialen/5242-lupfig~s2379909,Denner
node,7050614306,Denner Express,Denner,,supermarket,,,,,47.3788745,8.5594892,Mo-Sa 07:30-20:00,,Denner
node,7057953966,Aldi,ALDI,Aldi Suisse,supermarket,,,,,47.1960559,8.530375,"Mo-Th 07:30-19:00, Fr 07:30-20:00, Sa 07:30-17:00; PH off",https://www.aldi-suisse.ch/,Aldi
node,7057953967,Denner,Denner,,supermarket,Oberdorfstrasse,6a,6340,Baar,47.1957464,8.5299787,"Mo-Th 07:30-07:00, Fr 07:30-20:00, Sa 07:30-17:00",,Denner
node,7074473358,Denner,Denner,,supermarket,,,,,46.4638357,6.8398689,Mo-Th 08:00-18:30; Fr 08:00-20:00; Sa 07:30-17:30,,Denner
node,7074497276,Migros,Migros,,supermarket,,,,,46.4636936,6.8400687,Mo-Th 08:00-18:30; Fr 08:00-20:00; Sa 07:30-17:30,,Migros
node,7089272984,Aldi,Aldi Suisse,Aldi Suisse SA,supermarket,Chemin de Riantbosson,19,1217,Meyrin,46.2270945,6.0860762,"Mo-We 08:00-19:00; Th,Fr 08:00-19:30; Sa 08:00-18:00",https://www.aldi-suisse.ch/fr/filiales-et-heures-douverture/l/meyrin/ch-de-riantbosson-19/e444,Aldi
node,7090622976,Denner,Denner,,supermarket,,,,,45.9849264,8.8898946,,,Denner
node,7128513589,Coop,Coop,,supermarket,,,,,46.9531082,7.4584498,Mo-Fr 07:30-20:00; Sa 07:00-17:00,https://www.coop.ch/de/services/standorte-und-oeffnungszeiten/detail.html/5434/coop-supermarkt-bern-schoenburg.html,Coop
node,7128726985,Lidl,Lidl,,supermarket,Förrlibuckstrasse,62,8005,Zürich,47.3924034,8.5156978,Mo-Sa 07:30-21:00,,Lidl
node,7164883681,Denner,Denner,,supermarket,,,,,46.4645903,6.8417519,Mo-Th 08:00-18:30; Fr 08:00-20:00; Sa 07:30-17:00,https://www.denner.ch/fr/succursales/stores-detail-page/store/ekz-rue-des-moulins-1-1800-vevey/,Denner
node,7172148724,Denner,Denner,,supermarket,,,,,46.5265814,6.8522382,,,Denner
node,7179247189,Denner,Denner,,supermarket,Grossmatte,2,6014,Luzern,47.0488498,8.2627786,Mo-Th 08:00-19:00; Fr 08:00-20:00; Sa 08:00-17:00; Su off,,Denner
node,7233507113,Denner,Denner,,supermarket,Faubourg Saint-Germain,,2900,Porrentruy,47.4163437,7.077382,,,Denner
node,7233507130,ALDI,ALDI,,supermarket,Faubourg Saint-Germain,,2900,Porrentruy,47.4162249,7.0779797,,,Aldi
node,7234871013,Denner,Denner,,supermarket,,,,,47.4196412,9.5756845,,,Denner
node,7273789095,Coop,Coop,,supermarket,,,,,46.1549297,8.9657736,"Mo-We,Fr 07:30-19:00; Th 07:30-20:00; Sa 07:30-18:30",,Coop
node,7294728303,Denner,Denner,,supermarket,Letzigraben,120,,,47.3765114,8.4973375,Mo-Sa 07:30-20:00,,Denner
node,7299717750,Denner,Denner,Denner,supermarket,Mythencenterstrasse,16,6438,Ibach,47.0153632,8.6474974,,https://www.denner.ch/,Denner
node,7316128290,Denner,Denner,,supermarket,Route d'Yvonand,,1522,Lucens,46.7086806,6.8413264,Mo-Fr 07:30-19:00; Sa 07:30-17:00; Su 08:00-12:00; PH off,,Denner
node,7357358585,Denner,Denner,,supermarket,,,5312,,47.5763296,8.255641,,,Denner
node,7374581285,ALDI,ALDI,Aldi Suisse,supermarket,General-Wille-Strasse,144,8706,Meilen,47.277367,8.6174922,Mo-Sa 07:30-20:00; PH off,https://www.aldi-suisse.ch/,Aldi
node,7380954135,Migros,Migros,Genossenschaft Migros Ostschweiz,supermarket,Weiacherstrasse,1,8422,Pfungen,47.5173965,8.6498136,"Mo-Fr 08:00-20:00, Sa 08:00-18:00; PH off",https://filialen.migros.ch/de/migros-supermarkt-pfungen,Migros
node,7380954136,Denner,Denner,,supermarket,,,,,47.5173364,8.6502851,,,Denner
node,7386070272,Coop,Coop,Coop Genossenschaft,supermarket,,,,,47.581669,8.514157,Mo-Sa 08:00-20:00; PH off,https://www.coop.ch/de/standorte/coop-supermarkt-huentwangen/4546_POS,Coop
node,7386070273,Coop,Coop,Coop Genossenschaft,supermarket,,,,,47.6978789,8.4605652,Mo-Fr 07:30-19:00; Sa 07:30-17:00,,Coop
node,7389830912,Denner Partner,Denner,,supermarket,Hofstatt,3,6422,Steinen,47.0489528,8.6128461,Mo-Fr 06:30-19:00; Sa 06:30-17:00,,Denner
node,7389830915,Denner,Denner,,supermarket,Burgerfeldstrasse,15,8730,Uznach,47.2251094,8.9694487,,,Denner
node,7389830917,Denner Partner,Denner,,supermarket,Hauptstrasse,8,8865,Bilten,47.150518,9.0204516,,,Denner
node,7389830919,Denner,Denner,Denner,supermarket,Bitzistrasse,2,6370,Stans,46.9653834,8.3555724,,https://www.denner.ch/,Denner
node,7389830920,Denner,Denner,,supermarket,Dorfstrasse,87,6375,Beckenried,46.9702546,8.4661373,,,Denner
node,7389830921,Denner,Denner,,supermarket,Grundgasse,2,6460,Altdorf UR,46.8732428,8.650783,Mo-Th 08:00-18:30; Fr 08:00-21:00; Sa 08:00-17:00,,Denner
node,7389830923,Denner,Denner,,supermarket,Pilatusstrasse,10,6060,Sarnen,46.9001328,8.2482628,,,Denner
node,7389830924,Denner,Denner,,supermarket,Sagiweg,6,5737,Menziken,47.2412454,8.1869176,,,Denner
node,7390289540,Migros,Migros,Genossenschaft Migros Luzern,supermarket,Ebisquare-Strasse,1,6030,Ebikon,47.0940472,8.358936,"Mo-Th 09:00-19:00, Fr 09:00-21:00, Sa 08:00-17:00; PH off",https://filialen.migros.ch/de/migros-supermarkt-ebikon-mall-of-switzerland,Migros
node,7390289541,Migros,Migros,Genossenschaft Migros Luzern,supermarket,Zentralstrasse,16,6030,Ebikon,47.0813405,8.3410776,"Mo-Th 08:00-19:00, Fr 08:00-21:00, Sa 08:00-17:00; PH off",https://filialen.migros.ch/de/migros-supermarkt-ebikon-ladengasse,Migros
node,7390289542,Migros,Migros,Genossenschaft Migros Luzern,supermarket,Hertizentrum,10,6300,Zug,47.1775933,8.5053769,"Mo-Th 07:30-19:00, Fr 07:30-20:00, Sa 07:30-17:00; PH off",https://filialen.migros.ch/de/migros-supermarkt-zug-herti,Migros
node,7390289543,Migros,Migros,Genossenschaft Migros Zürich,supermarket,Pfäffikonerstrasse,19,8834,Schindellegi,47.1757272,8.7130911,"Mo-Fr 08:00-20:00, Sa 08:00-18:00; PH off",https://filialen.migros.ch/de/migros-supermarkt-schindellegi,Migros
node,7390289544,Migros,Migros,Genossenschaft Migros Luzern,supermarket,Gotthardstrasse,67,6460,Altdorf UR,46.8727009,8.6512535,"Mo-Th 08:00-18:30, Fr 08:00-21:00, Sa 08:00-17:00",https://filialen.migros.ch/de/migros-supermarkt-buerglen-altdorf-urnertor,Migros
node,7395144121,Coop,Coop,Coop Genossenschaft,supermarket,Carmelweg,1,6313,Menzingen,47.1787445,8.5883883,,,Coop
node,7395144124,Coop,Coop,Coop Genossenschaft,supermarket,Rössligasse,20,6000,Luzern,47.0521569,8.3039971,,,Coop
node,7395144125,Coop,Coop,Coop Genossenschaft,supermarket,,,,,47.0176742,8.2994889,Mo-Th 08:00-19:00; Fr 08:00-21:00; Sa 08:00-17:00,https://www.coop.ch/de/unternehmen/standorte-und-oeffnungszeiten/detail.html/2849/coop-supermarkt-kriens-pilatusmarkt.html,Coop
node,7395144126,Coop,Coop,Coop Genossenschaft,supermarket,Dorfstrasse,5,6467,Schattdorf,46.8655382,8.6548456,"Mo-Fr 07:30-18:30; Sa 07:30-17:00; Su,PH off",,Coop
node,7395144127,Coop,Coop,Coop Genossenschaft,supermarket,Militärstrasse,9a,6467,Schattdorf,46.8557406,8.6448367,Mo-Th 08:00-18:30; Fr 08:00-20:00; Sa 08:00-17:00,,Coop
node,7395144130,Coop,Coop,Coop Genossenschaft,supermarket,Rickenstrasse,25,8737,Gommiswald,47.2332432,9.0204399,,,Coop
node,7403555052,Denner,Denner,,supermarket,Badenerstrasse,621,8048,Zürich,47.3857952,8.4924667,Mo-Sa 07:30-20:00; PH off,https://www.denner.ch/,Denner
node,7415796640,Denner,Denner,,supermarket,,,,,46.8504177,9.513208,,,Denner
node,7415892835,Denner,Denner,,supermarket,,,,,46.531331,9.8748127,Mo-Fr 07:30-20:00; Sa 07:30-18:00; Su off,https://www.denner.ch/de/filialen/7503-samedan~s1145763,Denner
node,7418113612,Coop,Coop,Coop Genossenschaft,supermarket,,,,,47.5254185,8.2442375,,,Coop
node,7418113614,Coop,Coop,Coop Genossenschaft,supermarket,Rudolf-Diesel-Strasse,19,8404,Winterthur,47.4952268,8.7586141,Mo-Sa 08:00-20:00; PH off,https://www.coop.ch/de/standorte/coop-supermarkt-winterthur-gruezemarkt/2183_POS,Coop
node,7430873334,Lidl,Lidl,,supermarket,Zufikerstrasse,4,5620,Bremgarten AG,47.3515718,8.3500144,,https://www.lidl.ch/s/de-CH/filialfinder/bremgarten/zufikerstrasse-4/,Lidl
node,7430873343,Coop,Coop,Coop Genossenschaft,supermarket,,,,,47.398668,8.0590436,,,Coop
node,7430873356,Denner,Denner,Denner,supermarket,,,,,47.3827694,8.6671261,"Mo-Fr 09:00-20:00, Sa 08:00-20:00; PH off",https://www.denner.ch/,Denner
node,7433108485,Aldi,ALDI,Aldi Suisse,supermarket,,,,,47.3062625,7.9261932,"Mo-Fr 08:00-20:00, Sa 08:00-19:00; PH off",https://www.aldi-suisse.ch/,Aldi
node,7433938849,Denner,Denner,Denner,supermarket,,,,,47.3461898,7.9092159,"Mo-We,Fr 08:00-18:30; Th 08:00-20:00; Sa 08:00-18:00",,Denner
node,7442531303,Lidl,Lidl,Lidl Schweiz,supermarket,Grabenstrasse,2,8184,Bachenbülach,47.5043376,8.5422295,,https://www.lidl.ch/,Lidl
node,7443294880,Denner,Denner,,supermarket,,,,,46.794709,7.142365,,,Denner
node,7449564880,Denner,Denner,Denner,supermarket,,,,,47.4225198,8.3702387,"Mo-Fr 09:00-20:00, Sa 08:00-20:00; PH off",https://www.denner.ch/,Denner
node,7457739462,Migros,Migros,Genossenschaft Migros Basel,supermarket,Münchensteinerstrasse,200,4053,Basel,47.5395222,7.6039942,"Mo-Fr 09:00-20:00, Sa 08:00-18:00; PH off",https://filialen.migros.ch/de/migros-supermarkt-basel-dreispitz-mparc,Migros
node,7457897589,Denner,Denner,Denner,supermarket,,,,,47.5392283,7.6038088,,,Denner
node,7459055931,Lidl,Lidl,,supermarket,,,6004,Luzern,47.0561316,8.3100771,,,Lidl
node,7465426724,Denner,Denner,Denner,supermarket,,,,,47.2008165,8.7931378,,https://www.denner.ch/,Denner
node,7473206221,Coop,Coop,Coop Genossenschaft,supermarket,,,,,47.3827652,8.6669955,"Mo-Fr 09:00-20:00, Sa 08:00-20:00; PH off",https://www.coop.ch/de/standorte/coop-supermarkt-volketswil-volkiland/1956_POS,Coop
node,7473433661,Denner,Denner,Denner,supermarket,,,,,47.3982772,8.0584338,,https://www.denner.ch/,Denner
node,7483327212,Denner,Denner,Denner,supermarket,Hausimollstrasse,14,,,47.3175558,7.8008791,,,Denner
node,7483327233,Migros,Migros,Genossenschaft Migros Aare,supermarket,Hausimollstrasse,1,4622,Egerkingen,47.3168379,7.80387,Mo-Fr 09:00-18:30; Th 09:00-21:00; Sa 08:00-18:00; PH off,https://filialen.migros.ch/de/migros-supermarkt-egerkingen-gaeupark,Migros
node,7498166352,Denner,Denner,Denner,supermarket,,,,,47.3124452,7.9127705,,,Denner
node,7498166354,Coop,Coop,Coop Genossenschaft,supermarket,,,,,47.312668,7.9128811,,,Coop
node,7503094043,Coop,Coop,Coop Genossenschaft,supermarket,,,,,47.4317626,8.468556,Mo-Sa 08:00-20:00,,Coop
node,7503094044,Denner,Denner,Denner,supermarket,,,,,47.4309902,8.4697474,,,Denner
node,7503094045,Migros,Migros,Genossenschaft Migros Zürich,supermarket,,,8105,Regensdorf,47.4311118,8.4691605,Mo-Sa 08:00-20:00; PH off,https://filialen.migros.ch/de/migros-supermarkt-regensdorf-zentrum,Migros
node,7506988527,Coop,Coop,Coop Genossenschaft,supermarket,,,,,47.4507909,8.5627452,Mo-Su 06:00-23:00,https://www.coop.ch/de/,Coop
node,7507371250,Migros,Migros,Genossenschaft Migros Aare,supermarket,Bresteneggstrasse,9b,5033,Buchs AG,47.3847433,8.0895665,"Mo-Fr 09:00-20:00, Sa 08:00-20:00; PH off",https://filialen.migros.ch/de/migros-supermarkt-buchs-ag-wynecenter,Migros
node,7507371258,Denner,Denner,Denner,supermarket,,,,,47.3847869,8.0888826,Mo-Fr 09:00-20:00; Sa 08:00-20:00,,Denner
node,7528378304,Denner,Denner,,supermarket,,,,,47.1515583,6.9951958,Mo-Fr 08:00-19:00; Sa 08:00-17:00,,Denner
node,7528378305,Migros,Migros,,supermarket,Rue Baptiste-Savoye,62,,,47.1514679,6.995281,Mo-Th 08:00-19:00; Fr 08:00-20:00; Sa 08:00-17:00,,Migros
node,7574554244,Coop,Coop,Coop Genossenschaft,supermarket,Oberhof,1,6274,Eschenbach LU,47.1331279,8.3193581,,,Coop
node,7589274159,Coop,Coop,Coop Genossenschaft,supermarket,Grüssenweg,10,4133,Pratteln,47.5277504,7.6902508,,https://www.coop.ch/,Coop
node,7591924440,Lidl,Lidl,,supermarket,Wehntalerstrasse,625,8046,Zürich,47.4222889,8.4993168,Mo-Sa 07:30-20:00; PH off,https://www.lidl.ch/,Lidl
node,7623361858,Denner,Denner,,supermarket,,,,,46.7986967,7.1356268,Mo-Fr 07:30-19:00; Sa 08:00-16:00; Su 08:00-12:00,,Denner
node,7637803909,Denner,Denner,,supermarket,,,,,47.3340114,7.8422542,Mo-Fr 07:30-18:30; Sa 07:30-18:00; Su 10:00-12:00,,Denner
node,7640147839,Denner,Denner,Denner,supermarket,,,,,46.9453867,7.3737873,Mo-Th 09:00-20:00; Fr 08:00-21:00; Sa 08:00-17:00,https://www.denner.ch/de/filialen/denner-filiale-und-oeffnungszeiten/store/einkaufszentrum-westside-riedbachstrasse-100-3027-bern/,Denner
node,7656997249,Denner,Denner,,supermarket,,,,,46.3843531,6.8535617,Mo-Fr 07:30-18:45; Sa 08:00-18:00; Su 08:00-13:00,,Denner
node,7669173231,Denner Express,,,supermarket,Bronschhoferstrasse,79,9500,Wil SG,47.4718578,9.0391639,Mo-Fr 07:00-19:00; Sa 07:00-16:00,,Denner
node,7671493765,Denner,Denner,,supermarket,,15,8737,Gommiswald,47.229717,9.0232073,,,Denner
node,7673760806,Migros Partner,,Genossenschaft Migros Basel,supermarket,Inselstrasse,63,4057,Basel,47.5773784,7.590504,"Mo-Fr 08:00-20:00, Sa 08:00-18:00, Su 09:00-18:00",https://filialen.migros.ch/de/migros-partner-basel-inselstrasse,Migros
node,7673788483,Migros Partner,,Genossenschaft Migros Basel,supermarket,Gotenstrasse,84,4125,Riehen,47.5698251,7.6330456,"Mo-Fr 08:00-19:00, Sa 08:00-18:00, Su 09:00-17:00",https://filialen.migros.ch/de/migros-partner-riehen-niederholz,Migros
node,7683124251,Migros,Migros,Genossenschaft Migros Ostschweiz,supermarket,Obere Bahnhofstrasse,5,9500,Wil SG,47.462723,9.0428048,Mo-Fr 8:00-19:00; Tu 08:00-20:00; Sa 08:00-17:00; PH off,https://filialen.migros.ch/de/migros-supermarkt-wil-sg,Migros
node,7684812078,Migros,Migros,Genossenschaft Migros Ostschweiz,supermarket,Tösstalstrasse,24,8483,Kollbrunn,47.4579651,8.7699768,Mo-Fr 07:30-20:00; Sa 08:00-19:00; PH off,https://filialen.migros.ch/de/migros-supermarkt-kollbrunn,Migros
node,7685095602,M-Outlet,Migros-Outlet,Genossenschaft Migros Ostschweiz,supermarket,Industriestrasse,8,8404,Winterthur,47.4958334,8.7497154,"Mo-Fr 09:00-19:00, Sa 09:00-18:00; PH off",https://filialen.migros.ch/de/m-outlet-outlet-winterthur,Migros
node,7711197327,Migros,Migros,Genossenschaft Migros Zürich,supermarket,Im Zentrum,18,8604,Volketswil,47.3882031,8.6805468,Mo-Sa 08:00-20:00; PH off,https://filialen.migros.ch/de/migros-supermarkt-volketswil,Migros
node,7711325934,M-Outlet [Dauerhaft geschlossen],Outlet Migros,Genossenschaft Migros Zürich,supermarket,Ziegelbrückstrasse,21,8867,Niederurnen,47.1283654,9.0556109,"Mo-Fr 08:00-18:30, Sa 08:00-18:00; PH off",https://filialen.migros.ch/de/m-outlet-niederurnen,Migros
node,7714058359,Migros,Migros,Genossenschaft Migros Luzern,supermarket,Untere Gründlistrasse,21,6055,Alpnach Dorf,46.9341831,8.276197,"Mo-Fr 09:00-18:00, Sa 09:00-17:00; PH off",https://filialen.migros.ch/de/m-outlet-alpnach-outlet,Migros
node,7714224518,M-Outlet,Migros-Outlet,Genossenschaft Migros Luzern,supermarket,Zelglimatte,3,6260,Mehlsecken,47.2466758,7.9578727,"Mo-Fr 09:00-18:00, Sa 09:00-17:00; PH off",https://filialen.migros.ch/de/m-outlet-reiden-outlet,Migros
node,7714353009,M-Outlet,Migros-Outlet,Genossenschaft Migros Luzern,supermarket,Sonnenplatz,2,6020,Emmenbrücke,47.0779366,8.2751915,Mo-Sa 08:00-17:00; PH off,https://filialen.migros.ch/de/m-outlet-emmenbruecke-sonnenplatz,Migros
node,7734432246,Coop,Coop,,supermarket,Grand-Rue,35,,,46.6192785,7.0574465,Mo-Th 07:30-19:00; Fr 07:30-21:00; Sa 07:30-16:00,https://www.coop.ch,Coop
node,7743378096,M-Outlet,Outlet Migros,Genossenschaft Migros Luzern,supermarket,Industriestrasse,1,6036,Dierikon,47.0953198,8.3630255,"Mo-Fr 09:00-18:00, Sa 09:00-17:00; PH off",https://filialen.migros.ch/de/m-outlet-dierikon-outlet,Migros
node,7744517904,Migros,Migros,Genossenschaft Migros Aare,supermarket,Unterdorfstrasse,21,5703,Seon,47.347822,8.1612756,Mo-Fr 08:00-19:00; Th 08:00-20:00; Sa 07:30-18:00; PH off,https://filialen.migros.ch/de/migros-supermarkt-seon,Migros
node,7744520184,Migros,Migros,Genossenschaft Migros Aare,supermarket,Lindenplatz,2,5722,Gränichen,47.3600635,8.0980307,"Mo-Fr 08:00-19:00, Sa 08:00-17:00; PH off",https://filialen.migros.ch/de/migros-supermarkt-graenichen,Migros
node,7744612710,Denner,Denner,Denner,supermarket,,,,,47.3496917,7.8982051,"Mo-Fr 08:00-18:30, Sa 08:00-18:00, Th 08:00-20:00",,Denner
node,7744624818,Migros,Migros,Genossenschaft Migros Aare,supermarket,Fahrackerstrasse,1,4853,Murgenthal,47.2649349,7.8292999,"Mo-Fr 08:00-19:00, Sa 07:30-17:00; PH off",https://filialen.migros.ch/de/migros-supermarkt-murgenthal,Migros
node,7746495807,M-Outlet,Migros-Outlet,Genossenschaft Migros Aare,supermarket,Maienstrasse,6,2540,Grenchen,47.1906226,7.4055985,"Mo-Th 09:00-18:30, Fr 09:00-20:00, Sa 09:00-17:00; PH off",https://filialen.migros.ch/de/m-outlet-grenchen-outlet,Migros
node,7746749386,M-Outlet,Migros-Outlet,Genossenschaft Migros Aare,supermarket,Industriestrasse West,40,4614,Hägendorf,47.3288607,7.8318357,Mo-Fr 09:00-18:30; Th 09:00-20:00; Sa 09:00-17:00; PH off,https://filialen.migros.ch/de/m-outlet-haegendorf-outlet,Migros
node,7784132951,Coop,Coop,,supermarket,Avenue Centrale,118,1884,Villars-sur-Ollon,46.2985567,7.054371,"Mo-Su,PH 08:00-19:00",,Coop
node,7788629626,Coop,Coop,,supermarket,Rue des Rangiers,4,2350,Saignelégier,47.256976,6.9997635,Mo-Th 08:00-18:30; Fr 08:00-20:00; Sa 07:30-17:00,,Coop
node,7794436351,Lidl,Lidl,Lidl Schweiz,supermarket,Bahnhofstrasse,31,5400,Baden,47.4773077,8.3082745,Mo-Sa 06:30-20:00; PH off,https://www.lidl.ch/de/,Lidl
node,7796514373,Denner,Denner,,supermarket,,,,,47.4238672,8.6300158,,,Denner
node,7815228085,Migros,Migros,,supermarket,,,,,46.0676086,7.7761385,"Mo-Sa 07:30-19:00; Su 09:00-12:00, 16:00-19:00",,Migros
node,7888312408,Denner,Denner,,supermarket,,,,Versoix,46.2802105,6.166794,,,Denner
node,7897108750,Denner,Denner,,supermarket,,,,,47.1501294,7.2632387,,,Denner
node,7897400622,Coop,,,supermarket,,,,,47.1617949,7.294397,,,Coop
node,7897412183,Denner,Denner,,supermarket,General-Wille-Strasse,144,8706,Meilen,47.2773212,8.6175872,Mo-Sa 07:30-20:00; PH off,https://www.denner.ch/,Denner
node,7958135920,Coop,Coop,,supermarket,Via Alpsu,,,,46.6788734,8.7709491,"Mo-Fr 08:00-12:15,13:30-18:30; Sa 08:00-17:00",,Coop
node,7958147083,Denner,Denner,,supermarket,Via Alpsu,61,7188,Sedrun,46.680398,8.7752879,"Mo-Fr 07:00-12:15, 13:30-18:30; Sa 07:00-17:00",https://www.denner.ch/de/filialen/7188-sedrun~s1145328,Denner
node,7985034495,Coop,Coop,,supermarket,,,,,46.109026,7.9284763,Mo-Sa 08:00-18:30; Su 09:00-18:30,,Coop
node,7992012138,Aldi,ALDI,Aldi Suisse,supermarket,Neue Aarburgerstrasse,22,4852,Rothrist,47.3064857,7.8864997,Mo-Sa 08:00-20:00; PH off,https://www.aldi-suisse.ch/,Aldi
node,8003471785,Denner Express,Denner,Denner SA,supermarket,Rue Lamartine,12,,Genève,46.2100253,6.128863,Mo-We 07:30-19:00; Th 07:30-20:00; Fr 07:30-19:30; Sa 07:30-18:00,https://www.denner.ch/fr/succursales/1203-geneve~s1145701,Denner
node,8013973301,Migros,,,supermarket,,,,,46.5554416,7.372984,Mo-Sa 08:00-19:00,,Migros
node,8050640185,coop Supermarkt Altstätten,,,supermarket,Rorschacherstrasse,34,9450,Altstätten SG,47.3814347,9.5471855,Mo-Th 07:00-19:00; Fr 07:00-20:00; Sa 07:00-17:00,https://coop.ch/,Coop
node,8062028222,Aldi,ALDI,Aldi Suisse,supermarket,,,,,47.3161717,8.5210608,Mo-Sa 08:00-20:00; PH off,https://www.aldi-suisse.ch/,Aldi
node,8077551545,Denner,Denner,,supermarket,,,,,46.7667719,7.6241097,Mo-Fr 08:00-20:00; Sa 08:00-17:00,,Denner
node,8098492384,Coop,Coop,,supermarket,Greifengasse,3,4058,Basel,47.561065,7.5913921,"Mo-Fr 06:30-20:00; Sa 07:30-18:00, Aug 1 Closed",,Coop
node,8098492385,Coop,Coop,,supermarket,Inselstrasse,76,4057,Basel,47.5769624,7.5911385,Mo-Fr 07:30-20:00; Sa 07:30-18:00,,Coop
node,8109220043,Coop,Coop,,supermarket,,,,,45.9539058,8.9657161,,,Coop
node,8111589625,Coop,Coop,,supermarket,Chemin des Sauges,8,,,46.9655208,7.1218363,,,Coop
node,8120915592,Migros,Migros,,supermarket,Bielstrasse,80,,,47.2111103,7.5261076,Mo-Fr 08:00-18:30; Sa 08:00-18:00; PH off,,Migros
node,8120915595,Denner Express,,,supermarket,Bielstrasse,80,,,47.2112376,7.525911,Mo-Fr 08:00-18:30; Sa 08:00-18:00; PH off,,Denner
node,8121967617,Aldi,ALDI,Aldi Suisse,supermarket,,,,,47.4390947,8.5707697,Mo-Sa 07:30-20:00; PH off,https://www.aldi-suisse.ch/,Aldi
node,8124703596,Denner,Denner,Denner,supermarket,Bahnhofstrasse,1,4144,Arlesheim,47.4919602,7.6101375,"Mo-Fr 08:00-19:00; Sa 08:00-18:00; Su,PH off",,Denner
node,8126719712,Aldi,Aldi Suisse,Aldi Suisse SA,supermarket,Route de Saint-Loup,2,1290,Versoix,46.2794139,6.1652207,"Mo-We,Fr 08:00-19:00; Th 08:00-20:00; Sa 08:00-18:00",https://www.aldi-suisse.ch/fr/filiales-et-heures-douverture/l/versoix/route-de-saint-loup-2/e426,Aldi
node,8138209295,Denner,Denner,,supermarket,,,,,47.3437554,7.3697993,,,Denner
node,8143753521,Aldi,Aldi Suisse,,supermarket,Webergasse,34,4058,Basel,47.562245,7.5923242,Mo-Fr 08:00-20:00; Sa 08:00-18:00,,Aldi
node,8151376039,Coop,Coop,,supermarket,Zedtwitzweg,1,3626,Hünibach,46.7457502,7.6435361,Mo-Fr 07:30-19:00; Sa 07:30-17:00,,Coop
node,8157621790,Denner,Denner,,supermarket,,,,,47.4854594,7.7380572,,,Denner
node,8160658037,Aldi,ALDI,Aldi Suisse,supermarket,Avenue du Général-Guisan,32,,,46.4650748,6.8390981,"Mo-Th 08:00-18:30, Fr 08:00-20:00, Sa 08:00-17:00; PH off",https://www.aldi-suisse.ch/,Aldi
node,8171324317,Lidl,Lidl,Lidl Schweiz,supermarket,Neumarktplatz,2,5200,Brugg AG,47.4818461,8.209298,Mo-Sa 06:30-20:00,https://www.lidl.ch/,Lidl
node,8171358619,Denner,Denner,,supermarket,Moosmattstrasse,50,6005,Luzern,47.037959,8.3041762,,,Denner
node,8173744153,Aldi,Aldi,,supermarket,Bernstrasse,46,3076,Worb,46.9263353,7.5637937,,,Aldi
node,8198239436,Denner,Denner,,supermarket,,,,,46.7697922,7.51004,Mo-Th 07:30-19:00; Fr 07:30-20:00; Sa 07:30-17:00,,Denner
node,8198577459,Coop,Coop,,supermarket,,,,,46.7692094,7.5091818,Mo-Th 07:30-18:30; Fr 07:30-20:00; Sa 07:30-17:00,,Coop
node,8219570317,Coop,,,supermarket,,,,,46.849159,7.5766415,"Mo-Fr 08:00-19:00; Sa 08:00-17:00; Su,PH off",,Coop
node,8242638301,Migros,Migros,,supermarket,Place de la Gare,10,1740,Neyruz FR,46.7661981,7.0645597,Mo-Fr 07:30-19:00; Sa 07:30-16:00; Su off,https://filialen.migros.ch/de/migros-supermarkt-neyruz,Migros
node,8256731604,Migros,Migros,,supermarket,,,,,46.5207309,6.6297547,Mo-Fr 07:00-19:00; Sa 08:00-18:00,,Migros
node,8263613688,Denner,Denner,,supermarket,,,,,46.3160289,6.9650393,Mo-Th 07:00-18:30; Fr 07:00-20:00; Sa 07:00-17:00,,Denner
node,8263613689,Migros,Migros,,supermarket,,5,1860,Aigle,46.3159817,6.9649593,Mo-Th 07:00-18:30; Fr 07:00-20:00; Sa 07:00-17:00; Su off,https://filialen.migros.ch/de/migros-supermarkt-aigle-gare,Migros
node,8269133018,Coop,Coop,,supermarket,Huebwiesenstrasse,25,8954,Geroldswil,47.4213646,8.4096678,Mo-Sa 07:30-20:00,,Coop
node,8269204325,Coop,Coop,Coop Genossenschaft,supermarket,Luzernerstrasse,38,6353,Weggis,47.0336116,8.4266,Mo-Fr 07:30-19:00; Sa 07:30-17:00,https://www.coop.ch/de/,Coop
node,8278444660,Migros,Migros,,supermarket,Avenue de la Gare,84,1022,Chavannes-près-Renens,46.5300438,6.5725167,Mo-Fr 07:30-20:00; Sa 08:00-18:00,Migros.ch,Migros
node,8286494178,Migros,Migros,Genossenschaft Migros Zürich,supermarket,Am Stadtrand,5,8600,Dübendorf,47.3968758,8.5970455,Mo-Sa 07:00-20:00; PH off,https://filialen.migros.ch/de/migros-supermarkt-duebendorf-stettbach,Migros
node,8293804518,Coop,Coop,Coop,supermarket,Bernstrasse,1,3066,Stettlen,46.9581673,7.5136675,Mo-Fr 07:00-19:00; Sa 07:00-17:00,https://www.coop.ch,Coop
node,8302655352,Denner,Denner,,supermarket,Bahnhofstrasse,7,9443,Widnau,47.4079984,9.630328,Mo-Fr 08:00-19:00; Sa 08:00-17:00,https://www.denner.ch,Denner
node,8329700475,ALDI,ALDI,,supermarket,Oberwilerstrasse,40,4106,Therwil,47.5039735,7.5548025,,,Aldi
node,8358707742,Denner,Denner,,supermarket,Jonentalstrasse,,8910,Affoltern am Albis,47.2770364,8.4549553,,,Denner
node,8402157978,Denner,Denner,Denner,supermarket,Rue des Cerisiers,2,1752,Villars-sur-Glâne,46.7945731,7.1154886,Mo-Th 07:30-19:00; Fr 07:30-21:00; Sa 07:30-16:00,https://www.denner.ch/fr/succursales/stores-detail-page/store/rue-des-cerisiers-2-1752-villars-glane-1/,Denner
node,8414789917,Denner,Denner,,supermarket,Brüelstrasse,,6006,,47.0543402,8.3402993,Mo-Fr 08:00-19:00; Sa 08:00-17:00,,Denner
node,8426950597,Denner,Denner,Denner,supermarket,,,,,46.1068275,7.0857882,Mo-Th 07:30-18:30; Fr 07:30-20:00; Sa 07:30-17:00,,Denner
node,8432327560,Denner,Denner,,supermarket,,,,,46.9696143,9.6845993,Mo-Fr 07:30-20:00; Sa 07:30-18:00; PH closed,,Denner
node,8437761803,Lidl,Lidl,Lidl Suisse,supermarket,Rue de Genève,33,1003,Lausanne,46.5220971,6.6262057,Mo-Fr 07:30-19:00; Sa 07:30-18:00,,Lidl
node,8455134381,Denner,Denner,,supermarket,,,,,46.2110107,6.1120284,Mo-We 07:30-19:00; Th 07:30-20:00; Fr 07:30-19:30; Sa 07:30-18:00,,Denner
node,8461330192,Migros,Migros,Genossenschaft Migros Aare,supermarket,Baselstrasse,30,4500,Solothurn,47.2110372,7.5447388,Mo-Fr 07:00-18:30; Sa 07:00-18:00; PH off,https://filialen.migros.ch/de/migros-supermarkt-solothurn-baselstrasse,Migros
node,8463666944,Denner,Denner,,supermarket,,,,,46.7443056,7.6139568,,,Denner
node,8479248332,Denner,Denner,,supermarket,,,,,47.1644988,9.4734037,,https://www.denner.ch/de/filialen/denner-filiale-und-oeffnungszeiten/store/churerstrasse-5-9470-buchs-sg/,Denner
node,8531787049,Migros,Migros,Genossenschaft Migros Aare,supermarket,Hauptstrasse,22,4552,Derendingen,47.1973504,7.5837586,Mo-Th 08:00-18:30; Fr 08:00-20:00; Sa 07:30-18:00; PH off,https://filialen.migros.ch/de/migros-supermarkt-derendingen,Migros
node,8531787057,Coop,Coop,,supermarket,Steinmattstrasse,37,,,47.1958733,7.5858547,Mo-Th 07:30-18:30; Fr 07:30-20:00; Sa 07:30-18:00,,Coop
node,8541239873,Coop,Coop,,supermarket,Maschinenstrasse,10,8005,Zürich,47.3874546,8.5173402,Mo-Sa 07:00-21:00,https://www.coop.ch/de/unternehmen/standorte-und-oeffnungszeiten/detail.html/5240/coop-supermarkt-pfingstweidstrasse-prime-2.html,Coop
node,8548450743,Coop,Coop,,supermarket,Route de Lausanne,33,1052,Le Mont-sur-Lausanne,46.5541641,6.6348143,Mo-Fr 07:30-19:00; Sa 07:30-18:00,https://www.coop.ch/fr/magasins/coop-supermarche-le-mont-sur-lausanne/1770_POS,Coop
node,8555112321,Aldi,Aldi,,supermarket,,,,,47.4219231,9.3698656,Mo-Sa 07:30-20:00,,Aldi
node,8568619768,Lidl,Lidl,,supermarket,Alte Bremgartenstrasse,10b,8964,Rudolfstetten,47.3682397,8.379791,Mo-Sa 07:30-20:00,https://www.lidl.ch/,Lidl
node,8646641115,Denner,Denner,,supermarket,Wiesenstrasse,4,5303,Würenlingen,47.5253385,8.2453176,Mo-Sa 08:00-20:00,https://www.denner.ch/de/filialen/denner-filiale-und-oeffnungszeiten/store/wiesenstrasse-4-5303-wuerenlingen/,Denner
node,8661923300,Denner,Denner,,supermarket,,,,,47.4309756,9.3947796,,,Denner
node,8664411211,Denner Express,Denner,,supermarket,,,8424,,47.5125084,8.5934707,Mo-Fr 08:00-20:00; Sa 08:00-18:00,,Denner
node,8668924968,ALDI,ALDI,,supermarket,,,,,46.601742,7.0744774,,,Aldi
node,8670988600,Migros,Migros,,supermarket,,,,,46.5376316,6.5773418,Mo-Su 06:00-23:00,,Migros
node,8690397614,Denner,Denner,Denner,supermarket,Stossstrasse,2,9450,Altstätten SG,47.37739,9.5376422,"Mo-Th 08:00-19:00; Fr 08:00-20:00; Sa 08:00-17:00; Su,PH off",https://www.denner.ch/de/filialen/denner-filiale-und-oeffnungszeiten/store/einkaufszentrum-2/,Denner
node,8691080733,Coop,,,supermarket,Beundengasse,2,3250,Lyss,47.0727008,7.3023698,"Mo-Th 07:00-19:00; Fr 07:00-21:00; Sa 07:00-17:00; PH,Su off",,Coop
node,8710511182,Coop,,Coop,supermarket,Kriegstettenstrasse,1,4563,Gerlafingen,47.1710075,7.5731246,Mo-Th 08:00-18:30; Fr 08:00-20:00; Sa 07:30-17:00,https://www.coop.ch/,Coop
node,8710511184,Migros,Migros,Genossenschaft Migros Aare,supermarket,Friedhofstrasse,1,4563,Gerlafingen,47.1710859,7.5740275,"Mo-Th 08:00-18:30, Fr 08:00-20:00, Sa 07:30-18:00; PH off",https://filialen.migros.ch/de/migros-supermarkt-gerlafingen,Migros
node,8730544990,Denner,Denner,,supermarket,Dohlenzelgstrasse,2a,5210,Windisch,47.4783308,8.2167786,Mo-Th 08:00-19:00; Fr 08:00-20:00; Sa 08:00-18:00,https://www.denner.ch/,Denner
node,8747195033,Denner,Denner,,supermarket,,,,,47.5713429,7.6314409,Mo-Fr 08:00-18:30; Sa 08:00-18:00,,Denner
node,8761614593,Denner,Denner,Denner AG,supermarket,Bahnhofstrasse,19,6362,Stansstad,46.9765256,8.3369996,Mo-Fr 07:30-19:00; Sa 07:30-18:00; PH off,,Denner
node,8764230619,Denner,Denner,,supermarket,,,,,46.5544875,6.5684523,,,Denner
node,8769399225,Coop,Coop,Coop Genossenschaft,supermarket,Ziegelbrückstrasse,16,8867,Niederurnen,47.1271859,9.0553323,Mo-Fr 07:30-20:00; Sa 07:30-18:00,https://www.coop.ch/,Coop
node,8778227061,Denner,Denner,,supermarket,Oedenhof 1c,,9300,Wittenbach,47.4602935,9.3888845,"Mo-We,Fr 08:00-19:00; Th 08:00-20:00; Sa 07:30-17:00",,Denner
node,8822258492,Migros,Migros,Genossenschaft Migros Ostschweiz,supermarket,,,,,47.4456113,8.6423994,Mo-Fr 07:30-20:00; Sa 08:00-19:00; Su off,https://filialen.migros.ch/de/migros-supermarkt-nuerensdorf,Migros
node,8825552293,Coop,Coop,,supermarket,Hauptstrasse,17,,,47.1744978,7.3364371,Mo-Fr 07:00-19:00; Sa 07:00-17:00; PH off,,Coop
node,8852408353,Migros,Migros,Migros,supermarket,,,,,46.5855313,6.6401405,Mo-Fr 07:30-19:30; Sa 07:30-18:00,,Migros
node,8868545060,Migros,Migros,,supermarket,,,,,46.6106233,7.063528,Mo-Th 07:30-19:00; Fr 07:30-20:00; Sa 07:30-16:00; Su off,https://filialen.migros.ch/de/migros-supermarkt-la-tour-de-treme-tivoli,Migros
node,8868545061,Denner,Denner,,supermarket,,,,,46.6105551,7.0636487,,,Denner
node,8879699918,Lidl,Lidl,,supermarket,,,,,46.5118997,6.495625,Mo-Sa 07:00-21:00; Su 08:00-21:00; PH off,,Lidl
node,8882968610,Denner Express,,,supermarket,Kleinhüningerstrasse,193,4057,Basel,47.5804436,7.5911232,Mo-Fr 08:00-19:00; Sa 07:30-18:00,https://www.denner.ch/de/filialen/denner-filiale-und-oeffnungszeiten/store/kleinhueningerstrasse-193-4057-basel/,Denner
node,8909514018,Lidl,Lidl,,supermarket,Rebgasse,20,4058,Basel,47.5605996,7.5942134,Mo-Fr 07:00-20:00; Sa 07:00-18:00,https://www.lidl.ch/s/de-CH/filialfinder/basel-bs/rebgasse-20/,Lidl
node,8911207632,Denner,Denner,Denner,supermarket,Route du Vignoble,25,2015,Areuse,46.9549344,6.8479241,,,Denner
node,8919699600,Denner,Denner,,supermarket,,,,,47.3010409,8.8429062,Mo-Fr 08:00-20:00; Sa 08:00-19:00,,Denner
node,8922195923,Migros,Migros,Genossenschaft Migros Ostschweiz,supermarket,,,,,46.5309019,9.8740293,Mo-Fr 08:00-20:00; Sa 08:00-18:00; Su off,https://filialen.migros.ch/de/migros-supermarkt-samedan,Migros
node,8931222236,Denner,Denner,,supermarket,,,,,46.7875658,7.0784298,,,Denner
node,8942549225,Coop,Coop,,supermarket,,,,,47.3369463,8.5767731,"Mo-Fr 07:00-21:00, Sa 07:00-20:00",,Coop
node,8945062569,Migros,Migros,,supermarket,Rue Louis-d'Affry,2,1701,Fribourg,46.8035454,7.150201,Mo-Sa 06:00-21:00; Su 07:00-19:00,https://filialen.migros.ch/fr/supermarche-migros-fribourg-gare,Migros
node,8946887674,Lidl,Lidl,,supermarket,Holzackerstrasse,2,,,47.1903224,7.5521466,Mo-Th 07:30-18:30; Fr 07:30-21:00; Sa 07:30-18:00,,Lidl
node,8959998269,Migros,Migros,Genossenschaft Migros Aare,supermarket,Bethlehemstrasse,40,3027,Bern,46.9468066,7.39506,"Mo-Fr 08:00-19:00, Sa 08:00-17:00; PH off; Jul 31 08:00-17:00; Aug 01 off",https://filialen.migros.ch/de/migros-supermarkt-bern-westfluegel,Migros
node,8975053546,Denner,Denner,,supermarket,Avenue des Découvertes,,1400,Yverdon-les-Bains,46.7657958,6.6423905,,,Denner
node,9006112579,Coop,Coop,,supermarket,Rue de Montsalvens,17,1636,Broc,46.6027851,7.1018072,Mo-Th 07:30-19:00; Fr 07:30-20:00; Sa 07:30-16:00,,Coop
node,9006432484,Denner,Denner,,supermarket,,,,,47.5620557,7.5931936,Mo-Fr 08:00-20:00; Sa 08:00-18:00,,Denner
node,9008624814,Coop,,Coop Genossenschaft,supermarket,,,,,46.7179072,7.7140558,Mo-Fr 07:30-18:30; Sa 07:30-17:00; PH closed,,Coop
node,9013364717,Denner Express,Denner,,supermarket,,,,,47.4683416,7.5973956,"Mo-Sa 07:30-20:00; Su,PH 09:00-18:00",https://www.denner.ch/de/filialen/denner-filiale-und-oeffnungszeiten/store/hauptstrasse-84-4147-aesch-bl/,Denner
node,9017325817,Lidl,Lidl,Lidl Schweiz AG,supermarket,Route des Acacias,43,1227,Les Acacias,46.1898304,6.1306913,"Mo-We, Fr 07:30-19:00; Th 07:30-21:00; Sa 07:30-18:00",https://www.lidl.ch/s/fr-CH/recherche-filiale/geneve/route-des-acacias-43/,Lidl
node,9019298862,Lidl,Lidl,,supermarket,,,,,47.1551854,9.0384722,Mo-Th 07:30-19:00; Fr 07:30-20:00; Sa 07:30-17:00,https://lidl.ch,Lidl
node,9027713618,Coop,Coop,,supermarket,,,,,47.479409,9.4698251,Mo-Th 07:30-19:00; Fr 07:30-20:00; Sa 07:30-17:00,https://www.coop.ch/de/standorte/coop-supermarkt-goldach/2435_POS?lat=47.4763286&long=9.4665609,Coop
node,9028829933,Denner,Denner,,supermarket,Rue de Savoie,63,1950,Sion,46.2252165,7.326543,Mo-Th 07:30-18:30; Fr 07:30-20:00; Sa 07:30-17:00,https://www.denner.ch/,Denner
node,9028882156,Coop,Coop,,supermarket,,,,,47.2235039,6.9562212,Mo-Fr 07:30-18:30; Sa 07:30-17:00,,Coop
node,9034117744,Coop,,,supermarket,Route Cantonale,18,,,46.223606,7.3048836,Mo-Fr 08:30-18:30; Fr 08:30-20:00; Sa 08:00-17:00,,Coop
node,9037951213,Migros,Migros,,supermarket,Route des Rottes,15,1964,Conthey,46.2233965,7.3016451,Mo-Th 08:00-18:30; Fr 08:00-21:00; Sa 08:00-17:00,,Migros
node,9040336565,Migros,Migros,,supermarket,Ziegeleiplatz,2,8406,Winterthur,47.4773426,8.6992966,Mo-Fr 07:30-20:00; Sa 08:00-19:00,,Migros
node,9040336566,Denner,Denner,,supermarket,Ziegeleiplatz,2,8406,Winterthur,47.4774267,8.6993803,Mo-Fr 07:30-20:00; Sa 08:00-18:00,,Denner
node,9040799789,Migros,Migros,Coopérative Migros Valais,supermarket,Avenue de France,14-20,1950,Sion,46.2287926,7.3555512,"Mo-Th 08:00-18:30; Fr 08:00-20:00; Sa 08:00-17:00; Su, PH off",https://filialen.migros.ch/fr/supermarche-migros-sion-metropole,Migros
node,9053496295,Lidl,Lidl,,supermarket,,,,,47.2466666,7.9603203,,,Lidl
node,9056954858,Denner,Denner,,supermarket,Rue Daniel-Jean Richard,23,2300,La Chaux-de-Fonds,47.0999003,6.8272492,Mo-Fr 08:00-19:00; Sa 08:00-18:00,,Denner
node,9073397211,Denner,Denner,,supermarket,,,,,46.673518,7.8684081,Mo-Fr 08:00-20:00; Sa 08:00-18:00; Su 10:00-18:00,,Denner
node,9073397213,Migros,Migros,,supermarket,,,,,46.6733163,7.8676262,Mo-Fr 08:00-20:00; Sa 08:00-18:00; Su 10:00-18:00,,Migros
node,9082635074,Lidl,Lidl,,supermarket,,,,,46.9475549,7.4410773,"Mo-Su,PH 06:00-22:00",,Lidl
node,9098959855,Denner,Denner,,supermarket,,,,,46.2668276,6.9546888,,,Denner
node,9105843783,Migros,Migros,,supermarket,,,,,46.9563009,7.4824193,"Mo-Fr 06:00-20:00; Sa 07:30-17:00; Su,PH closed",https://filialen.migros.ch/de/migros-supermarkt-ostermundigen-post,Migros
node,9107684535,Denner,Denner,,supermarket,,,,,47.2126674,7.6191926,,,Denner
node,9108173452,Coop,Coop,,supermarket,Route Nord,1,1972,Anzère,46.2965708,7.3966845,Mo-Su 08:00-19:00,https://www.coop.ch/fr/entreprise/adresses-et-horaires/detail.html/1432/coop-supermarche-anzere.html,Coop
node,9108360403,Denner,Denner,,supermarket,,,,,46.7769345,6.6516836,Mo-Fr 07:30-18:30; Sa 07:30-18:00,,Denner
node,9110247063,Migros Outlet,Migros,,supermarket,Route du Manège,2,1950,Sion,46.2280572,7.3784558,"Mo-Fr 09:00-18:30; Sa 08:00-17:00; Su, PH off",,Migros
node,9110247064,Migros,Migros,,supermarket,Avenue Grand-Champsec,30,1950,Sion,46.2316159,7.3837475,"Mo-Th 07:30-18:30; Fr 07:30-20:00; Sa 07:30-17:00; Su, PH off",,Migros
node,9124792210,Migros,Migros,,supermarket,Rue de la Charrière,71,2300,La Chaux-de-Fonds,47.1121596,6.8347664,"Mo-We,Fr 07:30-19:00; Th 07:30-20:00; Sa 07:30-18:00","https://filialen.migros.ch/de/center:46.8182,8.2275/zoom:7/",Migros
node,9124792211,Denner,Denner,,supermarket,Rue de la Charrière,65,2300,La Chaux-de-Fonds,47.1119253,6.8343372,Mo-Fr 07:30-19:00; Th 07:30-20:00; Sa 07:30-18:00,https://www.denner.ch/fr,Denner
node,9128092429,ALDI,ALDI,,supermarket,Rue Théodore Stéphani,5,,,46.312361,7.4810548,Mo-Sa 07:30-19:00,https://www.aldi-suisse.ch/,Aldi
node,9128095657,ALDI,ALDI,,supermarket,Avenue de la Gare,26,,,46.2534222,6.9504816,Mo-Th 08:00-18:30; Fr 08:00-20:00; Sa 08:00-17:00,https://www.aldi-suisse.ch/,Aldi
node,9128136977,Aldi,Aldi,,supermarket,Rue des Terreaux,25,,,46.522349,6.6278568,Mo-Fr 08:00-19:00; Sa 08:00-18:00,https://www.aldi-suisse.ch/,Aldi
node,9135812228,Lidl,Lidl,,supermarket,,,,,46.8153818,7.1265864,Mo-Th 07:30-19:00; Fr 07:30-21:00; Sa 07:30-16:00,https://www.lidl.ch,Lidl
node,9137127450,Migros,Migros,,supermarket,Chemin Neuf,2,1955,Chamoson,46.2018237,7.2230699,"Mo-Fr 08:00-12:00,14:00-18:00; Sa 08:00-17:00",https://www.migros.ch/,Migros
node,9138298011,Lidl,Lidl,,supermarket,Route des Rottes,38,1964,Conthey,46.2228589,7.3045263,Mo-Th 07:30-18:30; Fr 07:30-21:00; Sa 07:30-17:00,https://www.lidl.ch/,Lidl
node,9138367829,Aldi,Aldi,,supermarket,Route cantonale,24,,,46.2240554,7.306458,Mo-Th 08:00-18:30; Fr 08:00-20:00; Sa 08:00-17:00,,Aldi
node,9142461925,Denner,Denner,,supermarket,,,,,46.2244745,9.0437421,,,Denner
node,9149897062,Migros,Migros,,supermarket,,,,,46.3356653,8.0157903,"Mo-Fr 08:00-12:00,13:30-18:30; Sa 08:00-16:00",,Migros
node,9168431333,Coop,,,supermarket,,,,,47.2604089,7.9466348,,,Coop
node,9176645019,Coop,Coop,,supermarket,Büchelistrasse,10,4410,Liestal,47.483589,7.7365682,Mo-Sa 08:00-19:00,https://www.coop.ch/de/standorte/coop-supermarkt-liestal-buecheli-center/5878_POS,Coop
node,9176959925,Denner,Denner,,supermarket,,,,,47.4708677,9.4833952,,,Denner
node,9179980966,Migros,Migros,,supermarket,Dorfstrasse,21,3661,Uetendorf,46.7743459,7.573237,Mo-Th 08:00-19:00; Fr 08:00-20:00; Sa 07:30-17:00; Su off,https://filialen.migros.ch/de/migros-supermarkt-uetendorf,Migros
node,9197869540,Migros,Migros,,supermarket,Route de la Conversion,,1093,La Conversion,46.5133549,6.6769123,Mo-Th 07:30-19:00; Fr 07:30-20:00; Sa 08:00-18:00,,Migros
node,9210644715,ALDI,ALDI,,supermarket,,,,,47.0414553,9.0707943,Mo-Sa 07:30-20:00,,Aldi
node,9214554950,Denner Express,Denner,,supermarket,,,,,47.4302283,8.5599306,Mo-Fr 07:30-20:00; Sa 08:00-20:00,,Denner
node,9219784389,Coop,Coop,Coop,supermarket,,,,,46.1656609,6.1031067,Mo-Fr 07:30-19:00,,Coop
node,9238986216,Lidl,Lidl,,supermarket,Obere Bahnhofstrasse,58,8640,Rapperswil SG,47.2283683,8.8201853,Mo-Fr 07:30-20:00; Sa 07:30-18:00,,Lidl
node,9245621475,Migros,Migros,Genossenschaft Migros Ostschweiz,supermarket,,,,,47.4372258,9.1354392,"Mo-Th 08:00-19:00, Fr 08:00-20:00, Sa 08:00-17:00; PH off",https://filialen.migros.ch/de/migros-supermarkt-uzwil-birkenhof,Migros
node,9260639666,Aldi,Aldi,,supermarket,,,,,46.7983446,7.1210543,Mo-Th 08:00-19:00; Fr 08:00-21:00; Sa 08:00-16:00,https://www.aldi-suisse.ch,Aldi
node,9264427638,ALDI,ALDI,,supermarket,,,,,46.9481174,7.4418654,"Mo-We,Fr 08:00-20:00; Th 08:00-21:00; Sa 07:30-17:00",https://www.aldi-suisse.ch/,Aldi
node,9272941755,Coop,Coop,,supermarket,Route de Savièse,43,1965,Savièse,46.2423838,7.3397305,Mo-Th 07:30-18:30; Fr 07:30-19:30; Sa 07:30-17:00,,Coop
node,9280034075,Denner,Denner,,supermarket,Rue du Village,16,1908,Riddes,46.1724671,7.222089,"Mo-Th 07:30-12:15,13:30-18:30; Fr 07:30-12:15,13:30-19:00; Sa 07:30-17:00; Su 07:30-12:15,13:30-18:30",,Denner
node,9299600732,Migros,Migros,,supermarket,Rue de Gottefrey,38,1907,Saxon,46.1486723,7.1728465,Mo-Fr 07:00-18:30; Sa 07:00-17:00,https://www.migros.ch/,Migros
node,9308473847,Lidl,Lidl,,supermarket,Im Majorenacker,16,,Schaffhausen,47.7169665,8.6615375,"Mo,Th 07:30-20:00; Tu-We,Fr 08:00-20:00; Sa 07:30-18:00; Su off",https://www.lidl.ch/s/de-CH/filialfinder/schaffhausen/im-majorenacker-16/,Lidl
node,9310797413,Denner,Denner,,supermarket,Weidstrasse,4,9535,Wilen bei Wil,47.4537232,9.0394738,Mo-Fr 07:30-20:00; Sa 07:30-18:00,https://www.denner.ch/,Denner
node,9311058815,Denner,Denner,,supermarket,,,,,47.412213,9.0683506,Mo-Fr 08:00-18:30; Sa 08:00-17:00,,Denner
node,9342792098,Lidl,Lidl,,supermarket,Route de Sion,81;83,3960,Sierre,46.2846196,7.5164486,Mo-Th 07:30-18:30; Fr 07:30-21:00; Sa 07:30-17:00,https://www.lidl.ch/,Lidl
node,9344765365,Denner,Denner,,supermarket,St. Gallerstrasse,18,8353,Elgg,47.4980789,8.862151,,,Denner
node,9368225135,Coop,Coop,,supermarket,,,,,47.0497012,7.5058247,"Mo-Th 08:00-19:00; Fr 08:00-20:00; Sa 07:30-17:00; Su,PH closed",,Coop
node,9372989781,Denner,Denner,,supermarket,Gewerbestrasse,1,4512,Bellach,47.2110938,7.5019861,,,Denner
node,9373000957,Coop,Coop,,supermarket,Dorfstrasse,15,4512,Bellach,47.2125136,7.4967513,Mo-Th 08:00-18:30; Fr 08:00-20:00; Sa 07:30-18:00; PH off,,Coop
node,9377380277,Coop,Coop,Coop,supermarket,,,,,46.6087517,6.5264327,,,Coop
node,9386387162,Denner,Denner,,supermarket,,,,,46.8765048,7.6212257,,,Denner
node,9405757651,Coop,Coop,,supermarket,Route d'Ayent,19,1971,Grimisuat,46.2615778,7.3875993,,,Coop
node,9421298869,Denner,Denner,,supermarket,,,,,46.903248,6.5889927,,,Denner
node,9424019831,Migros,Migros,,supermarket,Rue du Léman,9,1815,Clarens,46.4406577,6.8933361,Mo-Th 08:00-19:00; Fr 08:00-20:00; Sa 08:00-17:00,,Migros
node,9429565329,Coop,Coop,,supermarket,,,,,47.4883389,8.2919741,,,Coop
node,9429565330,Denner,Denner,,supermarket,,,,,47.4885422,8.292549,,,Denner
node,9438887370,Coop,Coop,,supermarket,Schoriederstrasse,1,6055,Alpnach Dorf,46.937714,8.2695824,,,Coop
node,9439014978,Denner,Denner,Denner AG,supermarket,Grossmatte,8,6260,Reiden,47.2402226,7.9699868,,,Denner
node,9439044298,Denner,Denner,Denner AG,supermarket,Egolzwilerstrasse,5a,6244,Nebikon,47.1931033,7.9784586,Mo-Fr 07:00-18:30; Sa 07:00-16:00; PH off,,Denner
node,9439075211,Denner,Denner,Denner AG,supermarket,Luzernerstrasse,11,6247,Schötz,47.1698895,7.9910333,"Mo-Fr 08:00-12:15,13:30-18:30; Sa 08:00-16:00; Su,PH off",,Denner
node,9441389226,Denner,Denner,Denner AG,supermarket,Dorfstrasse,3,6242,Wauwil,47.1850172,8.0200099,Mo-Fr 06:00-19:00; Sa 06:00-17:00; PH off,https://www.denner.ch/de/filialen/denner-filiale-und-oeffnungszeiten/store/dorfstrasse-3-5-6242-wauwil/,Denner
node,9441619343,Denner,Denner,,supermarket,Bahnhofstrasse,24,6234,Triengen,47.2347773,8.0740741,,,Denner
node,9441621558,Aldi,ALDI,Aldi Suisse,supermarket,Umfahrungsstrass,1,6210,Sursee,47.1704851,8.0953158,"Mo-We, Fr 08:00-19:00; Th 08:00-21:00; Sa 07:30-17:00",https://www.aldi-suisse.ch/,Aldi
node,9494808348,Migros,Migros,,supermarket,,,,,47.1725649,8.9688639,"Mo-Fr 07:30-20:00, Sa 07:30-18:00",,Migros
node,9542596709,Coop,Coop,,supermarket,,,,,46.3568491,8.0471215,"Mo-Fr 08:00-12:00, 14:00-18:30; Sa 08:00-12:00, 14:00-17:00",https://www.coop.ch/de/standorte/coop-supermarkt-moerel-filet/2223_POS,Coop
node,9580615500,Coop,,Coop,supermarket,Haltenstrasse,3,,,47.174262,7.5990947,Mo-Fr 07:00-18:30; Sa 07:00-18:00; PH off,,Coop
node,9591901485,Denner,Denner,,supermarket,,,,,47.4200829,7.5019171,,,Denner
node,9613002473,Lidl,Lidl,,supermarket,Frauenfelderstrasse,20c,9542,Münchwilen TG,47.4817122,8.992254,"Mo-We,Fr,Sa 07:30-20:00; Th 07:30-21:00",,Lidl
node,9642593588,Coop,Coop,,supermarket,Hauptstrasse,139b,3855,Brienz BE,46.7546842,8.0372244,Mo-Th 08:00-19:00; Fr 08:00-20:00; Sa 08:00-18:00,,Coop
node,9673788630,Aldi,ALDI,Aldi Suisse,supermarket,Zürichstrasse,1,8610,Uster,47.348567,8.7167858,Mo-Sa 08:00-20:00; PH off,https://www.aldi-suisse.ch/,Aldi
node,9757769138,Denner,Denner,,supermarket,,,,,46.793674,7.1332228,,,Denner
node,9767386261,Denner,Denner,,supermarket,Pappelweg,5,3945,Gampel,46.3100696,7.7441303,Mo-Fr 07:30-18:30; Su off; Sa 07:30-17:00,https://www.denner.ch/de/filialen/denner-filiale-und-oeffnungszeiten/store/pappelweg-5-3945-gampel/,Denner
node,9775399405,Denner,Denner,,supermarket,,,,,45.9051253,8.9726803,Mo-Fr 08:00-19:00; Sa 08:00-18:30,,Denner
node,9782055770,Denner,Denner,,supermarket,,,,,46.5855429,6.6399302,,,Denner
node,9790533724,Denner,Denner,,supermarket,,,,,47.5802992,8.5133436,,,Denner
node,9835630383,Denner,Denner,,supermarket,,,,,46.5555533,7.3730592,,,Denner
node,9846024879,Aldi,ALDI,Aldi Suisse,supermarket,,,,,47.4489611,8.5827742,Mo-Sa 07:30-20:00; PH off,https://www.aldi-suisse.ch/,Aldi
node,9856718976,Aldi,Aldi,,supermarket,,,,,46.0150323,8.9411862,"Mo-We,Fr 07:30-19:00; Th 07:30-21:00; Sa 07:30-18:30",,Aldi
node,9861379435,Coop,Coop,,supermarket,Avenue Léopold-Robert,151,2300,La Chaux-de-Fonds,47.0945184,6.8167917,Mo-We 08:00-19:00; Th 08:00-20:00; Fr 08:00-19:00; Sa 08:00-18:00,,Coop
node,9895305607,Coop,Coop,Coop Genossenschaft,supermarket,Hellbühlerstrasse,8,6017,Ruswil,47.0826359,8.1270954,Mo-Th 08:00-19:00; Fr 08:00-20:00; Sa 07:30-17:00,,Coop
node,9912766560,Denner,Denner,,supermarket,Rue de Praz-Palud,2,1040,Echallens,46.6390933,6.6358519,Lu-Ve 07:30-19:00; Sa 07:30-18:00,https://www.denner.ch/fr/succursales/store/praz-palud-center-rte-de-praz-palud-2-1040-echallens/,Denner
node,9922162065,Denner,Denner,,supermarket,,,,,46.6998473,10.0922664,"Mo-Fr 07:00-12:15,13:30-18:30; Sa 07:00-12:15,13:30-17:00; PH off",,Denner
node,9947587529,Lidl,Lidl,,supermarket,,,,,47.0010596,8.6113208,"Mo-Th, Sa 07:30-20:00; Fr 07:30-21:00",,Lidl
node,9950684589,Coop,Coop,,supermarket,,,,,47.386289,9.278682,Mo-Th 07:30-19:00; Fr 07:30-20:00; Sa 07:30-18:00,,Coop
node,9978766657,Denner,Denner,,supermarket,,,,,47.4245238,7.1267366,"Mo-Fr 09:00-19:00; Sa,Su 09:00-17:00; PH off",,Denner
node,9985258254,ALDI,ALDI,Aldi Suisse,supermarket,Guggenbühlstrasse,6,8404,Winterthur,47.5108858,8.7596576,Mo-Sa 07:30-20:00,,Aldi
node,9992784518,Coop,Coop,Coop Genossenschaft,supermarket,Glasiweg,2,6242,Wauwil,47.1841643,8.0192818,,,Coop
node,10002645747,Denner Satellit,Denner,,supermarket,,,,,47.2523711,7.6497445,"Mo-Fr 07:00-12:00,13:30-18:30; Sa 07:00-17:00; PH closed",,Denner
node,10011071437,Denner,Denner,,supermarket,Boulevard des Sports,20,,,47.1551983,7.2809932,"Mo-We 09:00-19:00, Th-Fr 09:00-20:00, Sa 08:00-17:00; PH off",,Denner
node,10031246842,Denner Satellite,,,supermarket,,,,,46.4016067,8.8775098,,,Denner
node,10039185638,Denner,Denner,,supermarket,,,,,47.4142481,8.5423108,Mo-Sa 07:30-20:00,,Denner
node,10055632573,Denner,Denner,,supermarket,Route de Praz-Riond,20,1847,Rennaz,46.3834002,6.9207553,,,Denner
node,10056797558,ALDI,ALDI,,supermarket,,,,,47.4701033,9.1102303,,,Aldi
node,10068693944,Coop,Coop,Coop Société Coopérative,supermarket,Chemin des Palettes,15,1212,Grand-Lancy,46.1757982,6.120662,Mo-We 07:30-19:00; Th 07:30-20:00; Fr 07:30-19:30; Sa 07:30-18:00,https://www.coop.ch/fr/entreprise/adresses-et-horaires/detail.html/1297/coop-supermarche-grand-lancy-palettes.html,Coop
node,10073095221,Lidl,Lidl,,supermarket,Chemin de l'Esparcette,5,1023,Crissier,46.5538036,6.5732414,,,Lidl
node,10075353117,Denner,Denner,,supermarket,,,,,46.7788518,9.2223303,"Mo-Fr 08:00-20:00; Sa 08:00-17:00; Su,PH off",,Denner
node,10091956644,Coop,Coop,,supermarket,,,,,47.4082535,9.3051344,,,Coop
node,10108195140,Coop,Coop,,supermarket,Landquartstrasse,86,9320,Arbon,47.500686,9.4231725,,,Coop
node,10121859748,Denner,Denner,Denner,supermarket,Zone Industrielle Le Trési,1,1028,Préverenges,46.5224791,6.5291632,"Mo-Th 08:00-19:00; Fr 08:00-20:00; Sa 08:00-18:00; PH,Su off",,Denner
node,10126922390,Lidl,Lidl,LIDL Schweiz DL AG,supermarket,,,,,46.9430167,7.4052073,Mo-Th 06:00-20:00; Fr 06:00-22:00; Sa 06:00-17:00,,Lidl
node,10157011511,Migros,Migros,,supermarket,,,,,46.5376325,6.6336077,Mo-Fr 07:30-19:00; Sa 07:30-18:00,,Migros
node,10166946863,Denner,Denner,Denner AG,supermarket,Johann-Georg-Müllerstrasse,2,9500,Wil SG,47.4652296,9.0444226,,https://www.denner.ch,Denner
node,10177846013,Denner,Denner,,supermarket,Gartenstrasse,2,9100,Herisau,47.3862897,9.2839541,Mo-Th 07:30-19:00; Fr 07:30-20:00; Sa 07:30-18:00; Su off,https://www.denner.ch/de/filialen/denner-filiale-und-oeffnungszeiten/store/gartenstrasse-2-9100-herisau/,Denner
node,10177846016,Migros,Migros,,supermarket,,,,,47.3860409,9.2836242,Mo-Th 07:30-19:00; Fr 07:30-20:00; Sa 07:30-18:00,,Migros
node,10201626745,Migros,Migros,Migros,supermarket,Avenue de Feuillasse,24,1217,,46.2319967,6.0828437,Mo-We 08:30-19:00; Th-Fr 08:30-19:30; Sa 08:00-18:00,,Migros
node,10201681880,Denner,Denner,Denner,supermarket,Route de la Maladière,6,1022,Chavannes-près-Renens,46.5282355,6.5678281,Mo-Fr 08:00-19:00; Sa 08:00-18:00,https://www.denner.ch/,Denner
node,10212561008,Migros,Migros,,supermarket,Maihölzli,5,6331,,47.1749786,8.4276499,Mo-Fr 07:30-19:00; Sa 07:30-17:00; PH off,https://filialen.migros.ch/de/migros-supermarkt-huenenberg-dorf,Migros
node,10245408227,Denner,Denner,Migros,supermarket,Chemin de la Colline,4,1007,Lausanne,46.5214986,6.6128069,Mo-Fr 07:30-19:00; Sa 07:30-18:00,https://www.denner.ch/,Migros
node,10251467163,Migros Partner,,,supermarket,,,,,47.4994688,7.5537617,,,Migros
node,10253072320,Denner,Denner,,supermarket,,,,,46.8210829,6.9361314,,,Denner
node,10253712057,Denner,Denner,,supermarket,Hauptstrasse,11,5502,Hunzenschwil,47.3863448,8.1249064,Mo-Sa 07:00-20:00; Su off,,Denner
node,10272242701,Denner,Denner,,supermarket,,,,,47.0296794,8.6295711,Mo-Th 06:30-19:00; Fr 06:30-20:00; Sa 07:00-17:00,,Denner
node,10287154146,Denner,Denner,,supermarket,,,,,46.6002548,7.0755046,,,Denner
node,10296785404,Denner,Denner,,supermarket,,,,,46.9301884,7.1232158,,,Denner
node,10301038396,Migros,Migros,Genossenschaft Migros-Aare,supermarket,Thunstrasse,110,3006,Bern,46.9413577,7.4658141,Mo-Fr 08:00-20:00; Sa 08:00-17:00,https://www.migros.ch/,Migros
node,10314410558,Migros,Migros,Genossenschaft Migros Ostschweiz,supermarket,Hofstrasse,47,8620,Wetzikon ZH,47.3142708,8.7949454,Mo-Fr 08:00-20:00; Sa 08:00-19:00,https://filialen.migros.ch/de/migros-supermarkt-unterwetzikon,Migros
node,10554051370,Denner,Denner,,supermarket,,,,,46.4739979,6.4257775,,,Denner
node,10555285945,Denner,Denner,Denner AG,supermarket,Zentralstrasse,16,6030,Ebikon,47.0813155,8.3409309,,,Denner
node,10555634728,Denner,Denner,Denner AG,supermarket,Bahnhofstrasse,28,6210,Sursee,47.1728579,8.1028476,,,Denner
node,10558421680,Coop,Coop,Coop Genossenschaft,supermarket,Bahnhofstrasse,26,6210,Sursee,47.1731701,8.1035732,,,Coop
node,10558595349,ALDI,ALDI,Aldi Suisse AG,supermarket,Hobacherweg,2,6010,Kriens,47.0342549,8.273009,,,Aldi
node,10573638096,Lidl,Lidl,,supermarket,,,,,46.1696213,8.788144,"Mo-We,Fr 07:30-19:00; Th 07:30-21:00; Sa 07:30-18:30",,Lidl
node,10576450246,Coop,Coop,Coop Genossenschaft,supermarket,Am Dorfplatz,5,6045,Meggen,47.0468259,8.3739435,,,Coop
node,10584145622,Coop,Coop,Coop Genossenschaft,supermarket,Neumattstrasse,1,4226,Breitenbach,47.4065465,7.5413247,,https://www.coop.ch/de/unternehmen/standorte-und-oeffnungszeiten/detail.html/5328/coop-supermarkt-breitenbach.html,Coop
node,10605988066,Coop,,,supermarket,Rue de l'Étang,5,2300,La Chaux-de-Fonds,47.1086447,6.839545,Mo-Fr 07:30-19:00; Sa 07:30-18:00,,Coop
node,10652502609,Denner,Denner,,supermarket,,,,,47.5570593,7.801652,mo - su,,Denner
node,10665762596,Aldi,Aldi,,supermarket,,,,,46.9673334,8.3542186,"Mo-Fr 08:00-20:00; Sa 08:00-18:00; Su,PH off",,Aldi
node,10683276629,Migros,Migros,,supermarket,,,,,47.4975079,9.4525797,Mo-Fr 07:30-20:00; Sa 07:30-18:00; Su off,https://filialen.migros.ch/de/migros-supermarkt-horn,Migros
node,10688984431,ALDI,ALDI,Aldi Suisse,supermarket,Wespenstrasse,16,8500,Frauenfeld,47.5635444,8.8798718,,,Aldi
node,10693513656,Lidl,Lidl,,supermarket,,,,,46.1785364,8.819971,,,Lidl
node,10705417337,Coop,Coop,Coop Genossenschaft,supermarket,,,,,47.4971153,9.4557664,,,Coop
node,10711459945,Coop,Coop,Coop Genossenschaft,supermarket,Birmensdorferstrasse,310,8055,Zürich,47.3699617,8.5091748,Mo-Sa 07:00-21:00; PH off,,Coop
node,10719978910,Lidl,Lidl,,supermarket,,,,,46.8045841,7.152719,Mo-Th 06:30-19:00; Fr 06:30-21:00; Sa 06:30-16:00,,Lidl
node,10721637133,Denner,Denner,,supermarket,,,,,47.5401803,7.5984427,Mo-Fr 08:00-20:00; Sa 07:30-18:00,,Denner
node,10748952127,Denner,Denner,,supermarket,,,,,47.3980304,8.6214014,Mo-Sa 08:00-20:00,,Denner
node,10787280885,Migros,Migros,Genossenschaft Migros Wallis,supermarket,Kantonsstrasse,58,3902,Brig-Glis,46.309569,7.9700205,Mo-Th 08:00-18:30; Fr 08:00-20:00; Sa 08:00-17:00; Su off,https://filialen.migros.ch/de/migros-supermarkt-glis-simplon,Migros
node,10787882859,Migros,Migros,Coopérative Migros Neuchâtel-Fribourg,supermarket,Rue du Château-d'En-Bas,2,1630,Bulle,46.6237528,7.0573013,"Mo-Th 08:00-19:00, Fr 08:00-21:00, Sa 08:00-16:00; PH off",,Migros
node,10788122180,Migros,Migros,Coopérative Migros Neuchâtel-Fribourg,supermarket,,,,,47.0107239,7.0068448,Mo-Fr 08:00-19:00; Th 08:00-20:00; Sa 08:00-18:00; PH off,,Migros
node,10799233347,Denner,Denner,,supermarket,,,,,47.4366122,7.5226565,,,Denner
node,10814018168,Migros,Migros,Genossenschaft Migros Zürich,supermarket,Zürcherstrasse,15,8903,Birmensdorf ZH,47.3542123,8.4367367,"Mo-Fr 08:00-20:00, Sa 08:00-18:00; PH off",https://filialen.migros.ch/de/migros-supermarkt-birmensdorf,Migros
node,10814018169,Coop,Coop,,supermarket,Zürcherstrasse,9,8903,Birmensdorf ZH,47.3538566,8.4367165,Mo-Sa 07:30-20:00,,Coop
node,10814748900,Coop,Coop,,supermarket,,,,,47.451402,9.6353965,,,Coop
node,10820212393,Denner,Denner,,supermarket,,,,,46.1651979,8.7960803,"Mo-We,Fr 07:30-19:00; Th 07:30-21:00; Sa 07:30-18:30; Su 08:00-17:00",,Denner
node,10896892556,Denner,Denner,,supermarket,Hauptstrasse,13,4552,Derendingen,47.1981461,7.5837448,"Mo-We 07:30-18:30; Th 10:00-12:00; Fr 07:30-20:00; Su,PH 10:00-12:00",,Denner
node,10979212123,Denner Express,Denner,Denner SA,supermarket,Rue de la Servette,59,,Genève,46.2116064,6.1336732,Mo-We 07:30-19:00; Th 07:30-20:00; Fr 07:30-19:30; Sa 07:30-18:00,https://www.denner.ch/fr/succursales/1202-geneve~s1145956,Denner
node,10982669725,Aldi,ALDI,Aldi Suisse,supermarket,Grenzweg,3,5612,Villmergen,47.3497819,8.25869,Mo-Sa 07:30-20:00; PH off,https://www.aldi-suisse.ch/,Aldi
node,10994106920,Denner,Denner,Denner AG,supermarket,,,,,47.1300087,7.9990306,Mo-Th 08:00-19:00; Fr 08:00-21:00; Sa 08:00-17:00; PH off,,Denner
node,11007033208,Denner,Denner,,supermarket,,,,,47.6482637,9.1757093,Mo-Fr 07:30-19:00; Sa 07:30-18:00,,Denner
node,11010424549,Denner,Denner,,supermarket,,,,,47.3884996,8.6802077,,,Denner
node,11022930975,Coop,Coop,,supermarket,,,,,46.8529336,9.5296237,"Mo-Sa 06:00-20:00; Su,PH 08:00-20:00",https://www.coop.ch/de/standorte/coop-supermarkt-chur-steinbock/5650_POS,Coop
node,11025130806,Denner,Denner,,supermarket,Lyssachstrasse,27,3400,Burgdorf,47.0593006,7.6206969,Mo-We 08:00-19:00; Th 08:00-20:00; Fr 08:00-21:00; Sa 07:30-17:00; PH off,https://www.denner.ch/de/filialen/denner-filiale-und-oeffnungszeiten/store/einkaufszentrum-neumarkt-lyssachstrasse-27-3400-burgdorf/,Denner
node,11027013584,Migros,Migros,,supermarket,,,,,46.4950871,6.3902931,Mo-Fr 07:30-19:00; Sa 07:30-18:00; Su 08:00-12:30,https://filialen.migros.ch/de/migros-partner-aubonne,Migros
node,11032168432,Migros,,,supermarket,,,,,47.347435,8.2443166,Mo-Fr 08:00-20:00; Sa 07:30-20:00,,Migros
node,11034224837,Denner,Denner,,supermarket,Hardhofstrasse,9,8424,,47.5169582,8.5950009,Mo-Sa 07:30-21:00,,Denner
node,11055427937,Denner,Denner,,supermarket,,1,,,47.1342512,8.0456755,Mo-Fr 07:00-19:00; Sa 07:00-17:00; PH off,https://www.denner.ch/de/filialen/denner-filiale-und-oeffnungszeiten/store/am-heubaechli-1-6022-grosswangen/,Denner
node,11065606780,Coop,Coop,,supermarket,,,,,46.2274148,7.3587829,"Mo-Su,PH 05:00-23:00",,Coop
node,11083317088,Lidl,Lidl,,supermarket,,,,,46.862184,9.531169,,,Lidl
node,11096932868,Denner,Denner,,supermarket,Kantonsstrasse,58,3902,Brig-Glis,46.3091839,7.9692005,,,Denner
node,11098091830,Coop,Coop,,supermarket,Rue de Saint-Jean,49,,Genève,46.2051111,6.1301743,Mo-We 07:30-19:00; Th 07:30-20:00; Fr 07:00-19:30; Sa 07:30-18:00,https://www.coop.ch/fr/entreprise/adresses-et-horaires/detail.html/5073/coop-supermarche-geneve-st-jean-parc.html,Coop
node,11099817248,Coop Bären-Zentrum,,,supermarket,,,,,46.9286915,7.5618731,Mo-Th 08:00-19:00; Fr 08:00-20:00; Sa 07:30-17:00,,Coop
node,11103235832,Migros,Migros,,supermarket,,,,,46.1667424,8.7719704,Mo-Fr 07:30-19:00; Th 07:30-20:00; Sa 07:30-18:30,,Migros
node,11107594883,Aldi,ALDI,Aldi Suisse,supermarket,Dietlimoosplatz,1,8134,Adliswil,47.3222282,8.5297478,Mo-Sa 08:00-20:00; PH off,https://www.aldi-suisse.ch/,Aldi
node,11129298207,Coop,Coop,,supermarket,,,,,47.5375176,7.6085807,Mo-Fr 07:00-19:00; Sa 08:00-18:00; PH off,https://www.coop.ch/de/standorte/coop-supermarkt-basel-irene-zurkinden-platz/5795_POS,Coop
node,11171737432,Migros,Migros,Genossenschaft Migros Ostschweiz,supermarket,Winterthurerstrasse,27,8370,Sirnach,47.4635913,8.9917294,"Mo-Fr 08:00-20:00, Sa 08:00-19:00; PH off",https://filialen.migros.ch/de/migros-supermarkt-sirnach,Migros
node,11173646311,Denner,Denner,,supermarket,,,,,47.3025491,8.6906595,Mo-Sa 08:00-20:00,https://www.denner.ch,Denner
node,11201603415,Coop,Coop,Hullin Thomas,supermarket,,,,,46.4562478,7.4422882,Mo-Fr 08:00-18:30; Sa 08:00-17:00,,Coop
node,11222892637,Lidl,Lidl,,supermarket,,,,,46.5219828,6.6367625,Mo-Fr 07:30-19:00; Sa 07:30-18:00,,Lidl
node,11281841424,Aldi,Aldi,,supermarket,,,,,45.8769138,8.9846516,"Mo-We,Fr 07:30-19:00; Th 07:30-21:00; Sa 07:30-18:30",https://www.aldi-suisse.ch/,Aldi
node,11286474886,Lidl,Lidl,,supermarket,,,,,46.5277884,6.8964297,"Mo-Th, Sa 07:00-20:00; Fr 07:00-21:00",,Lidl
node,11288518676,Denner,Denner,,supermarket,,,,,46.5276572,6.8954068,"Mo-Th, Sa 07:00-20:00; Fr 07:00-21:00",,Denner
node,11291289827,Denner,Denner,,supermarket,Avenue de l'Étang,,,,46.2167307,6.1039763,,,Denner
node,11291291185,Lidl,Lidl,Lidl Schweiz AG,supermarket,Avenue de l'Etang,55,1219,Châtelaine,46.2164255,6.1043396,Mo-We 07:30-19:00; Th 07:30-21:00; Fr 07:30-19:30; Sa 07:30-18:00,https://www.lidl.ch/s/fr-CH/recherche-filiale/chatelaine/avenue-de-l-etang-55/,Lidl
node,11416840012,ALDI Suisse,ALDI,Aldi Suisse,supermarket,Mythenquai,353,8038,Zürich,47.3453556,8.5347971,"Mo-Sa 07:30-21:00; Su,PH off",https://www.aldi-suisse.ch/,Aldi
node,11434926154,Migros,Migros,,supermarket,,,,,47.0981206,9.3533746,Mo-Fr 07:30-20:00; Sa 07:30-18:00; Su off,https://filialen.migros.ch/de/migros-supermarkt-flums,Migros
node,11486206884,ALDI,ALDI,,supermarket,,,,,47.408125,9.305212,,,Aldi
node,11498587561,Denner,Denner,,supermarket,,,,,46.7741846,7.5730828,,,Denner
node,11530052939,Lidl,Lidl,,supermarket,,,,,47.082674,8.3432677,,,Lidl
node,11608337087,Lidl,Lidl,Lidl Schweiz,supermarket,,,,,46.8536344,9.5146746,Mo-Fr 07:30-20:00; Sa 07:30-18:00,,Lidl
node,11616102342,Coop,Coop,,supermarket,,,,,47.4453346,8.4382958,Mo-Sa 07:30-20:00,,Coop
node,11627334878,Migros,Migros,,supermarket,,,,,46.7824404,7.6096175,Mo-Th 07:30-19:00; Fr 07:30-20:00; Sa 07:30-17:00; Su off,https://filialen.migros.ch/de/migros-supermarkt-heimberg,Migros
node,11627334879,Denner,Denner,,supermarket,,,,,46.7823117,7.609566,,,Denner
node,11639139517,Denner,Denner,,supermarket,,,,,47.016142,7.493273,,,Denner
node,11660303036,Denner,Denner,,supermarket,Landstrasse,41,9606,Bütschwil-Ganterschwil,47.3629745,9.0730966,Sa 07:00-17:00; Mo-Fr 07:00-19:00,https://www.denner.ch/de/filialen/9606-buetschwil~s1145824,Denner
node,11701939939,Denner,Denner,,supermarket,,,,,47.1307959,8.3220461,Mo-Tu 08:00-19:00; We-Fr 08:00-20:00; Sa 08:00-17:00; PH off,https://www.denner.ch/de/filialen/denner-filiale-und-oeffnungszeiten/store/luzernstrasse-18-6274-eschenbach-lu/,Denner
node,11761117118,Coop,Coop,,supermarket,,,,,46.4710448,6.8800775,,,Coop
node,11763951294,ALDI,ALDI,Aldi Suisse,supermarket,,,,,47.5687059,8.9093111,Mo-Sa 07:30-20:00; PH off,,Aldi
node,11787991424,Denner,Denner,,supermarket,,,,,47.5078368,8.0223269,,,Denner
node,11804611004,Lidl,Lidl,,supermarket,Allmendstrasse,3,6048,Horw,47.019203,8.3073957,,,Lidl
node,11816257943,Aldi,ALDI,Aldi Suisse,supermarket,,,,,47.0708952,8.2840107,"Mo-Th 07:30-19:00, Fr 07:30-21:00, Sa 07:30-17:00; PH off",https://www.aldi-suisse.ch/,Aldi
node,11816339806,Coop,Coop,,supermarket,Grabenstrasse,6,8184,Bachenbülach,47.505985,8.5414889,Mo-Sa 08:00-21:00; PH off,https://www.coop.ch/,Coop
node,11842208757,Aldi,ALDI,,supermarket,,,,,47.1856994,8.4555761,Mo-Th 07:30-19:00; Fr 07:30-21:00; Sa 07:30-17:00; PH off,,Aldi
node,11865826487,Lidl,Lidl,Lidl,supermarket,Route de l'Ancienne Ferme 6,6,1680,Romont FR,46.6881451,6.9078764,Mo-Th 07:30-19:00; Fr 07:30-21:00; Sa 07:30-16:00,,Lidl
node,11881606113,ALDI,ALDI,Aldi,supermarket,Bahnhofstrasse,8,4563,Gerlafingen,47.1711231,7.567527,Mo-Th 07:30-18:30; Fr 07:30-20:00; Sa 07:30-18:00,https://www.aldi-suisse.ch,Aldi
node,11905377229,Migros,Migros,Genossenschaft Migros Ostschweiz,supermarket,Im RhyTech,4,8212,Neuhausen am Rheinfall,47.6827368,8.6132832,"Mo-Fr 08:00-20:00, Sa 08:00-18:00",,Migros
node,11951431481,Coop,Coop,,supermarket,,,,,47.1141335,7.8423024,,,Coop
node,11956156528,Denner,Denner,,supermarket,Langenthalerstrasse,,4802,Strengelbach,47.2775487,7.9276963,,,Denner
node,12021850285,Denner,Denner,,supermarket,Chemin du Champ-des-Filles,4B,1228,Plan-les-Ouates,46.1671648,6.1086272,,,Denner
node,12053324371,Migros,Migros,,supermarket,,,,,46.8377539,9.4653204,Mo-Th 07:30-19:30; Fr 07:30-20:00; Sa 07:30-18:00; Su off,https://filialen.migros.ch/de/migros-supermarkt-domat-ems,Migros
node,12073510982,Denner,Denner,,supermarket,,,,,46.9816826,6.9006028,Mo-Fr 07:30-19:00; Sa 07:30-18:00,,Denner
node,12075601114,Denner,Denner,,supermarket,,,,,46.0790332,7.1438474,,https://www.denner.ch/fr/succursales/1933-sembrancher-ekz~s1145852,Denner
node,12088350769,Lidl,Lidl,,supermarket,Gotthardstrasse,2,6300,,47.1720945,8.5176376,Mo-Fr 08:00-19:00; Sa 08:00-17:00,https://www.lidl.ch/,Lidl
node,12089167087,Coop,Coop,,supermarket,Kyburgstrasse,2,3315,Bätterkinden,47.131152,7.5379691,,,Coop
node,12099603455,Lidl,Lidl,,supermarket,,,,,47.0338653,8.2823027,"Mo-Th 07:30-19:00, Fr 07:30-21:00, Sa 07:30-17:00, PH off",,Lidl
node,12100354852,Coop,Coop,,supermarket,Neu-Arlesheimerstrasse,6,4143,Dornach,47.4885933,7.6089365,Mo-Th 08:00-18:30; Fr 08:00-20:00; Sa 07:30-18:00,https://www.coop.ch/de/standorte/coop-supermarkt-dornach/1488_POS,Coop
node,12102968468,Lidl,Lidl,Lidl Schweiz AG,supermarket,Chemin de Mouille-Galand,1-5,1214,Vernier,46.2132584,6.079256,Mo-Sa,https://www.lidl.ch/s/fr-CH/recherche-filiale/vernier/chemin-de-mouille-galand-1-3-5/,Lidl
node,12112247948,Migros,Migros,Genossenschaft Migros Aare,supermarket,,3a,3415,Hasle bei Burgdorf,47.013373,7.6595667,"Mo-Th 08:00-19:00, Fr 08:00-21:00, Sa 08:00-17:00; PH off",https://filialen.migros.ch/de/migros-supermarkt-hasle-rueegsau,Migros
node,12114223771,Coop,Coop,,supermarket,,,,,46.3795064,7.6265343,,,Coop
node,12118640013,Denner,Denner,,supermarket,Seestrasse,338,,,47.2534295,8.6188121,"Mo-Sa 07:00-20:00; Su,PH off",https://www.denner.ch/de/filialen/denner-filiale-und-oeffnungszeiten/store/seestrasse-338-8810-horgen/,Denner
node,12118649089,Denner,Denner,,supermarket,Esslingerstrasse,11,,,47.3079491,8.7217568,"Mo-Sa 07:30-20:00; Su,PH off",https://www.denner.ch/de/filialen/denner-filiale-und-oeffnungszeiten/store/esslingerstrasse-11-8617-moenchaltorf/,Denner
node,12122799379,Denner,Denner,,supermarket,,,,,47.0744945,7.3052882,"Mo-Fr 08:00-19:00; Sa 08:00-17:00; Su,PH off",,Denner
node,12124115850,Migros,Migros,Société Coopérative Migros Genève,supermarket,Rue de la Servette,93,,Genève,46.2132728,6.1300503,Mo-We 07:30-19:00; Th 07:30-20:00; Fr 07:30-19:30; Sa 07:30-18:00,https://filialen.migros.ch/fr/supermarche-migros-servette/,Migros
node,12137189628,Migros,,,supermarket,,,,,47.4203179,8.392775,Mo-Fr 09:00-20:00; Sa 08:00-20:00,https://dietikonsilbern.events.migros.ch/,Migros
node,12137443828,Lidl,Lidl,,supermarket,,,,,46.1744091,8.8867512,Mo-Fr 07:30-19:00; Th 07:30-21:00; Sa 07:30-18:30,,Lidl
node,12144201757,Migros,Migros,Genossenschaft Migros Ostschweiz,supermarket,Alte Frauenfelderstrasse,9,8542,Wiesendangen,47.5227498,8.7728609,Mo-Fr 07:30-20:00; Sa 08:00-19:00,https://filialen.migros.ch/de/migros-supermarkt-wiesendangen,Migros
node,12158064795,Coop,Coop,Coop Genossenschaft,supermarket,Obere Dorfstrasse,12,5034,Suhr,47.3742774,8.0771816,Mo-Fr 07:30-20:00; Sa 07:30-18:00,https://www.coop.ch/de/standorte/coop-supermarkt-suhr/1158_POS,Coop
node,12166232030,Migros,Migros,Genossenschaft Migros Ostschweiz,supermarket,Feldstrasse,16,9050,Appenzell,47.3335387,9.4050957,Mo-Th 08:00-19:00; Fr 08:00-20:00; Sa 08:00-17:00; Su off; PH off,https://filialen.migros.ch/de/migros-supermarkt-appenzell,Migros
node,12166232031,Denner,Denner,,supermarket,Feldstrasse,16,9050,Appenzell,47.3337714,9.4047578,Mo-Th 08:00-19:00; Fr 08:00-20:00; Sa 08:00-17:00; Su off,https://www.denner.ch/de/filialen/denner-filiale-und-oeffnungszeiten/store/ekz-feldstrasse-16-9050-appenzell/,Denner
node,12168887631,Denner,Denner,,supermarket,,,,,46.1958098,6.1258318,,,Denner
node,12178283112,Migros,Migros,Genossenschaft Migros Basel,supermarket,,,,,47.4660042,7.8506735,"Mo-Fr 08:00-20:00, Sa 07:30-18:00; PH off",https://filialen.migros.ch/de/migros-supermarkt-gelterkinden,Migros
node,12188442284,Lidl,Lidl,Lidl Schweiz,supermarket,Gschwaderstrasse,24,8610,Uster,47.3567503,8.710928,Mo-Sa 07:30-20:00,,Lidl
node,12206008017,Aldi Suisse,Aldi Suisse,Aldi Suisse AG,supermarket,,,,,46.1787978,8.8264739,Mo-Fr 07:30-19:00; Th 07:30-21:00; Sa 07:30-18:30,,Aldi
node,12218130993,Lidl,Lidl,,supermarket,Via Grevas,9b,7500,St. Moritz,46.4894547,9.8355483,Mo-Sa 07:30-20:00; Su 09:00-18:00,,Lidl
node,12218400651,Denner,Denner,,supermarket,,,,,47.2872816,7.70864,,,Denner
node,12218688016,ALDI,ALDI,,supermarket,,,,,47.2886349,7.7178673,Mo-Fr 08:00-18:30; Th 08:00-20:00; Sa 07:30-18:00; PH off,,Aldi
node,12224169402,Coop,Coop,,supermarket,Hofwiesenstrasse,185,8057,,47.4019397,8.5345212,Mo-Sa 07:00-20:00,,Coop
node,12227824212,ALDI,ALDI,Aldi Suisse,supermarket,Obere Bahnhofstrasse,19,9500,Wil SG,47.4640195,9.0431075,Mo 07:30-19:00; Tu 07:30-20:00; We-Fr 07:30-19:00; Sa 07:30-17:00,,Aldi
node,12229363722,Coop,,,supermarket,,,,,47.1344418,8.0475148,Mo-Fr 07:30-19:00; Sa 07:30-17:00; PH off,,Coop
node,12245021215,Aldi,Aldi Suisse,Aldi Suisse SA,supermarket,Promenade de l'Europe,11,,Genève,46.2082258,6.1239162,"Mo-We 08:00-19:00; Th,Fr 08:00-19:30; Sa 08:00-18:00",https://www.aldi-suisse.ch/fr/filiales-et-heures-douverture/l/geneve/promenade-de-l-europe-11/e480,Aldi
node,12259432788,Aldi,,ALDI SUISSE AG,supermarket,,,,,46.8468748,9.5219463,"Mo-Fr 07:30-20:00; Sa 07:30-18:00; Su,PH closed",,Aldi
node,12265765346,Denner,Denner,,supermarket,,,,,46.6209265,7.0603762,,,Denner
node,12265814534,Migros,Migros,,supermarket,,,,,46.6194097,7.0542917,Mo-Fr 06:00-21:00; Sa-Su 07:00-20:00,https://filialen.migros.ch/de/migros-supermarkt-gare-de-bulle,Migros
node,12273172175,Migros,Migros,,supermarket,Route des Granges-Saint-Martin,22,1350,Orbe,46.721211,6.5376535,Mo-Th 07:30-18:30; Fr 07:30-20:00; Sa 07:30-17:00; Su off,https://filialen.migros.ch/de/migros-supermarkt-orbe-gruvatiez,Migros
node,12299212357,Coop Mönchaltorf,,coop.ch,supermarket,Esslingerstrasse,20,8617,Mönchaltorf,47.3063061,8.7208213,Mo-Fr 07:30-20:00; Sa 07:30-19:00,,Coop
node,12323356138,Migros,Migros,,supermarket,,,,,46.5396122,6.6183879,Mo-Fr 07:30-19:00; Sa 07:30-18:00,,Migros
node,12351241559,Coop,Coop,,supermarket,Zone commerciale des Babioux,4,1908,Riddes,46.1664936,7.2096953,,,Coop
node,12354116449,Denner,Denner,,supermarket,Rue de la Paix,3,1196,Gland,46.4200313,6.2634219,Mo-Fr 07:30-19:00; Sa 07:30-18:00,,Denner
node,12399666301,Coop,Coop,,supermarket,Avenue de Feuillasse,24,1217,,46.2326533,6.0829336,,,Coop
node,12409088249,Denner,,,supermarket,,,,,47.5262751,8.53543,Mo-Fr 07:00-20:00; Sa 08:00-20:00,,Denner
node,12409249380,Lidl,Lidl,,supermarket,Chemin du Croset,7,1024,Ecublens (VD),46.5341854,6.5646386,Mo-Fr 07:30-20:00; Sa 07:30-18:00,,Lidl
node,12434530658,Lidl,Lidl,,supermarket,Zürichstrasse,127,8600,Dübendorf,47.3958448,8.5996391,Mo-Sa 07:30-20:00; Su 10:00-18:00; PH off,,Lidl
node,12451107518,Denner,Denner,,supermarket,,,,,47.0943291,8.3585268,,,Denner
node,12464881093,Migros,,Migros,supermarket,Grienbachstrasse,11,6302,Zug,47.1840955,8.5228223,"Mo-Fr 07:30-19:00, Sa 07:30-17:00, Su closed",,Migros
node,12471411486,Denner,Denner,,supermarket,Dorfplatz,2,8706,Meilen,47.2692499,8.6426566,,,Denner
node,12488576193,Coop,Coop,,supermarket,,,,,47.1991151,8.8103652,Mo-Sa 07:00-20:00,,Coop
node,12660062505,Migros,Migros,,supermarket,,,,,46.1057709,7.085128,Mo-Th 07:30-18:30; Fr 07:30-20:00; Sa 07:30-17:00,https://filialen.migros.ch/de/migros-supermarkt-martigny-avouillons,Migros
node,12706850603,Coop,,Coop,supermarket,,,,,46.7097222,6.5693137,Mo-Fr 07:30-19:00; Su 07:30-18:00,,Coop
node,12726662873,Migros,Migros,,supermarket,Bahnhofstrasse,11B,6037,Root,47.1172514,8.3914116,Mo-Th 08:00-19:00; Fr 08:00-20:00; Sa 08:00-17:00,,Migros
node,12801148763,Coop,Coop,,supermarket,,,,Savigny,46.5383353,6.7312382,,https://www.coop.ch/fr/entreprise/adresses-et-horaires/detail.html/5145/coop-supermarche-savigny-neu.html,Coop
node,12842255084,Denner,Denner,,supermarket,,,,,46.7770149,7.1532394,,,Denner
node,12862533909,Denner,Denner,,supermarket,,,,,47.5215849,8.9304713,Mo-Fr 07:30-19:00; Sa 07:30-18:00; PH closed,,Denner
node,12875861719,Aldi,,,supermarket,,,,,47.3696054,8.5092088,Mo-Sa 07:30-21:00,,Aldi
node,12896538298,ALDI,ALDI,,supermarket,,,,,47.1971843,7.5291764,Mo-Th 08:00-18:30; Fr 08:00-20:00; Sa 08:00-18:00; PH off,,Aldi
node,12896909966,Coop,Coop,,supermarket,Bahnhofstrasse,17,8956,Killwangen,47.4335503,8.3533874,"Mo-Fr 06:00-20:00, Sa-Su 08:00-20:00",https://www.coop.ch/de/standorte/coop-supermarkt-killwangen/6141_POS?lat=47.4281494&long=8.343041099999999,Coop
node,12918169503,Coop,Coop,,supermarket,,,,,47.2527418,8.6930374,Mo-Fr 07:00-20:00; Sa 07:00-19:00,,Coop
node,12944461950,Coop,Coop,,supermarket,Chemin du Vieux-Vésenaz,31,1222,Vésenaz,46.2387209,6.1976686,,,Coop
node,12995738473,Coop,Coop,,supermarket,Marktplatz,1,6162,Entlebuch,46.9921472,8.0652155,"Mo-Fr 07:30-19:00; Sa 07:30-17:00; Su, PH off",https://www.coop.ch/de/standorte/coop-supermarkt-entlebuch/5658_POS,Coop
node,13006985859,Denner,Denner,,supermarket,,,,,46.5342075,6.5826345,Mo-Fr 07:00-19:00; Sa 08:00-17:00,,Denner
node,13031758127,Migros,Migros,Società Cooperativa Migros Ticino,supermarket,,,,,46.0070869,8.9517996,"Mo-We, Fr 07:30-19:00; Th 07:30-21:00; Sa 07:30-18:30",,Migros
node,13049948606,Aldi,Aldi,,supermarket,,,,,47.4780327,9.482131,,,Aldi
node,13049948607,Denner,Denner,,supermarket,,,,,47.4779733,9.4823503,,,Denner
node,13058605190,Migros,Migros,Genossenschaft Migros Ostschweiz,supermarket,,,,,47.4430568,9.2542997,Mo-Fr 08:00-17:00; Sa 07:30-17:00; Su off,https://filialen.migros.ch/de/migros-supermarkt-arnegg,Migros
node,13065601399,Coop,Coop,,supermarket,,,,,47.3664354,7.3475617,,,Coop
node,13077513064,Migros,Migros,Genossenschaft Migros Ostschweiz,supermarket,Hauptstrasse,36a,8552,Felben-Wellhausen,47.5786142,8.941723,Mo-Fr 08:00-20:00; Sa 08:00-19:00; Su off,https://filialen.migros.ch/de/migros-supermarkt-felben,Migros
node,13087329901,Aldi,,Aldi Schweiz,supermarket,Stationsweg,6,3627,Heimberg,46.7814605,7.6088135,,,Aldi
node,13095797601,Aldi,,,supermarket,Avenue de la Concorde,,,,46.5323725,6.5740313,,,Aldi
node,13115750369,Migros,Migros,,supermarket,Via Luigi Canonica,40,6950,Tesserete,46.0669594,8.9672974,Mo-Fr 08:00-19:00; Sa 08:00-18:30; Su off,https://filialen.migros.ch/de/migros-supermarkt-tesserete,Migros
node,13128250849,Migros,Migros,Genossenschaft Migros Ostschweiz,supermarket,,,,,47.2289893,9.1954539,Mo-Fr 07:30-19:00; Sa 07:30-17:00; Su off,https://filialen.migros.ch/de/migros-supermarkt-neu-st-johann,Migros
node,13128272027,Migros,Migros,,supermarket,,,,,47.1222988,9.4891511,Mo-Fr 07:30-19:00; Sa 07:30-17:00; Su off,https://filialen.migros.ch/de/migros-supermarkt-sevelen,Migros
node,13136249007,Aldi,,Aldi,supermarket,Strada dala Curona,3,6915,Pambio-Noranco,45.987606,8.9380556,"Mo-Fr 07:30-19:00, Th 07:30-21:00, Sa 07:30-18:30",,Aldi
node,13144871735,Coop,Coop,,supermarket,Bürgenstrasse,4,6005,Luzern,47.0466441,8.3135626,Mo-Fr 07:00-19:00; Sa 08:00-17:00,https://www.coop.ch/de/unternehmen/standorte-und-oeffnungszeiten/detail.html/6206/coop-supermarkt-luzern-roesslimatt.html,Coop
node,13148031416,Denner,Denner,,supermarket,,,,,47.5491969,7.6075855,Mo-Fr 08:00-18:30; Sa 07:30-17:00,,Denner
node,13148031421,Migros,Migros,Genossenschaft Migros Basel,supermarket,Hardstrasse,105,4052,Basel,47.5493126,7.6071952,"Mo-Fr 07:30-19:00, Sa 07:30-18:00; PH off",https://filialen.migros.ch/de/migros-supermarkt-basel-hardstrasse,Migros
node,13152582661,Denner,Denner,,supermarket,Wuorstrass,1,7240,Küblis,46.9138585,9.7734048,Mo-Fr 08:00-19:00; Sa 08:00-17:00,,Denner
node,13158342145,Coop,Coop,Coop Genossenschaft,supermarket,Schmiedgasse,7;9,4125,Riehen,47.5849618,7.6508308,Mo-Fr 07:00-19:00; Sa 07:30-18:00,,Coop
node,13159930766,Aldi,Aldi,,supermarket,Via San Bernardino,18,6532,Castione,46.2228732,9.0512228,"Mo-We, Fr 07:30-19:00; Th 07:30-21:00; Sa 07:30-18:30",,Aldi
node,13159930768,Coop,Coop,,supermarket,Via Cantonale,2,6532,Castione,46.2231234,9.0477044,,,Coop
node,13165777873,Denner,Denner,,supermarket,,,,,47.041638,9.4314661,,,Denner
node,13188989075,Coop,Coop,,supermarket,Zürcher Strasse,204,9014,St. Gallen,47.4127318,9.335946,Mo-We 08:00-19:00; Th 08:00-20:00; Fr 08:00-19:00; Sa 08:00-17:00,,Coop
node,13190905705,Denner,Denner,,supermarket,,,,,47.0740435,9.4822189,,,Denner
node,13191253201,Denner,Denner,,supermarket,,,,,46.859693,9.5165972,Mo-Fr 07:30-20:00; Sa 07:30-18:00; Su off,,Denner
node,13200189525,Coop,Coop,,supermarket,,,,,47.4508835,8.2904074,,,Coop
node,13204666201,Lidl,Lidl,,supermarket,Zürcherstrasse,29c,8854,,47.1758299,8.8933916,Mo-Sa 07:30-20:00,https://www.lidl.ch/,Lidl
node,13269464013,Migros,Migros,,supermarket,Leutschenbachstrasse,26,8050,Zürich,47.4149752,8.5538033,Mo-Sa 07:00-20:00,,Migros
node,13274050485,Migros,Migros,Migros,supermarket,,,,,46.3187361,7.9893833,Mo-Th 07:30-18:30; Fr 07:30-20:00; Sa 07:30-17:00,,Migros
node,13275370001,Coop Maladière,,,supermarket,Rue de la Pierre-à-Mazel,10,2000,,46.9950383,6.943915,,,Coop
node,13285536907,MM Migros,MM Migros,,supermarket,,,,,46.2133546,6.1299132,,,Migros
node,13302401281,Coop,,,supermarket,,,,,47.2035194,8.7586583,Mo-Sa 07:00-20:00; PH closed,,Coop
node,13310499701,Migros Serrières,,,supermarket,,,,,46.983653,6.904294,,,Migros
node,13313009041,Coop,Coop,,supermarket,Luzernerstrasse,145,6014,Luzern - Littau,47.048849,8.2615521,"Mo-Th 08:00-19:00; Fr 08:00-20:00; Sa 08:00-17:00, Su off",,Coop
node,13313009042,Aldi,Aldi,,supermarket,Luzernerstrasse,145,6014,Luzern - Littau,47.0487725,8.2609378,Mo-Th 08:00-19:00; Fr 08:00-20:00; Sa 08:00-17:00,,Aldi
node,13352611854,Migros,Migros,Migros Ticino,supermarket,,,,,46.0171205,8.914042,,,Migros
node,13361413686,Denner,Denner,Denner SA,supermarket,Place du Traité-de-Turin,9/11,,Thônex,46.2039375,6.2143126,Mo-We 07:30-19:00; Th 07:30-20:00; Fr 07:30-19:30; Sa 07:30-18:00,https://www.denner.ch/fr/succursales/1225-thonex~s1145942,Denner
node,13374343676,Migros,Migros,,supermarket,,,,,47.4150103,9.6319198,,,Migros
node,13389633353,Migros,Migros,,supermarket,Rosengartenstrasse,2,6023,Rothenburg,47.1013703,8.2633318,Mo-Fr 08:00-19:00; Sa 08:00-17:00; Su off,https://filialen.migros.ch/de/migros-supermarkt-bertiswil-rothenburg-lu,Migros
node,13393710936,Denner,Denner,,supermarket,,,,,46.5147929,6.6328115,Sa 07:00-18:00; Mo-Fr 07:00-19:00,,Denner
node,13428416333,Lidl,Lidl,,supermarket,Hauptstrasse,4,,,47.5435212,7.5748102,,,Lidl
node,13432841221,Denner,Denner,,supermarket,,,,,46.488404,6.7264095,Mo-Th 07:00-19:00; Fr 07:00-20:00; Sa 07:30-18:00,https://www.denner.ch/fr/succursales/1096-cully~s1146095,Denner
node,13452059811,Migros,Migros,,supermarket,,,,,47.2131168,7.9884722,Mo-Th 08:00-19:00; Fr 08:00-20:00; Sa 08:00-17:00,"https://filialen.migros.ch/de/center:46.8182,8.2275/zoom:8/",Migros
node,13501023935,Lidl,Lidl,Lidl,supermarket,Rorschacher Strasse,154,9000,St. Gallen,47.4313802,9.3963523,Mo-We 07:30-19:00; Th 07:30-21:00; Fr 07:30-19:00; Sa 07:30-17:00,,Lidl
node,13508934799,Coop,Coop,Coop Société Coopérative,supermarket,Esplanade de Pont-Rouge,5,,Grand-Lancy,46.1866587,6.1271382,Mo-Sa,https://www.coop.ch/fr/magasins/coop-supermarche-grand-lancy-pont-rouge/5945_POS,Coop
node,13516582201,Denner Partner,,,supermarket,I Mundásc,2a,6513,,46.1832772,8.999964,Mo-Sa 08:00-19:00,https://denner.ch/,Denner
node,13522630139,Denner,Denner,,supermarket,Rue de St Germain,21,1965,Savièse,46.2504401,7.3490815,Mo-Fr 07:30-18:30; Sa 07:30-17:00,https://www.denner.ch/fr/succursales/1965-saviese~s1145787,Denner
node,13543167294,Aldi Outlet,,,supermarket,,,,,46.8083101,7.1287942,Mo-Th 07:30-19:00; Fr 07:30-21:00; Sa 07:30-16:00; Su off,,Aldi
node,13586309552,Denner,Denner,,supermarket,,,,,47.684059,8.660817,,,Denner
node,13586309553,Migros,Migros,,supermarket,,,,,47.6839624,8.6613092,,,Migros
node,13588068802,M-Outlet (Migros),,,supermarket,Churfirstenstrasse,54,9501,,47.4560248,9.046507,Mo-Fr 09:00-19:00; Sa 09:00-17:00,https://filialen.migros.ch/de/m-outlet-outlet-wil-larag,Migros
node,13608171593,Lidl,Lidl,,supermarket,,,,,47.3844623,8.500637,,,Lidl
node,13620258116,Migros,Migros,Genossenschaft Migros Ostschweiz,supermarket,,,8363,,47.449593,8.930882,Mo-Fr 07:30-20:00; Sa 08:00-19:00,https://www.migros.ch/,Migros
node,13646148572,Coop,Coop,,supermarket,,,,,47.3929685,9.2978027,,,Coop
node,13657761954,Denner,Denner,,supermarket,,,,,46.1965214,6.2050537,Mo-We 07:30-19:00; Th 07:30-20:00; Fr 07:30-19:30; Sa 07:30-18:00,https://www.denner.ch/,Denner
node,13684222101,Aldi,Aldi,,supermarket,Sägestrasse,34,3550,,46.9399408,7.779473,,,Aldi
node,13705611063,Migros,Migros,Genossenschaft Migros Ostschweiz,supermarket,Tösstalstrasse,139,8400,Winterthur,47.4905796,8.7482223,Mo-Fr 07:30-20:00; Sa 07:30-18:00; PH off,https://filialen.migros.ch/de/migros-supermarkt-winterthur-mattenbach,Migros
node,13710668195,Lidl,Lidl,,supermarket,Via San Gottardo,56a,6828,Balerna,45.8466805,9.0121533,,,Lidl
node,13711503440,Aldi,Aldi,Aldi Suisse,supermarket,Viale Serfontana,16,6834,Morbio Inferiore,45.8463725,9.0149572,Mo-Tu 08:00-19:00;We 08:00-17:00;Th 08:00-21:00;Fr-Sa 08:00-19:00,,Aldi
node,13714025836,Lidl,Lidl,,supermarket,,,,,46.1640559,8.7750384,Mo-Fr 07:30-19:00; Th 07:30-21:00; Sa 07:30-18:30,,Lidl
node,13717938758,Coop,Coop,,supermarket,,,,,47.0426535,8.3154592,,,Coop
node,13744869663,LIDL,,LIDL Schweiz,supermarket,Charrière d'Estavayer,19,1530,Payerne,46.8278578,6.9283977,,,Lidl
node,13755529456,Coop,Coop,,supermarket,,,,,46.5265909,6.6014931,,,Coop
node,13850392331,Migros,Migros,,supermarket,,,,,46.959939,8.3859788,,,Migros
node,13856049992,Coop,Coop,,supermarket,Boulevard Georges-Favon,28,1204,Genève,46.202083,6.139995,Mo-Sa,https://www.coop.ch/fr/entreprise/adresses-et-horaires/detail.html/6182/coop-supermarche-geneve-favon.html,Coop
node,13908216715,Denner,Denner,,supermarket,Route Cantonale,9,1964,Conthey,46.225119,7.296604,Mo-Th 08:00-18:15; Fr 08:00-21:00; Sa 08:00-17:00,,Denner
node,13931625041,Aldi,Aldi,,supermarket,,,,,47.0501796,8.066269,Mo-Th 08:00-19:00; Fr 08:00-20:00; Sa 08:00-17:00; PH off,,Aldi
node,13945919747,Lidl,Lidl,,supermarket,Via Ponte Tresa,35,6924,Sorengo,45.9963894,8.9352369,,,Lidl
node,13946813980,Aldi,Aldi,Aldi Suisse,supermarket,Bahnhofstrasse,4A,7270,Davos Platz,46.7921177,9.8191368,Mo-Sa 07:30-20:00,https://www.aldi-suisse.ch/,Aldi
node,13955742261,Migros,Migros,Genossenschaft Migros Luzern,supermarket,,,,,47.2483691,7.9714018,"Mo-Th 08:00-19:00, Fr 08:00-20:00, Sa 08:00-17:00; PH off",https://filialen.migros.ch/de/migros-supermarkt-reiden,Migros
node,13955742262,Coop,Coop,Coop Genossenschaft,supermarket,,,,,47.2480833,7.970683,,,Coop
node,13957507282,Migros,Migros,Société Coopérative Migros Genève,supermarket,Promenade de l'Europe,11,1203,Genève,46.2083851,6.1233676,Mo-Sa,https://filialen.migros.ch/fr/supermarche-migros-geneve-charmilles,Migros
node,13957507283,Lidl,Lidl,Lidl Schweiz AG,supermarket,Chemin Emilie-De-Morsier,10,1219,Vernier,46.2080141,6.1102449,Mo-Sa,https://www.lidl.ch/s/fr-CH/recherche-filiale/vernier/chemin-emilie-de-morsier-10/,Lidl
node,13957507284,Lidl,Lidl,Lidl Schweiz AG,supermarket,Route de Chancy,71-77,1213,Petit-Lancy,46.1866586,6.1102068,Mo-Sa,https://www.lidl.ch/s/fr-CH/recherche-filiale/petit-lancy/route-de-chancy-71-77/,Lidl
node,13957507285,Denner Express,Denner,Denner SA,supermarket,Rue du Vieux-Billard,3a,1205,Genève,46.2003211,6.1387028,Mo-Sa,https://www.denner.ch/fr/succursales/1205-geneve~s1145691,Denner
node,13958072303,Coop,Coop,,supermarket,,,,,46.5265909,6.6014931,,,Coop
node,13958074002,Coop,Coop,,supermarket,,,,,46.5265909,6.6014931,,,Coop
node,13960858595,Migros,Migros,Société Coopérative Migros Genève,supermarket,Route des Acacias,18,1227,Les Acacias,46.1915654,6.1366098,Mo-Sa,https://filialen.migros.ch/fr/supermarche-migros-carouge-acacias,Migros
node,13967903793,Migros,Migros,Società Cooperativa Migros Ticino,supermarket,,,,,45.9989118,8.9055498,,,Migros
node,13996395916,Migros,Migros,Société Coopérative Migros Genève,supermarket,Cité Vieusseux,9,1203,Genève,46.2137706,6.1208176,"Mo-We 07:30-19:00; Th,Fr 07:30-19:30; Sa 07:30-18:00; Su,PH 09:00-20:00",,Migros
node,13996395917,Coop,Coop,Coop Société Coopérative,supermarket,Route de Meyrin,171,,Vernier,46.2213978,6.0963448,,https://www.coop.ch/fr/entreprise/adresses-et-horaires/detail.html/5943/coop-supermarche-vernier-blandonnet-centre.html,Coop
node,13998580434,Lidl,Lidl,Lidl Schweiz AG,supermarket,Via Giacomo Brentani,14,6900,Lugano,46.0187199,8.9604619,"Mo-We,Fr 07:30-19:00; Th 07:30-21:00; Sa 07:30-18:30",https://www.lidl.ch/s/it-CH/ricerca-filiale/lugano/via-giacomo-brentani-14/,Lidl
node,14023742201,Aldi,,,supermarket,Via Prati dei Vizi,10,,,46.1640461,8.7698896,"Mo-We, Fr 08:00-19:00; Th 08:00-21:00; Sa-Su 08:00-18:30",https://www.aldi-suisse.ch/de,Aldi
node,14057849691,Lidl,,,supermarket,,,,,47.3467261,7.9102837,,,Lidl
node,14059105116,Migros,Migros,,supermarket,,,,,46.7451358,7.6453899,"Mo-Fr 07:30-20:00; Sa 07:30-17:00; Su,PH off",https://filialen.migros.ch/de/migros-supermarkt-huenibach,Migros
node,14078006658,Denner,Denner,,supermarket,,,,,47.3280107,8.7963193,,,Denner
node,14078006660,Migros,Migros,Genossenschaft Migros Ostschweiz,supermarket,Elisabethenstrasse,2,8620,Wetzikon ZH,47.3280134,8.7958338,,,Migros
node,14079788701,Migros Romanel MMM,,,supermarket,En Felezin,1,,,46.5591428,6.6121441,,,Migros
node,14089574801,Migros,,,supermarket,Luzern Bahnhof,,6003,,47.050474,8.3094099,Mo-Sa 09:00-18:00; Su 07:00-22:00,,Migros
node,14089582901,Coop,,,supermarket,Luzern Bahnhof,,6003,,47.0505339,8.3109178,Mo-Sa 06:00-22:00; Su 07:00-22:00,http://coop.ch,Coop
node,14091327974,Denner,Denner,,supermarket,Im Westfeld,30,4055,Basel,47.5645754,7.5648683,Mo-Fr 08:00-19:00; Sa 07:30-18:00; Su off,,Denner
node,14102492145,Denner,Denner,,supermarket,,,,,47.4987761,8.2589257,,,Denner
node,14102492146,Migros,Migros,,supermarket,,,,,47.4988241,8.2587698,,,Migros
node,14124276243,Coop,Coop,Coop,supermarket,Binningerstrasse,84,4123,Allschwil,47.5477273,7.5467972,Mo-Sa 07:30-20:00; PH off,https://www.coop.ch/en/locations/coop-supermarkt-allschwil-letten-center/4142_POS,Coop
node,14140149466,Migros,Migros,,supermarket,Unterdorfstrasse,,,,46.7775203,7.6341148,,,Migros
node,14140149467,Denner,Denner,,supermarket,,,,,46.7775041,7.6341641,,,Denner
node,14147221251,Denner,Denner,,supermarket,,,,,46.1940474,6.111871,,,Denner
node,14152974469,Coop,Coop,,supermarket,Via Gerretta,17,6500,Bellinzona,46.2021923,9.0310374,Mo-Fr 07:30-19:00; Sa 07:30-18:30,https://www.coop.ch/en/locations/coop-supermercato-bellinzona-nord/1180_POS?lat=0.0&long=0.0,Coop
node,14174925514,Denner,Denner,,supermarket,,,,,47.3963253,8.4378497,Mo-Sa 08:00-20:00,,Denner
node,14175125829,Migros,Migros,,supermarket,,,,,47.1865651,8.4590371,Mo-Fr 08:00-19:00; Sa 08:00-17:00; PH closed,,Migros
way,22422728,Coop,Coop,Coop Genossenschaft,supermarket,,,,,47.499116,8.7231874,Mo-Fr 08:00-20:00; Sa 08:00-18:00,https://www.coop.ch/de/unternehmen/standorte-und-oeffnungszeiten/detail.html/2609/coop-city-city-winterthur.html,Coop
way,23711568,Coop,Coop,,supermarket,Blümlisalpstrasse,61,3627,Heimberg,46.7797938,7.6089096,Mo-Th 08:00-20:00;Fr 08:00-21:00;Sa 08:00-17:00;Su off,,Coop
way,23887584,Migros,Migros,Genossenschaft Migros Basel,supermarket,,,,,47.5323802,7.5727708,"Mo-Fr 08:00-19:00, Sa 07:30-18:00; PH off",https://filialen.migros.ch/de/migros-supermarkt-binningen-gorenmatt,Migros
way,24253610,Migros,Migros,Genossenschaft Migros Zürich,supermarket,Rosengartenstrasse,10,8706,Meilen,47.2682806,8.6454172,Mo-Sa 08:00-20:00; PH off,https://filialen.migros.ch/de/migros-supermarkt-meilen,Migros
way,25808766,Migros,Migros,Genossenschaft Migros Zürich,supermarket,Schützengass,4,8805,Richterswil,47.2064941,8.7054602,"Mo-Fr 07:30-20:00, Sa 07:30-18:00; PH off",https://filialen.migros.ch/de/migros-supermarkt-richterswil,Migros
way,25906090,Migros,Migros,Genossenschaft Migros Aare,supermarket,Schaffhauserstrasse,61,4332,Stein,47.5491239,7.954639,"Mo-Fr 07:00-19:00, Sa 07:00-18:00; PH off",https://filialen.migros.ch/de/migros-supermarkt-stein-am-rhein,Migros
way,25965363,Coop,Coop,,supermarket,Bergstrasse,93,8707,Uetikon am See,47.2626297,8.6769823,Mo-Sa 07:30-20:00,,Coop
way,26223953,Coop,Coop,,supermarket,Bahnhofstrasse,22,4402,Frenkendorf,47.5021091,7.7212717,Mo-Sa 08:00-20:00; PH off,,Coop
way,26595732,Coop,Coop,,supermarket,Route de Fribourg,15,1723,Marly,46.7801417,7.1503382,Mo-Fr 07:30-19:00; Sa 07:30-16:00; Su off,https://www.coop.ch/de/standorte/coop-supermarche-marly/1433_POS,Coop
way,26950103,Lidl,Lidl,,supermarket,Walkestrasse,28,8570,Weinfelden,47.564711,9.0965827,"Mo-We, Fr, Sa 07:30-20:00; Th 07:30-21:00",,Lidl
way,27844543,Migros,Migros,Genossenschaft Migros Zürich,supermarket,Baltenswilerstrasse,5a,8303,Bassersdorf,47.4422919,8.6297761,Mo-Sa 08:00-20:00; PH off,https://filialen.migros.ch/de/migros-supermarkt-bassersdorf,Migros
way,29199847,Coop,Coop,Coop Genossenschaft,supermarket,Fichtenstrasse,1,6020,Emmenbrücke,47.0732629,8.2905793,,,Coop
way,31432521,Coop,Coop,,supermarket,Chemin de la Bichette,4,1267,Vich,46.4242924,6.2545374,,https://www.coop.ch/fr/magasins/coop-supermarche-vich/4817_POS,Coop
way,31827536,Aldi,ALDI,Aldi Suisse,supermarket,,,,,47.2464852,8.6464397,Mo-Sa 07:30-20:00; PH off,https://www.aldi-suisse.ch/,Aldi
way,31986414,Coop,,Coop Genossenschaft,supermarket,Wülflingerstrasse,271,,,47.510019,8.6915415,Mo-Fr 08:00-20:00; Sa 08:00-18:00,,Coop
way,32120489,Aldi,ALDI,Aldi Suisse,supermarket,Isenrietstrasse,20,8617,Mönchaltorf,47.3033415,8.7191049,Mo-Sa 07:30-20:00; PH off,https://www.aldi-suisse.ch/,Aldi
way,32958742,Migros,Migros,Genossenschaft Migros Zürich,supermarket,Gewerbestrasse,2,8132,Egg b. Zürich,47.3026325,8.6915645,Mo-Sa 08:00-20:00; PH off,https://filialen.migros.ch/de/migros-supermarkt-egg,Migros
way,33073585,Coop,Coop,,supermarket,Delsbergstrasse,1,4203,Grellingen,47.4417268,7.5893785,,,Coop
way,34079998,Aldi,Aldi,,supermarket,Länggasse,47,3280,Murten,46.9177651,7.1081489,Mo-Th 07:30-19:00; Fr 07:30-21:00; Sa 07:30-17:00,https://www.aldi-suisse.ch,Aldi
way,34546961,Coop,Coop,Coop,supermarket,Via della Posta,21,6934,Bioggio,46.015656,8.9125278,,,Coop
way,34604036,Migros,Migros,,supermarket,,,,,46.1016957,7.071852,Mo-Th 08:15-18:30; Fr 08:15-20:00; Sa 08:00-17:00,,Migros
way,34928243,Migros Outlet,,,supermarket,,10,,,46.5736924,6.6059605,Mo-Fr 08:00-19:00; Sa 08:30-18:00,,Migros
way,35570326,ALDI,ALDI,,supermarket,Grossacker,2,9244,Niederuzwil,47.4445657,9.1473498,,,Aldi
way,35586264,Coop,Coop,,supermarket,,,,,46.9656227,6.8543447,,,Coop
way,36186481,Migros,Migros,,supermarket,Chemin de Ronzi,2,2016,,46.9663924,6.855196,"Mo-We,Fr 07:30-19:00; Th 07:30-20:00; Sa 07:30-18:00; Su off; Dec 25 off; Jan 01 off; Dec 21 10:00-17:00",https://filialen.migros.ch/fr/supermarche-migros-cortaillod/,Migros
way,36285608,Migros,Migros,,supermarket,Rue Jämes Paris,4,2034,Peseux,46.9859112,6.8895203,,,Migros
way,36744961,Coop,,,supermarket,Rue de Neuchâtel,4,2072,St-Blaise,47.0134404,6.9847638,,,Coop
way,36983118,Migros,Migros,Genossenschaft Migros Ostschweiz,supermarket,Tösstalstrasse,54,8488,Turbenthal,47.4385372,8.8445373,"Mo-Fr 08:00-20:00, Sa 08:00-19:00; PH off",https://filialen.migros.ch/de/migros-supermarkt-turbenthal,Migros
way,36983150,Aldi,Aldi,Aldi,supermarket,Tösstalstrasse,11,8488,Turbenthal,47.4417434,8.8339531,,,Aldi
way,37901724,Migros,Migros,Genossenschaft Migros Aare,supermarket,Bahnhofstrasse,1,3860,Meiringen,46.728436,8.1849699,"Mo-Fr 08:00-19:00, Sa 08:00-18:00; PH off",https://filialen.migros.ch/de/migros-supermarkt-meiringen,Migros
way,38693530,Aldi,Aldi,,supermarket,Wilerstrasse,98,8370,Sirnach,47.462608,9.0207568,Mo-Sa 07:30-20:00,,Aldi
way,39071930,Coop,Coop,Coop,supermarket,,,,,46.9500328,6.8378106,"Mo-We, Fr 07:30-19:00; Th 07:30-20:00; Sa 07:30-18:00",,Coop
way,40493917,Lidl,Lidl,,supermarket,Schaffhauserstrasse,165,,,47.4546842,8.5791873,"Mo,Sa 07:30-20:00, Tu,We 08:00-20:00, Th 07:30-21:00, Fr 08:00-21:00",,Lidl
way,40554481,Coop,Coop,Coop Genossenschaft,supermarket,Junkholzweg,3,4303,Kaiseraugst,47.5380507,7.7321753,Mo-Fr 08:30-20:00; Sa 08:00-18:00,,Coop
way,41377377,Aldi,Aldi,,supermarket,Industriestrasse,9,8400,Winterthur,47.497094,8.7522974,Mo-Sa 07:30-20:00; PH off,,Aldi
way,42815490,Coop,Coop,Coop,supermarket,Rue de la Patinoire / Eisfeldstrasse,27,2504,Biel/Bienne,47.1547603,7.2761616,Mo-Th 07:00-18:00; Fr 07:00-20:00; Sa 07:00-17:00,,Coop
way,43622158,Coop,Coop,,supermarket,Wattstrasse,1,9240,Uzwil,47.4361464,9.1390437,Mo-Th 08:00-19:00; Sa 08:00-17:00; Fr 08:00-20:00,,Coop
way,44368140,Migros,Migros,Micros,supermarket,Bahnhofstrasse,2,7310,Bad Ragaz,47.0035049,9.5014591,Mo-Fr 07:00-19:00; Sa 07:00-17:00,,Migros
way,44368141,Coop,Coop,Coop,supermarket,Freihofweg,5,7310,Bad Ragaz,47.0034232,9.5022004,Mo-Fr 08:00-19:00; Sa 08:00-17:00,,Coop
way,46765109,Migros,Migros,,supermarket,Avenue de Cour,36,1007,Lausanne,46.5156485,6.6178131,Mo-Fr 07:30-19:00; Sa 07:30-18:00,,Migros
way,46929355,Denner,Denner,,supermarket,Avenue du Grey,58,,Lausanne,46.5362644,6.6203236,,,Denner
way,46951585,Coop,,,supermarket,Rue du Rhône,28,1860,Aigle,46.318898,6.9651404,,,Coop
way,46991444,Coop,Coop,,supermarket,Chemin d'Entre-Bois,15,,Lausanne,46.5373714,6.6320736,Mo-Fr 07:30-19:00; Sa 07:30-18:00,,Coop
way,48575267,Coop,Coop,Coop,supermarket,Oberi Matta,10,1716,Plaffeien,46.7398567,7.289936,,,Coop
way,48584965,ALDI,ALDI,Aldi,supermarket,Murtenstrasse,39,3186,Düdingen,46.8592469,7.2003374,Mo-Th 08:00-19:00; Fr 08:00-21:00; Sa 07:30-16:00; Su off,,Aldi
way,48652994,Lidl,Lidl,Lidl,supermarket,Industriestrasse,4,3186,Düdingen,46.853963,7.1898384,Mo-Th 08:00-19:00;Fr 08:00-21:00;Sa 07:30-16:00;Su off,,Lidl
way,49040845,Migros,Migros,,supermarket,Route de Neuchâtel,46,2525,Le Landeron,47.0564131,7.0607095,,,Migros
way,50212140,Migros,Migros,Genossenschaft Migros Zürich,supermarket,Rotfluhstrasse,100,8702,Zollikon,47.3378252,8.5760393,Mo-Sa 07:30-20:00; PH off,https://filialen.migros.ch/de/migros-supermarkt-zollikon-dorf,Migros
way,50759487,Lidl,Lidl,,supermarket,Chemin Fin du Mossard,3,3280,Murten,46.9173164,7.1071311,Mo-Th 07:30-19:00; Fr 07:30-21:00; Sa 07:30-17:00,,Lidl
way,52152773,Coop,Coop,,supermarket,Vorstadt,5,3380,Wangen an der Aare,47.2343592,7.6561379,Mo-Fr 08:00-19:00; Sa 07:30-17:00,https://www.coop.ch/de/standorte/coop-supermarkt-wangen-an-der-aare/1277_POS,Coop
way,53531895,Lidl,Lidl,,supermarket,Bifangweg,33,,,47.2909639,7.7309038,,,Lidl
way,53640614,Coop,Coop,,supermarket,Wilerweg,101,4600,Olten,47.3467472,7.9214461,Mo-Sa 07:30-18:30,,Coop
way,53643431,Aldi,ALDI,Aldi Suisse,supermarket,Solothurnerstrasse,201,4600,Olten,47.3486628,7.8907808,,https://www.aldi-suisse.ch/,Aldi
way,54606336,Migros,Migros,Genossenschaft Migros Aare,supermarket,Richigenstrasse,1,3076,Worb,46.9267401,7.5652568,"Mo-Th 08:00-19:00, Fr 08:00-21:00, Sa 07:30-17:00; PH off",https://filialen.migros.ch/de/migros-supermarkt-worb,Migros
way,55339194,Lidl,Lidl,,supermarket,Moosweg,1,3645,Gwatt (Thun),46.7256575,7.6171473,Mo-Th 07:30-20:00; Fr 07:30-21:00; Sa 07:30-17:00,,Lidl
way,55559208,Denner,Denner,,supermarket,Unterdorf,36,4712,Laupersdorf,47.313675,7.6510901,"Mo-Fr 08:00-12:15,13:30-18:30; Sa 08:00-16:00; Su off",,Denner
way,55567495,Coop,Coop,,supermarket,Eigasse,9,4614,Hägendorf,47.3342425,7.8416088,,,Coop
way,55599807,Migros,Migros,Genossenschaft Migros Basel,supermarket,Wollmattweg,7,4143,Dornach,47.4881242,7.6118398,Mo-Fr 08:00-18:30; Sa 08:00-17:00,https://filialen.migros.ch/de/migros-supermarkt-dornach,Migros
way,55724244,Aldi,Aldi,Aldi Suisse,supermarket,Speckstrasse,1,8330,Pfäffikon ZH,47.3696697,8.7719133,Mo-Sa 07:30-20:00; PH off,https://www.aldi-suisse.ch/,Aldi
way,55957036,ALDI,ALDI,,supermarket,Leuzigenstrasse,4,,,47.1929885,7.4071252,Mo-Th 08:00-18:30; Fr 08:00-20:00; Sa 08:00-18:00; PH off,,Aldi
way,55959370,Denner,Denner,,supermarket,Friedhofstrasse,71,,,47.1887393,7.385661,Mo-Fr 08:00-18:30; Sa 08:00-18:00,,Denner
way,57725628,Coop,Coop,,supermarket,Tösstalstrasse,236,8405,Winterthur,47.4845897,8.7588227,Mo-Fr 07:30-20:00; Sa 07:30-18:00,,Coop
way,57903587,Aldi,ALDI,Aldi Suisse,supermarket,Im Grund,18,5014,Gretzenbach,47.3588136,7.9891172,Mo-Fr 07:30-18:30; Th 07:30-20:00; Sa 07:30-17:00; PH off,https://www.aldi-suisse.ch/,Aldi
way,59263474,Migros,Migros,Genossenschaft Migros Ostschweiz,supermarket,Winterthurerstrasse,5,8472,Seuzach,47.5355438,8.7303794,Mo-Fr 07:30-20:00; Sa 08:00-19:00; PH off,https://filialen.migros.ch/de/migros-supermarkt-seuzach,Migros
way,59564658,Coop,Coop,,supermarket,Sonnenplatz,17,4312,Magden,47.5259894,7.8155138,,,Coop
way,60335599,Coop,,,supermarket,,,,,46.2962511,7.9147072,,,Coop
way,60432017,ALDI,ALDI,,supermarket,Boulevard de l'Arc-en-Ciel,45,1030,Bussigny,46.5460533,6.5643377,Mo-Th 9:00-19:00; Fr 9:00-21:00; Sa 9:00-18:00; Su off,https://www.aldi-suisse.ch/,Aldi
way,61565410,Lidl,Lidl,,supermarket,Im Schönengrund,3,,,47.4992352,8.7641806,"Mo-We, Fr, Sa 07:30-20:00; Th 07:30-21:00",,Lidl
way,62332039,ALDI,ALDI,Aldi Suisse,supermarket,Schlosstalstrasse,96,8408,Winterthur,47.4986868,8.6968211,Mo-Sa 07:30-20:00,,Aldi
way,66077948,Coop,Coop,,supermarket,Unterführungsstrasse,1,2544,Bettlach,47.2004383,7.42465,,,Coop
way,68456966,Coop,Coop,Coop Genossenschaft,supermarket,Schwanenstrasse,2,8840,Einsiedeln,47.126874,8.745888,Mo-Fr 07:30-19:00; Sa 07:30-18:00; Su off,https://www.coop.ch/,Coop
way,70200270,Coop,Coop,Coop,supermarket,Route des Parties,20,1933,Sembrancher,46.0786369,7.1380457,,,Coop
way,70295730,Coop,Coop,,supermarket,,,,,47.1234202,9.3145698,,,Coop
way,70295844,Migros,Migros,Genossenschaft Migros Ostschweiz,supermarket,Bahnhofstrasse,27,8880,Walenstadt,47.1217716,9.313759,Mo-Fr 07:30-19:00; Sa 07:30-17:00; PH off,https://filialen.migros.ch/de/migros-supermarkt-walenstadt,Migros
way,70763648,Lidl,Lidl,,supermarket,Route de la Sablière,2,1753,Matran,46.7825767,7.095882,Mo-Th 07:30-19:00; Fr 07:30-21:00; Sa 07:30-16:00,,Lidl
way,72539156,Coop,Coop,Coop Genossenschaft,supermarket,Im Heumoos,25,8906,Bonstetten,47.3242085,8.4685296,Mo-Fr 08:00-20:00; Sa 07:30-20:00,https://www.coop.ch/de/services/standorte-und-oeffnungszeiten/detail.html/1099/,Coop
way,79175799,Aldi,ALDI,Aldi Suisse,supermarket,Hornblick,5,,,47.4890973,8.2441711,Mo-Sa 07:30-20:00; PH off,https://www.aldi-suisse.ch/,Aldi
way,81225398,Aldi,ALDI,Aldi Suisse,supermarket,Feldstrasse,5,5036,Oberentfelden,47.3575217,8.0559739,Mo-Sa 07:30-20:00; PH off,https://www.aldi-suisse.ch/,Aldi
way,81614112,Coop,Coop,Coop,supermarket,,31,1442,Montagny-près-Yverdon,46.7899566,6.6206398,,,Coop
way,81853682,Migros,Migros,,supermarket,Avenue Antoine-Henri Jomini,11,,,46.5301281,6.6281455,Mo 09:00-19:00; Tu-Fr 08:00-19:00; Sa 08:00-18:00,,Migros
way,82629728,Denner,Denner,,supermarket,Rue Guillaume-Triponez,15,2336,Les Bois,47.1759599,6.9041887,"Mo-Fr 08:00-12:15,13:30-18:30; Sa 08:00-12:15,13:30-17:00; Su 08:00-12:00",,Denner
way,84962602,Migros,Migros,Migros,supermarket,,,,,46.1881637,6.1106515,Mo-We 08:00-19:00; Th 08:00-20:00; Fr 08:00-19:30; Sa 08:00-18:00,,Migros
way,85274531,Aldi,Aldi,Aldi Suisse,supermarket,Balgacherstrasse,205,9435,Heerbrugg,47.4089095,9.6236558,"Mo-Th 07:30-19:00, Fr 07:30-20:00, Sa 07:30-17:00; PH off",https://www.aldi-suisse.ch/,Aldi
way,85465764,Denner,Denner,,supermarket,Au Village,10,1731,Ependes FR,46.7539519,7.146793,"Mo-Fr 07:30-12:00, 13:30-17:30; Sa 07:30-16:00; Su 08:00-11:30",,Denner
way,87220776,Migros,Migros,Genossenschaft Migros Luzern,supermarket,Hertensteinstrasse,9,6004,Luzern,47.0546778,8.3097142,Mo-Fr 08:00-19:00; Th 08:00-21:00; Sa 08:00-17:00; PH off,https://filialen.migros.ch/de/migros-supermarkt-luzern-schweizerhof,Migros
way,87991871,Coop,Coop,Coop,supermarket,Schaffhauserstrasse,34,4332,Stein,47.5463234,7.952304,,,Coop
way,88496348,Coop,Coop,Coop Genossenschaft,supermarket,Hauptstrasse,48,5032,Aarau Rohr,47.4018854,8.0808281,Mo-Fr 07:30-20:00; Sa 07:30-18:00,,Coop
way,89036082,Coop,Coop,,supermarket,,,,,46.5105841,6.658561,Mo-We 07:30-19:00; Th 07:30-19:30; Fr 07:30-20:00; Sa 07:30-18:00,,Coop
way,89098006,Migros,Migros,,supermarket,Stadtbühlstrasse,12,9200,Gossau SG,47.4124004,9.2501228,Mo-Fr 08:00-19:00; Sa 08:00-17:00,,Migros
way,90190078,Lidl,,,supermarket,,,,Lausanne,46.5714217,6.6058984,,,Lidl
way,90394362,Coop,Coop,Coop Genossenschaft,supermarket,Grundstrasse,1,8320,Fehraltorf,47.3868933,8.7547037,Mo-Fr 07:30-20:00; Sa 07:30-19:00,,Coop
way,90520644,Denner,Denner,Denner AG,supermarket,Sälistrasse,21,6005,Luzern,47.0456593,8.3008082,Mo-Th 07:00-19:00; Fr 07:00-20:00; Sa 07:00-17:00,,Denner
way,91943211,Lidl,Lidl,,supermarket,Gattikonerstrasse,135,8136,Gattikon,47.2829306,8.5439821,Mo-Th 07:30-21:00,,Lidl
way,93263409,Denner,Denner,,supermarket,Route d'Echallens,,,,46.6276924,6.6330488,,,Denner
way,93459850,Coop,Coop,Coop Genossenschaft,supermarket,Bruchstrasse,9,6003,Luzern,47.051136,8.2999042,"Mo-We 07:00-18:30, Th,Fr 07:00-20:00, Sa 07:00-16:00",,Coop
way,93487019,Migros,Migros,Genossenschaft Migros Basel,supermarket,Riehenstrasse,315,4058,Basel,47.5700595,7.6153481,Mo-Fr 08:00-19:00; Sa 08:00-18:00; PH off,https://filialen.migros.ch/de/migros-supermarkt-basel-eglisee,Migros
way,95024644,Coop,Coop,,supermarket,,,,,47.5077256,7.5538352,Mo-Fr 08:00-20:00; Sa 07:30-20:00,,Coop
way,96391195,Lidl,Lidl,,supermarket,Rosenbergsaustrasse,1,9443,Widnau,47.4167863,9.634319,,,Lidl
way,96421886,Migros,Migros,Coopérative Migros Valais,supermarket,Route des Lacustres,,3960,,46.2815378,7.5135894,"Mo-Th 08:00-18:30, Fr 08:00-20:00, Sa 08:00-17:00; PH off",https://www.migros.ch/,Migros
way,97947613,Lidl,Lidl,,supermarket,Grubenstrasse,18,8620,Wetzikon ZH,47.3148667,8.7960354,"Mo-We, Fr, Sa 07:30-20:00; Th 07:30-21:00",,Lidl
way,98996419,Denner,Denner,Denner,supermarket,Dorfstrasse,16,8302,Kloten,47.4530025,8.5827886,Mo-Sa 07:00-20:00,,Denner
way,99475580,Coop,,,supermarket,,,,,47.5723316,8.2487801,Mo-Fr 08:00-20:00; Sa 07:30-18:00,,Coop
way,101502228,Denner,Denner,,supermarket,Riedmattstrasse,4,8153,Rümlang,47.4619043,8.5258082,Mo-Sa 08:00-20:00,https://www.denner.ch/,Denner
way,102576467,Aldi,Aldi,,supermarket,Rue de Lausanne,47,,,46.5162846,6.5056767,Mo-Th 08:00-18:45; Fr 08:00-20:00; Sa 08:00-18:00; PH closed,,Aldi
way,103806295,Coop,Coop,,supermarket,Mitteldorfstrasse,30,5722,Gränichen,47.3586792,8.0989923,Mo-Fr 07:30-20:00; Sa 07:30-18:00,,Coop
way,107779868,Coop,Coop,,supermarket,Rue Fritz-Courvoisier,22,,,47.103767,6.834924,Mo-Fr 07:30-19:00; Sa 07:30-18:00,,Coop
way,108199358,Coop,Coop,Coop,supermarket,Favrestrasse,6,9016,St. Gallen,47.4380037,9.4128242,"Mo-We,Fr 08:00-19:00; Th 08:00-21:00; Su off; Sa 08:00-17:00",,Coop
way,110286735,Migros,Migros,Migros,supermarket,Place de la Croix-Blanche,15,1066,Epalinges,46.5487358,6.6708028,,,Migros
way,110495035,Coop,Coop,Coop Genossenschaft,supermarket,Vordere Hofstatt,4,6472,Erstfeld,46.8243048,8.6490248,Mo-Th 07:30-18:30; Fr 07:30-20:00; Sa 07:30-17:00,,Coop
way,110538148,Migros,Migros,Genossenschaft Migros Luzern,supermarket,Gotthardstrasse,144,6472,Erstfeld,46.8251405,8.6500188,"Mo-Fr 07:30-18:30, Sa 07:30-17:00",https://filialen.migros.ch/de/migros-supermarkt-erstfeld,Migros
way,110656633,Aldi,Aldi,Aldi Suisse,supermarket,Industriepark,10,8610,Uster,47.3579909,8.7079723,Mo-Sa 07:30-20:00; PH off,https://www.aldi-suisse.ch/,Aldi
way,110721571,Coop,Coop,Coop Genossenschaft,supermarket,,,,,47.4825007,7.5456651,Mo-Fr 08:00-19:00; Sa 07:30-17:00,,Coop
way,113717588,Coop,Coop,,supermarket,Via Carlo Battaglini,1,6950,Tesserete,46.0686013,8.9681898,,,Coop
way,115192502,Migros,Migros,Genossenschaft Migros Ostschweiz,supermarket,Guggenbühlstrasse,1,8404,Winterthur,47.5109931,8.7587745,Mo-Fr 07:30-20:00; Sa 08:00-19:00; PH off,https://filialen.migros.ch/de/migros-supermarkt-winterthur-oberwinterthur,Migros
way,115750720,Denner,Denner,,supermarket,Oberwilerstrasse,40a,4106,Therwil,47.5035047,7.5543474,,,Denner
way,116949024,Coop,,,supermarket,Poststrasse,1,5436,Würenlos,47.4430446,8.3622708,,http://www.coop.ch/pb/site/vstinfo/node/76518709/Lde/index.htm#0&id=2374,Coop
way,118522321,Lidl,Lidl,,supermarket,Vorhard,14,5312,Döttingen,47.556677,8.2502663,,,Lidl
way,119055884,Denner,Denner,,supermarket,Bertiswilstrasse,34,6023,Rothenburg,47.0988444,8.2699443,Mo-Fr 07:30-18:30; Sa 07:30-17:00,,Denner
way,120196903,Denner,Denner,,supermarket,Buckstrasse,2,9463,Oberriet SG,47.3127025,9.5618758,"Mo-Th 07:30-12:00, 13:30-18:30; Fr 07:30-18:30; Sa 07:30-16:00",https://www.denner.ch/de/filialen/store/geschaeftshaus-buck-buckstrasse-2-9463-oberriet-sg/,Denner
way,120907753,Coop,Coop,,supermarket,Avenue de la Gare,115,1470,Estavayer-le-Lac,46.8459631,6.843193,,,Coop
way,121078775,Migros,Migros,,supermarket,Staatsstrasse,56,9463,Oberriet SG,47.3155363,9.5637631,Mo-Fr 07:00-19:00; Sa 07:00-17:00,https://filialen.migros.ch/de/migros-supermarkt-oberriet,Migros
way,123805627,Migros Partner,,,supermarket,,,,,47.5212007,7.7043983,"Mo-Sa 08:00-19:00, Su 09:00-18:00",https://filialen.migros.ch/de/migros-partner-pratteln-gehrenacker,Migros
way,124857016,Coop,,,supermarket,Dorfstrasse,60d,,,47.5019434,8.255189,Mo-Fr 08:00-19:00; Sa 08:00-18:00,,Coop
way,125105232,Coop,Coop,,supermarket,Quartier de la Levratte,22b,1260,Nyon,46.388031,6.2284464,,https://www.coop.ch/,Coop
way,126774098,Lidl,Lidl,,supermarket,Im Schörli,20,8600,Dübendorf,47.3952078,8.6381376,,https://www.lidl.ch,Lidl
way,126782604,Aldi,ALDI,Aldi Suisse,supermarket,Im Schossacher,24,8600,Dübendorf,47.3927331,8.6423534,Mo-Sa 07:30-20:00,https://www.aldi-suisse.ch/,Aldi
way,127600050,Coop,Coop,,supermarket,Forchstrasse,134,8125,Zollikerberg,47.346998,8.5967608,Mo-Sa 07:00-21:00,,Coop
way,127605906,Coop,,,supermarket,Forchstrasse,180,8125,Zollikerberg,47.34613,8.6018818,Mo-Sa 07:00-20:00,,Coop
way,127732520,Coop,Coop,,supermarket,Via Cantonale,23,6815,Melide,45.9552624,8.9481631,Su 07:30-18:30; Mo-Sa 07:30-19:00,,Coop
way,128875925,Migros,Migros,Genossenschaft Migros Basel,supermarket,Rothausstrasse,17,4132,Muttenz,47.526388,7.6556743,"Mo-Th 08:00-19:00, Fr 08:00-20:00, Sa 07:30-18:00; PH off",https://filialen.migros.ch/de/migros-supermarkt-muttenz-rothausstrasse,Migros
way,131183163,ALDI,ALDI,,supermarket,Industrie Neuhof,80,3422,Kirchberg BE,47.1002546,7.5694183,Mo-Fr 08:00-20:00; Sa 08:00-17:00,,Aldi
way,132752290,Coop,Coop,,supermarket,Hauptstrasse,70,4127,Birsfelden,47.552967,7.6219181,Mo-Fr 08:00-20:00; Sa 07:30-20:00,https://www.coop.ch/,Coop
way,133910182,Coop,Coop,Coop Genossenschaft,supermarket,Bahnhofstrasse,26,8240,Thayngen,47.7462324,8.7057625,Mo-Fr 07:30-20:00; Sa 07:30-18:00,,Coop
way,133955611,Lidl,Lidl,,supermarket,,,,,46.5324361,6.5874782,Mo-Fr 07:00-19:00; Sa 07:00-17:00; PH off,,Lidl
way,134097726,ALDI,ALDI,,supermarket,,,,,47.3873334,9.2740974,,,Aldi
way,136030368,Lidl,Lidl,,supermarket,,,,,47.4635306,9.3937558,"Mo-We 07:30-19:00, Th 07:30-21:00, Fr 07:30-19:00, Sa 07:30-17:00; PH,Su off",,Lidl
way,137382087,Lidl,Lidl,,supermarket,Schützenhausstrasse,7,8330,,47.365977,8.7707389,Mo-Sa 07:30-20:00,,Lidl
way,137820561,Aldi,Aldi,,supermarket,Zone Industrielle La Palaz,8B,1530,Payerne,46.8262475,6.927568,,,Aldi
way,138577158,Coop,Coop,,supermarket,Place Général Guisan,1,1530,Payerne,46.8218976,6.9415608,Mo-Th 08:00-19:00; Fr 08:00-20:00; Sa 08:00-17:00; Su off,,Coop
way,139247198,Denner,,,supermarket,,,,,46.2496474,7.0160377,Mo-Th 07:30-19:00; Fr 07:30-20:00; Sa 07:30-18:00; Su 08:00-12:00,,Denner
way,142868720,Aldi,ALDI,Aldi Suisse,supermarket,Birmenstorferstrasse,1,,,47.438581,8.2913689,,https://www.aldi-suisse.ch/,Aldi
way,143056634,Migros,Migros,,supermarket,Ulrich-Rösch-Strasse,5,9403,Goldach,47.4747485,9.4677543,Mo-Sa 07:00-19:00,,Migros
way,145611406,Denner,,,supermarket,Hauptstrasse,29,2575,Gerolfingen,47.0752913,7.201947,,,Denner
way,147064013,Aldi,,ALDI SUISSE AG,supermarket,Via della Posta,12,6600,Locarno,46.1677086,8.7970179,Mo-Fr 07:30-19:00; Th 07:30-21:00; Sa 07:30-18:30; Su 08:30-18:30,,Aldi
way,148116344,Aldi Suisse,Aldi,,supermarket,Bellacherstrasse,4,,,47.2163612,7.5132243,Mo-Th 07:30-18:30; Fr 07:30-20:00; Sa 07:30-18:00; PH off,,Aldi
way,149185750,Aldi,Aldi,,supermarket,Avenue du Chablais,3b,,,46.5268078,6.6037626,Mo-Fr 07:00-19:00; Sa 08:00-18:00,https://www.aldi-suisse.ch/,Aldi
way,150705175,Migros,,,supermarket,Bernstrasse,36,3175,Flamatt,46.8897361,7.3192087,Mo-Th 07:00-19:00; Fr 07:00-20:00; Sa 07:00-16:00,https://filialen.migros.ch/de/migros-supermarkt-flamatt-2/?gad_source=6&gad_campaignid=24081286038&gclid=Cj0KCQjw7eXTBhDBARIsAKF-w45uI56VZ3K7BH8QH7FUPuKTBsLjq4L02UH50OHVPi1QxHAAJwqU2jcaArwNEALw_wcB,Migros
way,151626899,Lidl,Lidl,,supermarket,Winznauerstrasse,99,4632,Trimbach,47.366217,7.9069537,,,Lidl
way,153188975,Lidl,Lidl,Lidl Schweiz,supermarket,Eichenaustrasse,35,9470,Buchs SG,47.1782965,9.4680662,,https://www.lidl.ch/,Lidl
way,153872741,Migros,Migros,Genossenschaft Migros Ostschweiz,supermarket,Bandwiesstrasse,6,8630,Rüti ZH,47.2581313,8.8489888,"Mo-Fr 08:00-20:00, Sa 08:00-19:00; PH off",https://filialen.migros.ch/de/migros-supermarkt-rueti-zh,Migros
way,154831418,Aldi,Aldi,Aldi Suisse,supermarket,Zugerstrasse,66,6403,Küssnacht am Rigi,47.1072539,8.4502076,"Mo-We,Sa 07:30-20:00; Th-Fr 07:30-21:00; PH off",https://www.aldi-suisse.ch/,Aldi
way,154978414,Lidl,Lidl,,supermarket,Grederstrasse,29,4512,Bellach,47.2117218,7.5097261,Mo-Th 07:30-18:30; Fr 07:30-21:00; Sa 07:30-18:00,,Lidl
way,156944311,Coop,Coop,,supermarket,Faubourg St-Germain,3,2900,Porrentruy,47.4171393,7.0776598,Mo-Fr 08:00-18:30; Th 08:00-20:00; Sa 08:00-17:00,,Coop
way,158637423,Lidl,Lidl,Lidl Stiftung & Co,supermarket,Dorfstrasse,75,6035,Perlen,47.1044568,8.3505541,Mo-Th 07:30-19:00; Fr 07:30-21:00; Sa 07:30-17:00,https://www.lidl.ch/,Lidl
way,159814110,Coop,Coop,,supermarket,Bahnhofstrasse,2,4704,Niederbipp,47.2695595,7.6936294,,,Coop
way,160128361,Lidl,Lidl,,supermarket,Zürcherstrasse,68,8852,Altendorf,47.1939202,8.8184289,,,Lidl
way,160488634,Coop,Coop,,supermarket,Bünzweg,2,,,47.4007542,8.2156449,"Mo-Fr 08:00-12:30, 13:30-19:00; Sa 08:00-18:00",https://www.coop.ch/en/locations/coop_supermarkt_othmarsingen/1675_POS,Coop
way,161294093,Coop,Coop,,supermarket,Prés-de-la-Porte,1,2108,Couvet,46.9219809,6.6241316,,,Coop
way,161457635,Migros,Migros,,supermarket,Rue de Comble-Emine,5,2053,Cernier,47.0580331,6.9019366,Mo-We 08:00-19:00; Th 08:00-20:00; Fr 08:00-19:00; Sa 08:00-18:00,https://filialen.migros.ch/fr/supermarche-migros-cernier,Migros
way,162895126,Coop,,,supermarket,Rue du Bruye,50,2732,Reconvilier,47.2307706,7.2124128,,,Coop
way,164483435,Migros,Migros,Genossenschaft Migros Aare,supermarket,Bellikerstrasse,13,8965,Berikon,47.3634491,8.3658755,Mo-We 08:00-19:00;Th-Fr 08:00-20:00;Sa 08:00-18:00;PH closed,https://filialen.migros.ch/de/migros-supermarkt-berikon-mutschellen,Migros
way,164631062,Lidl,Lidl,,supermarket,Bullenbergstrasse,2,5610,Wohlen AG,47.3480418,8.2618532,,,Lidl
way,164861862,Coop,,,supermarket,Hauptstrasse,37,5070,Frick,47.5090709,8.0193383,"Mo-Fr 08:00-20:00, Sa 07:30-18:00",,Coop
way,165532632,Lidl,Lidl,,supermarket,Böllistrasse,419,5072,Oeschgen,47.516376,8.0136095,Mo-Fr 08:00-20:00; Sa 07:30-18:00,,Lidl
way,166571493,ALDI,ALDI,,supermarket,Glismattenstrasse,20,,,46.3152527,7.9834303,Mo-Th 07:30-18:30; Fr 07:30-20:00; Sa 07:30-17:00,https://www.aldi-suisse.ch/,Aldi
way,166689298,Lidl,Lidl,,supermarket,Hauptstrasse,2,5502,Hunzenschwil,47.3872281,8.1356531,Mo-Sa 07:30-21:00,,Lidl
way,167061778,Migros,Migros,Genossenschaft Migros Ostschweiz,supermarket,Dürstlingweg,2,8203,Schaffhausen,47.6991774,8.6543601,"Mo-Fr 08:00-20:00, Sa 08:00-18:30; PH off",https://filialen.migros.ch/de/migros-supermarkt-schaffhausen-buchthalen,Migros
way,167978834,Denner,Denner,,supermarket,Alpenstrasse,134,8203,Schaffhausen,47.6986964,8.6550866,Mo-Fr 08:00-19:00; Sa 08:00-18:00,https://www.denner.ch/de/,Denner
way,168170142,Lidl,Lidl,Lidl Schweiz,supermarket,Wychelstrasse,1,3800,Matten bei Interlaken,46.6812119,7.8576028,Mo-Sa 07:30-21:00; Su 08:00-21:00,https://www.lidl.ch/,Lidl
way,168717625,Coop,Coop,Coop,supermarket,Untere Bönigstrasse,10,3800,Matten bei Interlaken,46.6898134,7.8693538,Mo-Th 08:00-19:00; Fr 08:00-21:00; Sa 08:00-17:00,,Coop
way,171452060,Coop,,,supermarket,,,,,47.4181283,8.2696427,Mo-Sa 08:00-20:00,,Coop
way,172124024,Lidl,Lidl,,supermarket,Steinacherstrasse,147,8820,Wädenswil,47.236935,8.6361631,Mo-Sa 07:30-21:00,,Lidl
way,172140332,Migros,Migros,,supermarket,Hauptstrasse,49,3855,Brienz BE,46.7551891,8.0280618,,,Migros
way,173060743,Migros,Migros,,supermarket,Route de Cossonay,9,1008,Prilly,46.5331906,6.6077643,Mo 08:30-19:00; Tu-Fr 08:00-19:00; Sa 07:30-18:00,,Migros
way,173811484,Lidl,Lidl,,supermarket,Etoy,41,1163,,46.474346,6.4142032,,https://www.lidl.ch/,Lidl
way,175449714,Lidl,Lidl,,supermarket,Schönenhofstrasse,10,8304,Wallisellen,47.4124864,8.61365,Mo-Sa 07:30-21:00; PH off,,Lidl
way,175868145,Lidl,Lidl,,supermarket,Bernstrasse,140,4852,Rothrist,47.3055262,7.8854195,,,Lidl
way,175961737,Denner,,,supermarket,Oberfeld,8,3283,Kallnach,47.0178248,7.2338168,Mo-Fr 07:00-19:00; Sa 08:00-17:00; Su 09:00-17:00,,Denner
way,178988286,Migros,Migros,Genossenschaft Migros Ostschweiz,supermarket,Bülacherstrasse,17,8424,Embrach,47.5101081,8.5917342,Mo-Fr 08:00-19:00; Sa 08:00-20:00; PH off,https://filialen.migros.ch/de/migros-supermarkt-embrach,Migros
way,179267863,Denner,Denner,,supermarket,Neuweg,4,8600,,47.3964117,8.6130143,,,Denner
way,183215037,Coop,Coop,,supermarket,Hauptstrasse,,3255,Rapperswil BE,47.0649661,7.4102985,,,Coop
way,183946954,Coop,Coop,,supermarket,Pl. du Seize-Mars,1,2610,St-Imier,47.1534849,6.999686,Mo-Th 08:00-19:00; Fr 08:00-20:00; Sa 07:30-17:00,https://www.coop.ch/fr/magasins/coop-supermarche-saint-imier/1089_POS,Coop
way,184013220,Lidl,Lidl,,supermarket,Solothurnstrasse,45,,,47.193405,7.3996971,"Mo,Th 07:30-18:30; Tu,We 08:00-18:30; Fr 08:00-21:00; Sa 07:30-18:00; PH off",,Lidl
way,188100026,Denner,Denner,,supermarket,Via Val Müstair,298,7537,Müstair,46.634888,10.4584047,"Mo-Sa 08:00-12:15,13:30-18:30; Su,PH off",,Denner
way,190929080,Denner,Denner,,supermarket,Sensemattstrasse,21,3174,Thörishaus,46.8936042,7.3515395,Mo-Fr 08:00-19:00; Sa 08:00-17:00,,Denner
way,191364308,Denner,Denner,,supermarket,Ufenaustrasse,2,8807,Freienbach,47.2036364,8.7662247,Mo-Sa 07:00-20:00; PH closed,,Denner
way,192068540,Coop,Coop,,supermarket,,,,,47.5398468,7.5727407,Mo-Fr 07:30-19:00; Sa 07:30-18:00,,Coop
way,192142413,Coop,Coop,Coop Genossenschaft,supermarket,Untere Bahnhofstrasse,2,8640,Rapperswil SG,47.2253443,8.8181237,Mo-Sa 06:00-22:00; Su 07:00-21:00,https://www.coop.ch/,Coop
way,192463678,Aldi,ALDI,Aldi Suisse,supermarket,Gwärbstrasse,4,6038,Honau,47.1316107,8.4031049,"Mo-Th 07:30-19:00, Fr 07:30-21:00, Sa 07:30-17:00; PH off",https://www.aldi-suisse.ch/,Aldi
way,192936478,Coop,Coop,,supermarket,Rue Principale,3,2735,Bévilard,47.2379258,7.2781136,Mo-Th 07:30-19:00; Fr 07:30-20:00; Sa 07:30-17:00,,Coop
way,193664549,Coop Morgental,,,supermarket,Morgental,39,8126,Zumikon,47.3369177,8.6182121,Mo-Sa 07:30-20:00,,Coop
way,194677758,Lidl,,,supermarket,Waldburgstrasse,11,9244,Niederuzwil,47.4426109,9.1463324,,,Lidl
way,194907862,ALDI,ALDI,,supermarket,Gennersbrunnerstrasse,63,8207,Schaffhausen,47.7160832,8.6645527,Mo-Sa 08:00-20:00,https://www.aldi-suisse.ch/de/filialen-und-oeffnungszeiten/l/schaffhausen,Aldi
way,195291147,Aldi,Aldi,Aldi Suisse,supermarket,Firststrasse,19,8835,Feusisberg,47.1898953,8.7400027,"Mo-Sa 07:30-20:00; Su,PH off",https://www.aldi-suisse.ch/,Aldi
way,195295344,Denner,Denner,,supermarket,Route de Neuchâtel,3,2053,Cernier,47.0582524,6.9008246,Mo-We 08:00-19:00; Th 08:00-20:00; Fr 08:00-19:00; Sa 08:00-18:00,https://www.denner.ch/,Denner
way,195438529,Migros,Migros,Genossenschaft Migros Zürich,supermarket,Güterstrasse,5,8952,Schlieren,47.3985467,8.4471494,"Mo-Fr 08:00-20:00, Sa 08:00-18:00; PH off",https://filialen.migros.ch/de/migros-supermarkt-schlieren-zentrum,Migros
way,196677450,Coop,,,supermarket,Rue de la Gare,7,2605,Sonceboz-Sombeval,47.1950173,7.178066,,,Coop
way,197187163,Migros,Migros,Genossenschaft Migros Aare,supermarket,Bachmattstrasse,35,5210,Windisch,47.4749164,8.2126961,Mo-Th 08:00-19:00; Fr 08:00-20:00; Sa 08:00-18:00; PH off,https://filialen.migros.ch/de/migros-supermarkt-windisch,Migros
way,198090124,Aldi,Aldi,,supermarket,Liebmattstrasse,7,4202,Duggingen,47.4564343,7.6052118,Mo-Sa 07:30-20:00,,Aldi
way,199343427,Denner,Denner,,supermarket,Alte Belpstrasse,1,3113,Rubigen,46.8924089,7.54153,Mo-Th 08:00-20:00; Fr 08:00-21:00; Sa 08:00-17:00; PH off,,Denner
way,199784934,ALDI,ALDI,,supermarket,Parkstrasse,2,4402,Frenkendorf,47.5006924,7.7216471,,,Aldi
way,199829081,Denner,Denner,,supermarket,Oswald-Heer-Gasse,4,9244,Niederuzwil,47.4460301,9.1416472,Mo-Fr 08:00-19:00; Sa 08:00-17:00; Su off,,Denner
way,200364212,Lidl,Lidl,,supermarket,Industriestrasse Ost,5,4614,Hägendorf,47.3350199,7.8502839,"Mo,Tu,We,Fr 08:00-18:30; Th 08:00-20:00; Sa 07:30-16:00",,Lidl
way,201388008,Denner,Denner,,supermarket,,,,,46.57347,6.60595,Mo-Fr 08:00-19:00,,Denner
way,201476231,Coop,Coop,,supermarket,Bernstrasse,39,4922,Bützberg,47.2139109,7.7437188,Mo-Fr 08:00-19:00; Sa 07:30-17:00,,Coop
way,201827030,Aldi,ALDI,Aldi Suisse,supermarket,Bernstrasse,378,,,47.3855492,8.3956967,Mo-Sa 08:00-20:00; PH closed,https://www.aldi-suisse.ch/,Aldi
way,202421398,Coop,Coop,,supermarket,Route du Bois,7,1753,Matran,46.7796491,7.0883572,Mo-Th 07:30-19:00; Fr 07:30-21:00; Sa 07:30-16:00,https://www.coop.ch/fr/entreprise/adresses-et-horaires/detail.html/5727/coop-supermarche-matran-neu.html,Coop
way,203474405,Lidl,Lidl,,supermarket,Pündtstrasse,7,9320,Arbon,47.4987091,9.420792,,,Lidl
way,203603184,Coop,Coop,Coop,supermarket,,,,,47.4939246,8.8652927,Mo-Fr 07:30-19:00; Sa 07:30-18:00,,Coop
way,204031198,Aldi,Aldi,Aldi Suisse,supermarket,Lengwilerstrasse,2,8280,Kreuzlingen,47.6389105,9.2043314,Mo-Sa 07:30-20:00,https://www.aldi-suisse.ch/,Aldi
way,204259966,Denner,Denner,,supermarket,Parkstrasse,11,6410,Goldau,47.0503409,8.5487595,Mo-Th 07:30-19:00; Fr 07:30-20:00; Sa 07:30-19:00,,Denner
way,204360636,Lidl,Lidl,,supermarket,Bahnhofstrasse,192,6423,Seewen SZ,47.0311735,8.6277377,"Mo-Th, Sa 07:30-20:00; Fr 07:30-21:00",,Lidl
way,204651826,Aldi,ALDI,,supermarket,Allmendweg,4,3123,Belp,46.8920382,7.5093303,Mo-Fr 08:00-20:00; Sa 08:00-17:00,,Aldi
way,205484930,Lidl,Lidl,,supermarket,Wydematt,1,6130,Willisau,47.1305988,8.0006131,Mo-Th 07:30-19:00; Fr 07:30-21:00; Sa 07:30-17:00; PH off,,Lidl
way,205774548,Coop,Coop,Coop,supermarket,Bahnhofstrasse,17,3125,Toffen,46.860357,7.4936475,"Mo-Fr 08:00-12:30,14:00-19:00; Sa 08:00-17:00",,Coop
way,206171305,ALDI,ALDI,Aldi Suisse,supermarket,Mattenfeldstrasse,1,5734,Reinach AG,47.2623562,8.1756726,,https://www.aldi-suisse.ch/,Aldi
way,206425603,Denner,Denner,,supermarket,Sandgasse,11,5734,Reinach AG,47.258848,8.1820839,,,Denner
way,206826065,ALDI,ALDI,,supermarket,Thunstrasse,29c,3770,Zweisimmen,46.5620289,7.3749885,Mo-Th 08:00-19:00; Fr 08:00-20:00; Sa 08:00-17:00,,Aldi
way,207170010,Lidl,Lidl,,supermarket,Rue des Champs Lovats,4,1400,Yverdon-les-Bains,46.767844,6.6511818,Mo-Fr 07:30-18:30; Sa 07:30-18:00,,Lidl
way,207494940,Coop,Coop,,supermarket,Breitistrasse,32,8303,Bassersdorf,47.4425457,8.6311849,Mo-Sa 07:30-20:00,https://www.coop.ch/de/standorte/coop_supermarkt_bassersdorf/4455_POS,Coop
way,207792546,Migros,Migros,Genossenschaft Migros Aare,supermarket,Sandgasse,6,5734,Reinach AG,47.2577414,8.1815935,"Mo-Th 08:00-19:00, Fr 08:00-20:00, Sa 08:00-18:00; PH off",https://filialen.migros.ch/de/migros-supermarkt-reinach-ag,Migros
way,207884263,Coop,Coop,,supermarket,,16,3672,Oberdiessbach,46.8373914,7.61761,,,Coop
way,208170681,ALDI,ALDI,Aldi,supermarket,,,,,46.1091782,7.0762006,Mo-Th 07:30-18:30; Fr 07:30-20:00; Sa 07:30-17:00,,Aldi
way,208524762,ALDI,ALDI,,supermarket,,13,1723,Marly,46.7820022,7.1482833,Mo-Th 07:30-19:00; Fr 07:30-21:00; Sa 07:30-16:00; PH off,,Aldi
way,208524769,Lidl,Lidl,,supermarket,Route des Ecoles,47,1723,Marly,46.7828992,7.1474296,Mo-Th 07:30-19:00; Fr 07:30-21:00; Sa 07:30-16:00; PH off,,Lidl
way,208643550,Lidl,Lidl,,supermarket,Seetalstrasse,90,8280,Kreuzlingen,47.6404685,9.1992864,Mo-We07:30-20:00; Th 07:30-21:00; Fr-Sa 07:30-20:00,,Lidl
way,208734142,Coop,Coop,Coop Genossenschaft,supermarket,Seesatz,11,6204,Sempach,47.1245744,8.1941672,Mo-Fr 07:30-19:00; Sa 07:30-17:00,,Coop
way,208919800,Coop,Coop,,supermarket,Via Maistra,108,7505,Celerina/Schlarigna,46.5132151,9.8622131,"Mo-Fr 08:15-12:15,14:00-18:30; Sa 08:15-12:15,14:00-17:00",,Coop
way,208973716,Coop,Coop,,supermarket,Lerchenfeldstrasse,45,3603,Thun,46.7645568,7.6006507,,,Coop
way,209074575,ALDI,ALDI,,supermarket,Weststrasse,22,8570,Weinfelden,47.5684662,9.0957184,Mo-Sa 07:30-20:00,,Aldi
way,210263182,ALDI,ALDI,,supermarket,Cho d'Punt,43,7503,Samedan,46.5292217,9.8747068,Mo-Sa 07:30-20:00,,Aldi
way,210282424,Migros,Migros,Genossenschaft Migros Aare,supermarket,Sagiweg,8,5737,Menziken,47.2416062,8.186571,"Mo-Fr 08:00-19:00, Sa 08:00-17:00; PH off",https://filialen.migros.ch/de/migros-supermarkt-menziken,Migros
way,210580635,Lidl,Lidl,,supermarket,Kreuzlingerstrasse,48,8590,Romanshorn,47.571703,9.3663721,"Mo-We 07:30-20:00; Th 07:30-21:00; Fr,Sa 07:30-20:00",,Lidl
way,210875706,Lidl,Lidl,,supermarket,Mittlere Strasse,76,3600,Thun,46.7561102,7.6128172,Mo-Th 07:30-20:00; Fr 07:30-21:00; Sa 07:30-17:00,,Lidl
way,211455586,Aldi,Aldi,,supermarket,Kantonsstrasse,66e,3930,Eyholz,46.2955756,7.9165642,Mo-Th 07:30-18:30; Fr 07:30-20:00; Sa 07:30-17:00,https://www.aldi-suisse.ch/,Aldi
way,212816093,Lidl,Lidl,,supermarket,Thunstrasse,14,3700,Spiez,46.6900993,7.6735467,"Mo, Th 07:30-20:00; Tu, We 08:00-20:00; Fr 08:00-21:00; Sa 07:30-17:00",,Lidl
way,212884229,Denner,Denner,,supermarket,Jungfraustrasse,2,2543,Lengnau BE,47.1796602,7.3700993,Mo-Fr 07:00-19:00; Sa 07:00-17:00; PH off,,Denner
way,215481314,ALDI,ALDI,,supermarket,Lindenallee,106,3800,Interlaken,46.6885853,7.8780524,Mo-Fr 08:00-20:00; Sa 08:00-17:00,,Aldi
way,216668196,Migros,Migros,,supermarket,Frutigenstrasse,60,,,46.7450724,7.6261754,Mo-Th 08:00-19:00; Fr 08:00-21:00; Sa 07:30-17:00,,Migros
way,217135973,Coop,Coop,,supermarket,Schulstrasse,32,3604,Thun,46.7403021,7.6218629,Mo-Th 08:00-20:00; Fr 08:00-21:00; Sa 08:00-17:00,,Coop
way,217895800,ALDI,ALDI,Aldi Suisse,supermarket,Spitalstrasse,60,8630,Rüti (ZH),47.2609092,8.8396667,Mo-Sa 07:30-20:00; Su off,https://www.aldi-suisse.ch/,Aldi
way,217931981,Coop,Coop,,supermarket,Route du Plan,1,1637,Charmey (Gruyère),46.6197823,7.1605728,Mo-Sa 07:30-19:00; Su 08:00-18:00,,Coop
way,219200737,Lidl,Lidl,,supermarket,Zürichstrasse,73,8840,Einsiedeln,47.1383705,8.744911,Mo-Fr 07:30-20:00; Sa 07:30-18:00,https://www.lidl.ch/,Lidl
way,219234440,COOP,,,supermarket,Stössen,833,3154,Rüschegg Heubach,46.7809831,7.4081968,,,Coop
way,219695314,Migros,Migros,Genossenschaft Migros Ostschweiz,supermarket,Thurstrasse,3,8555,Müllheim Dorf,47.5997318,9.0007983,"Mo-Fr 08:00-20:00, Sa 08:00-19:00; PH off",https://filialen.migros.ch/de/migros-supermarkt-muellheim,Migros
way,220169628,Denner Express,Denner,Saridas Sedar,supermarket,Hauptstrasse,23,5035,Unterentfelden,47.3669185,8.0439699,Mo-Fr 08:00-19:00; Sa 08:00-18:00,https://www.denner.ch/,Denner
way,220397958,ALDI,ALDI,,supermarket,,,,,46.7106119,9.4372746,,,Aldi
way,220517389,Coop,Coop,,supermarket,,,,,46.2261219,7.3607635,Mo-Th 08:00-18:30; Fr 08:00-20:00; Sa 08:00-17:00,https://www.coop.ch/,Coop
way,220522768,Denner,Denner,,supermarket,Gelterkinderstrasse,30,4450,Sissach,47.4618416,7.8240872,,,Denner
way,221170588,Coop,Coop,,supermarket,Bahnhofstrasse,8,3232,Ins,47.0055708,7.103502,Mo-Th 07:00-19:00; Fr 07:00-20:00; Sa 07:00-17:00,,Coop
way,221640003,Coop,Coop,,supermarket,,,,,47.4170268,9.2511332,Mo-Th 08:00-19:00; Fr 08:00-20:00; Sa 08:00-17:00,,Coop
way,221873918,Coop,Coop,,supermarket,Aathalstrasse,40,8610,Uster,47.3450259,8.7306203,Mo-Sa 07:30-20:00,https://www.coop.ch/,Coop
way,222237390,Coop,Coop,,supermarket,Dorfstrasse,22,9657,Unterwasser,47.1968472,9.3105009,Mo-Fr 08:00-19:00; Sa 08:00-18:00,,Coop
way,222767923,Denner,Denner,,supermarket,Langenthalstrasse,21,4912,Aarwangen,47.2388052,7.7704152,,,Denner
way,222859438,Aldi,Aldi,,supermarket,,,,,46.2281715,7.3795051,Mo-Th 07:30-18:30; Fr 07:30-20:00; Sa 07:30-17:00,https://www.aldi-suisse.ch,Aldi
way,222948466,Denner,Denner,,supermarket,Paradiesweg,1,5330,Bad Zurzach,47.5896956,8.2920146,"Mo-Fr 08:00-19:00, Sa 07:30-18:00",https://www.denner.ch/de/,Denner
way,223027141,Coop,Coop,,supermarket,,1032,3825,Mürren,46.559596,7.8938112,Mo-Su 08:00-18:30,,Coop
way,224311979,Lidl,Lidl,Lidl,supermarket,St. Gallerstrasse,244,9200,Gossau SG,47.4128203,9.2718404,,,Lidl
way,225082227,Aldi,Aldi,,supermarket,Route de Reculan,7,1024,Ecublens VD,46.5391429,6.5543298,Mo-Fr 08:00-19:00; Sa 08:00-18:00; Su off,https://www.aldi-suisse.ch/,Aldi
way,225306322,ALDI,ALDI,,supermarket,Pleine-Eau,5,2710,Tavannes,47.2157279,7.1930146,,,Aldi
way,228292718,Aldi,Aldi,Aldi Suisse,supermarket,Viale Alessandro Volta,22,6830,Chiasso,45.8360294,9.0350283,"Mo-We, Fr 07:30-19:00; Th 07:30-21:00; Sa 07:30-18:30",,Aldi
way,230392069,Denner,Denner,,supermarket,Mitteldorf,13,5102,Rupperswil,47.4026918,8.1276591,,,Denner
way,230543909,Migros,Migros,,supermarket,Route de Lausanne,2,1610,Oron-la-Ville,46.5720462,6.8257128,Mo-Fr 08:00-20:00;Sa 08:00-18:00;PH off,,Migros
way,230547120,Coop,Coop,,supermarket,Route de Lausanne,31,1610,Oron-la-Ville,46.5706561,6.8202282,Mo-Th 08:00-19:00;Fr 08:00-20:00;Sa 08:00-18:00;PH off,,Coop
way,231501108,ALDI,ALDI,Aldi Suisse SA,supermarket,Chemin des Taborneires,6,1350,Orbe,46.7194291,6.5460644,,,Aldi
way,231603876,Coop,Coop,Coop Genossenschaft,supermarket,Bahnhofstrasse,13,6285,Hitzkirch,47.224008,8.2601241,,,Coop
way,232783222,Aldi,Aldi,,supermarket,Via Grüneck,2,7130,Ilanz,46.7752847,9.1911824,,,Aldi
way,232830868,Lidl,Lidl,Lidl Schweiz,supermarket,Langfeldstrasse,70,8500,Frauenfeld,47.5656175,8.9077152,Mo-Sa 07:30-20:00; Th 07:30-21:00; PH off,,Lidl
way,232877652,Migros,Migros,Genossenschaft Migros Luzern,supermarket,,,6243,Egolzwil,47.1835483,7.9814595,"Mo-Th 08:00-19:00, Fr 08:00-20:00, Sa 08:00-17:00; PH off",https://filialen.migros.ch/de/migros-supermarkt-egolzwil-schoetz,Migros
way,233007585,Coop,Coop,,supermarket,Route Neuve,103,1983,Evolène,46.1084506,7.5012911,"Mo-Sa 08:00-12:30, 14:00-18:30",,Coop
way,233903441,Migros,Migros,Genossenschaft Migros Ostschweiz,supermarket,Pflanzschulstrasse,9,8400,Winterthur,47.4947549,8.7400756,Mo-Fr 07:30-20:00; PH off; Sa 08:00-19:00,https://filialen.migros.ch/de/migros-supermarkt-winterthur-deutweg,Migros
way,234169949,Lidl,Lidl,,supermarket,,,,,46.2935827,7.8937345,Mo-Th 07:30-18:30; Fr 07:30-20:00; Sa 07:30-17:00,https://www.lidl.ch/s/de-CH/filialfinder/visp/kantonsstrasse-49/,Lidl
way,234170207,Lidl,Lidl,,supermarket,,,,,46.3076201,7.9622298,Mo-Th 08:00-18:30; Fr 08:00-20:00; Sa 08:00-17:00,,Lidl
way,234350973,Coop,,,supermarket,Römertorstrasse,16,8404,,47.5091132,8.7587059,Mo-Fr 07:30-20:00; Sa 07:30-18:00,,Coop
way,237098998,Coop,Coop,,supermarket,Hauptstrasse,17,3713,Reichenbach im Kandertal,46.6252112,7.6905662,Mo-Fr 08:00-18:30; Sa 08:00-17:00,,Coop
way,237588608,Coop,Coop,,supermarket,Aarestrasse,1,,,46.7834634,7.6088595,,,Coop
way,238448799,Migros,Migros,,supermarket,Avenue Général-Guisan,32,3960,Sierre,46.2923031,7.5291559,,https://www.migros.ch/,Migros
way,238691616,Lidl,Lidl,,supermarket,Reitmenstrasse,5,8952,Schlieren,47.3992883,8.432482,Mo-Sa 07:30-21:00; PH off,,Lidl
way,240465746,Coop,Coop,,supermarket,Untergstaadstrasse,20,3780,Gstaad,46.4765274,7.283286,Mo-Th 08:00-19:00; Fr 08:00-20:00; Sa 08:00-17:00,,Coop
way,241915586,Aldi,Aldi,,supermarket,Chemin de Champ-Francey,150,1630,Bulle,46.6316185,7.0605678,,,Aldi
way,242351366,Migros,Migros,Genossenschaft Migros Ostschweiz,supermarket,Hohlenbaumstrasse,79,8200,Schaffhausen,47.7063821,8.6198841,Mo-Fr 08:00-20:00; Sa 08:00-18:00; PH off,https://filialen.migros.ch/de/migros-supermarkt-schaffhausen-breite,Migros
way,242538980,Coop,Coop,,supermarket,Zielstrasse,13,9050,Appenzell,47.3336452,9.4070007,Mo-Fr 07:30-19:30; Sa 07:30-17:00,https://www.coop.ch/de/standorte/coop-supermarkt-appenzell/1926_POS,Coop
way,243749141,Aldi,,,supermarket,,,,,46.0359182,8.9267958,,,Aldi
way,245667779,Migros,Migros,Genossenschaft Migros Aare,supermarket,Untergstaadstrasse,3,3780,Gstaad,46.4782507,7.2825614,"Mo-Th, Sa 08:00-19:00; Fr 08:00-20:00",,Migros
way,248366692,Migros,Migros,,supermarket,Via Corogna,7,6532,Castione,46.2252193,9.0440119,,,Migros
way,248367075,Lidl,Lidl,,supermarket,Via San Gottardo,6,6532,Castione,46.2254928,9.0432184,"Mo-We, Fr 07:30-19:00; Th 07:30-21:00; Sa 07:30-18:30",,Lidl
way,250356565,Lidl,Lidl,,supermarket,Grand-Rue,64,2732,Reconvilier,47.2347264,7.2290643,,,Lidl
way,252014651,Migros,Migros,Genossenschaft Migros Ostschweiz,supermarket,Bachtelstrasse,16,8340,Hinwil,47.3003131,8.8444198,"Mo-Fr 08:00-20:00, Sa 08:00-19:00; PH off",https://filialen.migros.ch/de/migros-supermarkt-hinwil,Migros
way,252077920,Denner,Denner,,supermarket,Heinrich Gujer-Strasse,28,8494,Bauma,47.3681586,8.87987,Mo-Fr 08:00-19:00; Sa 08:00-17:00,,Denner
way,252155043,Migros,Migros,,supermarket,Route du Pré-Vert,5,1580,Avenches,46.8864203,7.0454966,Mo-Th 08:00-19:00; Fr 08:00-20:00; Sa 08:00-17:00,,Migros
way,252183487,Denner,Denner,,supermarket,Via San Gottardo,58,6500,Bellinzona,46.2015244,9.033869,"Mo-We, Fr 07:30-19:00; Th 07:30-20:00; Sa 07:30-18:30",https://www.denner.ch/it/filiali/6500-bellinzona~s1145007,Denner
way,254283782,Migros,Migros,Genossenschaft Migros Ostschweiz,supermarket,Wilerstrasse,17,9602,Bazenheid,47.4126633,9.0680512,"Mo-Fr 08:00-19:00, Sa 08:00-17:00; PH off",https://filialen.migros.ch/de/migros-supermarkt-bazenheid,Migros
way,254865005,Migros,Migros,Genossenschaft Migros Ostschweiz,supermarket,St. Gallerstrasse,115,9200,Gossau SG,47.4175306,9.256357,"Mo-Th 08:00-19:00, Fr 08:00-20:00, Sa 08:00-17:00; PH off",https://filialen.migros.ch/de/migros-supermarkt-gossau,Migros
way,256050439,Coop,Coop,Coop Genossenschaft,supermarket,Bahnhofstrasse,1a,8213,Neunkirch,47.6894631,8.4957691,"Mo-Fr 08:00-19:00, Sa 08:00-18:00",,Coop
way,256088165,Migros,Migros,Genossenschaft Migros Ostschweiz,supermarket,Löhningerstrasse,4,8213,Neunkirch,47.6902833,8.504537,Mo-Fr 08:00-20:00; Sa 08:00-18:00; PH off,https://filialen.migros.ch/de/migros-supermarkt-neunkirch,Migros
way,256296613,Denner,Denner,,supermarket,Hagenwilerstrasse,1,8580,Amriswil,47.5438159,9.2859398,,,Denner
way,256616814,Lidl,Lidl,Lidl Stiftung & CO,supermarket,Bahnhofstrasse,45,6454,Flüelen,46.8950505,8.6236555,Mo-Th 07:30-18:30; Fr 07:30-20:00; Sa 07:30-17:00,,Lidl
way,256848539,Coop,Coop,Coop Genossenschaft,supermarket,,,,,47.6826684,8.6198439,Mo-Fr 07:30-20:00; Sa 07:30-18:00,,Coop
way,257127221,Coop,Coop,,supermarket,Chemin de Rivaboux,,1347,Le Sentier,46.6067279,6.2327798,08:00-18:30,,Coop
way,257944771,ALDI,ALDI,Aldi,supermarket,Rütistrasse,1,9320,Arbon,47.5210245,9.418023,,,Aldi
way,258502276,Coop,Coop,Coop Genossenschaft,supermarket,Zürichstrasse,44,8840,Einsiedeln,47.1325071,8.7451981,Mo-Sa 08:00-20:00,https://www.coop.ch/,Coop
way,258639860,Coop,Coop,,supermarket,Grand-Rue,19,1337,Vallorbe,46.7118052,6.3781781,Mo-Fr 07:30-18:30; Sa 07:30-18:00,,Coop
way,258639862,Migros,Migros,,supermarket,Grand Rue,23,1337,Vallorbe,46.7117841,6.3778618,Mo-Fr 07:30-18:30; Sa 07:30-18:00,,Migros
way,261666721,Aldi,Aldi,Aldi Suisse,supermarket,Wässeristrasse,18,8340,Hinwil,47.3050784,8.8232067,Mo-Sa 07:30-20:00; PH off,https://www.aldi-suisse.ch/,Aldi
way,261666728,Denner,Denner,Denner,supermarket,Wässeristrasse,20,8340,Hinwil,47.3055452,8.8236874,Mo-Sa 07:30-20:00; PH off,,Denner
way,262777237,Lidl,Lidl,,supermarket,Alte Lyssstrasse,7,3270,Aarberg,47.0524751,7.2861125,Mo-Th 07:30-20:00; Fr 07:30-21:00; Sa 07:30-17:00; PH off,,Lidl
way,262905655,ALDI,ALDI,Aldi Suisse,supermarket,Bernstrasse,7,3238,Gals,47.0214385,7.0433758,Mo-Fr 08:00-20:00; Sa 08:00-17:00,,Aldi
way,263462625,Lidl,Lidl,Lidl Stiftung & CO,supermarket,Mühlebachstrasse,2,6370,Stans,46.9674142,8.3576403,"Mo-Th 07:30-20:00; Fr 07:30-21:00; Sa 07:30-20:00; Su,PH off",,Lidl
way,263494170,Aldi Suisse,Aldi Suisse,Aldi Suisse AG,supermarket,Via Monte Ceneri,6,6573,,46.1529315,8.9138566,Mo-Fr 07:30-19:00; Th 07:30-21:00; Sa 07:30-18:30,,Aldi
way,265284973,Coop,,Coop,supermarket,Furkastrasse,21,3984,Fiesch,46.4014283,8.132974,Mo-Sa 08:00-18:30; Su 08:00-12:00,,Coop
way,269115398,Coop,,,supermarket,,,,,46.1488487,7.1744835,,,Coop
way,272715886,Aldi,Aldi,Aldi Suisse,supermarket,Wiesentalstrasse,2,8730,Uznach,47.2288474,8.9652598,"Mo-Th 07:30-19:00, Fr 07:30-20:00, Sa 07:30-17:00; PH off",https://www.aldi-suisse.ch/,Aldi
way,273873477,Denner,Denner,,supermarket,,,,,46.3183732,7.9851927,,,Denner
way,275188831,Coop,Coop,,supermarket,Via Valmaggina,11,6675,Cevio,46.3184118,8.6019053,Mo-Fr 08:00-19:00; Sa 08:00-18:30,,Coop
way,275190416,Migros Partner,,Migros Partner;Fam. Rupf AG,supermarket,Petersburg,416,8262,Ramsen,47.7067525,8.8209241,"Mo-Sa 08:00-19:00, PH 09:00-19:00, Su 09:00-19:00",https://filialen.migros.ch/de/migros-partner-ramsen,Migros
way,275392109,Coop,Coop,Coop,supermarket,Gupfstrasse,17,8344,Bäretswil,47.3352417,8.8550636,Mo-Sa 07:30-20:00,https://www.coop.ch/de/services/standorte-und-oeffnungszeiten/detail.html/1261/Coop Supermarkt Bäretswil,Coop
way,277204554,Lidl,Lidl,,supermarket,Chemin du Devin,17,1510,Moudon,46.6607423,6.7956866,Mo-Th 07:30-19:00; Fr 07:30-20:00; Sa 07:30-17:00,,Lidl
way,277660316,Aldi,ALDI,Aldi Suisse,supermarket,Lenzburgerstrasse,2,5702,Niederlenz,47.3977852,8.1782382,Mo-Sa 07:30-20:00,https://www.aldi-suisse.ch/,Aldi
way,278977253,Coop,Coop,Coop,supermarket,Stradón,17,6653,Verscio,46.1861778,8.7331426,"Mo-Fr 08:00-18:30, Sa 08:00-17:00",,Coop
way,282407360,Coop,Coop,Coop Genossenschaft,supermarket,Bahnhofstrasse,28,8253,Diessenhofen,47.6870592,8.7539654,,,Coop
way,282407425,Migros,Migros,Genossenschaft Migros Ostschweiz,supermarket,Bahnhofstrasse,15,8253,Diessenhofen,47.6859793,8.7521131,"Mo-Fr 08:00-20:00, Sa 08:00-18:00; PH off",https://filialen.migros.ch/de/migros-supermarkt-diessenhofen,Migros
way,285211161,ALDI,ALDI,Aldi Suisse,supermarket,,,,,47.4793947,7.5962675,,,Aldi
way,286214653,Lidl,Lidl,,supermarket,Cilanderstrasse,8,9100,Herisau,47.3866427,9.2745352,,,Lidl
way,286601752,Migros,Migros,Genossenschaft Migros Ostschweiz,supermarket,Grundstrasse,4,8320,Fehraltorf,47.3866189,8.7557019,"Mo-Fr 08:00-20:00, Sa 08:00-19:00; PH off",https://filialen.migros.ch/de/migros-supermarkt-fehraltorf,Migros
way,288612897,Lidl,Lidl,,supermarket,Avenue du Mont-Blanc,35,1196,Gland,46.4158081,6.2732816,Mo-Fr 08:00-19:00; Sa 08:00-18:00,,Lidl
way,288636545,Coop,,Coop,supermarket,Alpwegern,2,3860,Meiringen,46.7284591,8.1817093,Mo-Fr 08:00-19:00; Sa 08:00-18:00,,Coop
way,290023450,Aldi,,,supermarket,Via Chiodenda,7,6982,Agno,45.9961732,8.9043924,,,Aldi
way,290144230,Coop,Coop,,supermarket,Niederbürerstrasse,5,9220,Bischofszell,47.4901921,9.2378343,Mo-Fr 08:00-20:00; Sa 08:00-18:00,,Coop
way,291493897,Migros,,,supermarket,Rue Albert-Gobat,1,2720,Tramelan,47.2234844,7.0998063,,,Migros
way,291508130,Coop,Coop,,supermarket,Rue Haute,11,2720,Tramelan,47.2235969,7.0990978,,,Coop
way,291764709,Migros,Spar,,supermarket,Hauptstrasse,97a,6436,Muotathal,46.9727013,8.7668776,"Mo-Fr 07:00-11:45, 13:00-18:30; Sa 07:00-16:00",,Migros
way,294163517,Lidl,Lidl,,supermarket,Italienische Strasse,25,7430,Thusis,46.7101692,9.4357658,,,Lidl
way,295897331,Denner,Denner,,supermarket,,,,,46.291489,7.887738,Mo-Th 08:00-18:30; Fr 08:00-20:00; Sa 08:00-17:00,https://www.denner.ch/de/filialen/3930-visp~s1145291,Denner
way,298491092,Denner,Denner,,supermarket,Via Saresc,4,6760,Faido,46.4765183,8.7993157,,,Denner
way,303010721,Denner,Denner,,supermarket,Via Cantonale,24,6802,Rivera,46.124279,8.9241829,"Mo-We, Fr 07:30-19:00; Th 07:30-20:00; Sa 07:30-18:30",,Denner
way,303334984,Aldi,ALDI,Aldi Suisse,supermarket,Pilatusstrasse,18,6036,Dierikon,47.0936721,8.3621027,"Mo-Th 07:30-19:00, Fr 07:30-21:00, Sa 07:30-17:00; PH off",https://www.aldi-suisse.ch/,Aldi
way,304428934,Aldi,Aldi,,supermarket,Flüelerstrasse,34,6460,Altdorf UR,46.8875381,8.6341984,Mo-Th 07:30-18:30; Fr 07:30-20:00; Sa 07:30-17:00,,Aldi
way,305011565,Coop,Coop,,supermarket,Herbergstrasse,12,9524,Zuzwil SG,47.4732963,9.1122573,,,Coop
way,305610593,Lidl,Lidl,Lidl Suisse,supermarket,Chemin des Maladières,18,2022,Bevaix,46.9207817,6.8068295,Mo-We 07:30-19:00; Th 07:30-20:00; Fr 07:30-19:00; Sa 07:30-18:00,https://www.lidl.ch/,Lidl
way,305696546,ALDI,ALDI,Aldi Suisse AG,supermarket,Kägiswilerstrasse,39,6060,Sarnen,46.9059687,8.2560314,,,Aldi
way,305847334,Lidl,Lidl,,supermarket,Alte Bernstrasse,28,2558,Aegerten,47.1183003,7.2918586,,,Lidl
way,307078479,Coop,Coop,Coop Genossenschaft,supermarket,Schoriederstrasse,1,6055,Alpnach Dorf,46.9377064,8.2696336,Mo-Fr 07:30-19:00; Sa 07:30-18:00,https://www.coop.ch/de/standorte/coop-supermarkt-alpnach/1324_POS,Coop
way,307418672,Migros,Migros,,supermarket,,,,,46.8090254,7.1715019,,,Migros
way,307856009,ALDI,ALDI,,supermarket,,,,,46.3850202,6.9200459,Tu-Th 07:30-19:30; Fr 07:30-21:00; Sa 07:30-18:00,https://www.aldi-suisse.ch/fr/,Aldi
way,307856011,Lidl,Lidl,,supermarket,Rue Centrale,1,1845,Noville,46.3876185,6.9214493,,,Lidl
way,308193972,Aldi,Aldi,Aldi Suisse,supermarket,Lerchentalstrasse,14,9016,St. Gallen,47.4433899,9.4168978,,https://www.aldi-suisse.ch/,Aldi
way,309692460,Coop,Coop,,supermarket,Via Andrea Salvatore Aglio,28,6864,Arzo,45.8739793,8.9458993,Mo-Sa 08:00-19:00,,Coop
way,309809342,Lidl,Lidl,,supermarket,Lerchenfeldstrasse,11,9014,St. Gallen,47.4131052,9.3395448,"Mo-We, Fr 07:30-19:00; Th 07:30-21:00; Sa 07:30-17:00",,Lidl
way,311162404,Lidl,Lidl,,supermarket,Via Serrai,8,6592,S. Antonino,46.1539023,8.9652912,"Mo-We,Fr,Sa 07:30-18:30; Th 07:30-21:00",https://www.lidl.ch/,Lidl
way,314895405,Denner,Denner,,supermarket,Via Gorelle,4,6592,S. Antonino,46.1562584,8.9720527,,,Denner
way,316945525,Denner,Denner,,supermarket,Felsgartenstrasse,3,,,47.4282246,8.1689321,Mo-Fr 08:00-19:00; Sa 07:00-18:00,,Denner
way,317171725,Lidl,Lidl,,supermarket,Via St. Franscini,3,6710,Biasca,46.3516593,8.9725783,,,Lidl
way,317171742,Migros,Migros,,supermarket,Via Gen. Guisan,26,6710,Biasca,46.3535104,8.9725863,"Mo-We,Fr 07:30-19:00; Th 07:30-20:00; Sa 07:30-18:30",,Migros
way,317171744,Denner,Denner,,supermarket,Via Quinta,15,6710,Biasca,46.3532173,8.9717487,,,Denner
way,317856639,Migros,Migros,Migros Ostschweiz,supermarket,Alpsteinstrasse,8b,9100,Herisau,47.3787171,9.2788118,24/7,https://filialen.migros.ch/de/migros-supermarkt-herisau-alpsteinstrasse,Migros
way,318258547,Migros,Migros,Cooperativa Migros Ticino,supermarket,Piazza Rinaldo Simen,8,6500,Bellinzona,46.1937181,9.0242607,"Mo-We,Fr 07:30-18:30; Th 07:30-20:00; Sa 07:30-17:00; PH closed",https://filialen.migros.ch/it/supermercato-migros-bellinzona/,Migros
way,319912426,Aldi,Aldi,,supermarket,Route de Gland,36,,Vich,46.4260564,6.253336,Mo-Th 07:30-19:30; Fr 07:30-20:00; Sa 07:30-18:00,,Aldi
way,322432266,Migros,Migros,,supermarket,Ringstrasse,91.2,7000,Chur,46.85775,9.5209563,Mo-Fr 07:30-20:00; Sa 07:30-18:00; Su off,,Migros
way,322889012,Coop,Coop,,supermarket,Hauptstrasse,10,5616,Meisterschwanden,47.2958425,8.2281155,Mo-Fr 08:00-12:00; Sa 07:30-20:00,,Coop
way,324478967,Aldi,Aldi,,supermarket,Hauptstrasse,8,4415,Lausen,47.4747244,7.7512997,Mo-Sa 07:30-20:00,,Aldi
way,324479164,Lidl,Lidl,,supermarket,Hauptstrasse,135,4415,Lausen,47.4705737,7.7651664,Mo-Sa 07:30-21:00,,Lidl
way,327870440,Lidl,Lidl,,supermarket,Glärnischstrasse,5,9535,Wilen bei Wil,47.4539362,9.0411358,"Mo-We,Fr,Sa 07:30-20:00; Th 07:30-21:00",,Lidl
way,329857722,Denner,Denner,Denner AG,supermarket,Dorfstrasse,5,6173,Flühli LU,46.8835986,8.0169083,"Mo, Tu, Th, Fr 06:30-12:00, 13:30-18:30; We off; Sa 06:30-16:00; Su, PH off",https://www.denner.ch/de/filialen/6173-fluehli-lu~s1145427,Denner
way,333987640,Coop,Coop,,supermarket,Hauptstrasse,11,3752,Wimmis,46.6756439,7.6380204,,,Coop
way,337899601,Denner,Denner,,supermarket,,,,,46.2414173,10.1332999,Mo-Sa 07:30-19:00,,Denner
way,339930193,Lidl,Lidl,,supermarket,Im Gehrenhof,2,9450,Lüchingen,47.387823,9.5608375,"Mo-Th 07:30-19:00; Fr 07:30-20:00; Sa 07:30-17:00; Su,PH off",,Lidl
way,354752329,Lidl,Lidl,,supermarket,Aarauerstrasse,36,5630,Muri AG,47.2797866,8.3360741,Mo-Th 07:30-20:00; Sa 07:30-20:00; Fr 07:30-21:00,,Lidl
way,357261817,Coop,Coop,,supermarket,Chemin de la Maraîche,33,1926,Fully,46.1509677,7.1455716,,,Coop
way,363989553,Coop,Coop,Coop,supermarket,Hauptstrasse,211,2552,Orpund,47.1391476,7.3115576,"Mo-Fr 07:00-19:00, Sa 07:00-17:00",,Coop
way,367062574,Coop,Coop,,supermarket,Bahnhofstrasse,10a,7250,Klosters,46.8680846,9.8818678,Mo-Fr 08:00-19:00; Sa 08:00-18:00,,Coop
way,373486646,Migros,Migros,,supermarket,Via San Gottardo,124,6500,Bellinzona,46.2095923,9.0390831,"Mo-We,Fr,Su 08:00-19:00; Th 08:00-21:00; Sa 08:00-18:30",https://filialen.migros.ch/it/supermercato-migros-bellinzona-nord/,Migros
way,374539970,Migros Partner,Migros,,supermarket,,,,,47.5669719,7.6074662,"Mo-Fr 06:00-21:00; Sa,Su,PH 07:00-21:00",,Migros
way,376797246,Migros,Migros,,supermarket,,,,,46.1750974,8.8902371,Mo-Fr 07:30-19:00; Th 07:30-21:00; Sa 07:30-18:30,,Migros
way,377508452,ALDI,ALDI,Aldi Suisse,supermarket,Rietwisstrasse,11,9630,Wattwil,47.2960457,9.0926507,,,Aldi
way,377702668,Aldi,Aldi,,supermarket,Via Cantonale,4,6805,Mezzovico,46.0897865,8.9214978,,,Aldi
way,379342427,Migros,Migros,Genossenschaft Migros Luzern,supermarket,Bahnhofplatz,,6003,Luzern,47.0507712,8.3093004,Mo-Sa 06:00-22:00; Su 07:00-22:00,https://filialen.migros.ch/de/migros-supermarkt-luzern-bahnhof,Migros
way,379354224,Coop,Coop,Coop Genossenschaft,supermarket,Bahnhofplatz,,6003,Luzern,47.0503002,8.3112815,Mo-Sa 06:00-22:00; Su 07:00-22:00,,Coop
way,379582591,Coop,Coop,,supermarket,,,,,46.9485757,7.439738,"Mo-Sa 06:00-23:00; Su,PH 07:00-23:00",https://www.coop.ch/,Coop
way,379582720,Lidl,Lidl,,supermarket,Spitalgasse,47-51,3011,Bern,46.9475531,7.4406489,06:00-22:00,https://www.lidl.ch/s/de-CH/filialfinder/bern/spitalgasse-47-51/,Lidl
way,379742182,Coop,Coop,Coop Genossenschaft,supermarket,,,,,47.1734915,8.5155132,Mo-Sa 06:00-22:00; Su 07:00-22:00,,Coop
way,380090585,Coop,Coop,,supermarket,Bahnhofplatz,5,8400,Winterthur,47.4995392,8.7231666,Mo-Sa 06:00-22:00; Su 08:00-20:00,,Coop
way,382674787,Coop,Coop,,supermarket,Bahnhofplatz,3D,5000,Aarau,47.3916383,8.0523297,Mo-Sa 06:00-22:00; Su 08:00-22:00,,Coop
way,384599696,Denner,Denner,Denner,supermarket,,,,,46.4596138,6.2072739,Mo-Fr 07:30-19:00; Sa 07:30-17:00; Su 08:00-12:00,,Denner
way,384800044,Migros,Migros,Genossenschaft Migros Aare,supermarket,Promenadestrasse,10,5330,Bad Zurzach,47.5857381,8.2960094,"Mo-Fr 08:00-19:00, Sa 08:00-18:00; PH off",https://filialen.migros.ch/de/migros-supermarkt-bad-zurzach,Migros
way,385368229,Coop,Coop,Coop Genossenschaft,supermarket,Bahnhofstrasse,14,6403,Küssnacht am Rigi,47.0825004,8.4396805,,,Coop
way,386205306,Aldi,ALDI,Aldi Suisse,supermarket,Lägernstrasse,5,5610,Wohlen AG,47.358391,8.272802,Mo-Sa 07:30-20:00; PH off,https://www.aldi-suisse.ch/,Aldi
way,387169946,Aldi,Aldi,Aldi Suisse,supermarket,Sittertalstrasse,16,9220,Bischofszell,47.499348,9.2409829,,https://www.aldi-suisse.ch/,Aldi
way,387214567,Coop,Coop,,supermarket,,,,,46.8458442,9.4787083,,,Coop
way,388677872,Migros,Migros,,supermarket,,,,,46.3905785,6.9217893,,,Migros
way,390068419,Lidl,Lidl,,supermarket,Wuhrstrasse,22,7302,Landquart,46.9688933,9.5694083,Mo-Th 07:30-20:00; Fr 07:30-21:00; Sa 07:30-20:00,,Lidl
way,391772356,Aldi,Aldi,,supermarket,Schulstrasse,82,7302,Landquart,46.9560061,9.5639033,,,Aldi
way,401830357,Coop,Coop,Coop Schweiz,supermarket,Untergassa,2,7240,Küblis,46.9140679,9.7775798,"Mo-Fr 08:00-19:00, Sa 08:00-18:00",,Coop
way,406668126,Migros,Migros,Genossenschaft Migros Ostschweiz,supermarket,Steigstrasse,5,9220,Bischofszell,47.4925698,9.2444839,"Mo-Fr 08:00-20:00, Sa 08:00-19:00; PH off",https://filialen.migros.ch/de/migros-supermarkt-bischofszell,Migros
way,421145915,Lidl,Lidl,,supermarket,In der Au,10,8406,Winterthur,47.4860908,8.7044029,"Th 07:30-21:00; PH off; Mo-We,Fr,Sa 07:30-20:00",,Lidl
way,432918488,Denner,Denner,https://www.denner.ch/de/filialen/denner-filiale-und-oeffnungszeiten/store/rue-du-fin-du-craux-20-1822-chernex/,supermarket,Route de la Fin-du-Craux,20,,Chernex,46.4443372,6.9113437,"Mo-Sa 08:00-19:00, Su 08:00-12:30",,Denner
way,445464956,Aldi,Aldi,,supermarket,Wilerstrasse,50,9602,Bazenheid,47.4166007,9.0654721,,,Aldi
way,448256083,Denner,Denner,,supermarket,,,,,46.229945,9.0684756,Mo-Fr 07:30-19:00; Sa 07:30-18:30,https://www.denner.ch/it/filiali/6533-lumino~s4585271,Denner
way,448843630,Coop,Coop,,supermarket,,,,,47.5356772,7.6273245,,,Coop
way,457842210,Coop,Coop,Coop,supermarket,,,,,46.5268642,6.6124899,Mo-Fr 07:30-19:00; Sa 07:30-18:00,,Coop
way,458341989,Coop,Coop,,supermarket,,,,,46.2973108,8.791393,Mo-Fr 07:30-19:00; Sa 07:30-18:30; Su 07:30-18:00,,Coop
way,465394110,Denner,Denner,Denner,supermarket,Avenue des Boveresses,33,1010,Lausanne,46.5382695,6.6663509,,,Denner
way,465542141,Migros,Migros,Société Coopérative Migros Genève,supermarket,,,,,46.2754185,6.1670649,"Mo-We 08:00-19:00, Th 08:00-21:00, Fr 08:00-19:30, Sa 08:00-18:00; PH off",https://filialen.migros.ch/fr/supermarche-migros-porte-de-versoix,Migros
way,465942388,Lidl,Lidl,,supermarket,,,,,46.04257,8.9229465,,,Lidl
way,467269737,Denner,Denner,,supermarket,,,,,46.0430526,8.9286494,,,Denner
way,473433673,Denner,Denner,,supermarket,Obere Dürrmühlestrasse,32,4704,Niederbipp,47.2694961,7.687169,Mo-Th 08:00-19:00; Fr 08:00-20:00; Sa 08:00-17:00; PH off,,Denner
way,474171480,Coop Matzendorf,,Coop,supermarket,Dorfstrasse,63,,Matzendorf,47.3067057,7.6288978,,,Coop
way,483523238,Migros,Migros,,supermarket,,,,,46.3825513,6.2347791,Mo-Fr 08:30-19:00; Sa 08:00-18:00,,Migros
way,483524511,Denner,Denner,,supermarket,,,,,46.3824641,6.2346782,Mo-Fr 08:30-19:00; Sa 08:00-18:00,,Denner
way,494917046,Migros,Migros,Genossenschaft Migros Basel,supermarket,,,,,47.4621543,7.8163225,"Mo-Fr 08:00-20:00, Sa 07:30-18:00; PH off",https://filialen.migros.ch/de/migros-supermarkt-sissach,Migros
way,501068168,Coop,Coop,,supermarket,,,,,46.5226042,6.8980025,Mo-Th 07:30-19:00; Fr 07:30-21:00; Sa 07:30-16:00,,Coop
way,504574665,Lidl,Lidl,,supermarket,Via Isla,51,7151,Schluein,46.7786714,9.2216534,Mo-Fr 07:30-20:00; Sa 07:30-18:00,https://www.lidl.ch/s/de-CH/filialfinder/schluein/via-isla-36/,Lidl
way,516128242,Coop,Coop,,supermarket,Brühlstrasse,52,4415,Lausen,47.4728767,7.7586595,Mo-Fr 08:00-19:00; Sa 07:30-18:00,,Coop
way,517056388,Lidl,Lidl,,supermarket,Im Majorenacker,16,8207,Schaffhausen,47.716983,8.661537,"Mo-Fr 07:30-20:00, Sa 07:30-18:00",https://www.lidl.ch/s/de-CH/filialfinder/schaffhausen/im-majorenacker-16/,Lidl
way,520083193,Aldi,ALDI,Aldi Suisse,supermarket,Motorenstrasse,99,8620,Wetzikon,47.3319712,8.7925734,Mo-Sa 07:30-20:00; PH off,https://www.aldi-suisse.ch/,Aldi
way,532546588,Lidl,Lidl,,supermarket,Müllerenstrasse,5,8604,Volketswil,47.3790317,8.6771424,Mo-Sa 08:00-20:00,,Lidl
way,537477397,Coop,Coop,Coop,supermarket,Rue Industrielle,16,2740,Moutier,47.277302,7.3683293,,,Coop
way,543112303,Migros,Migros,,supermarket,Bälliz,2,3600,Thun,46.760232,7.6264663,,,Migros
way,543308938,Coop,Coop,Coop Genossenschaft,supermarket,Schaffhauserstrasse,62,8451,Kleinandelfingen,47.6029436,8.6885277,Mo-Fr 07:30-20:00; Sa 07:30-18:00,,Coop
way,547111096,Migros,Migros,Genossenschaft Migros Ostschweiz,supermarket,Herbergstrasse,17,9524,Zuzwil SG,47.4717903,9.1130419,"Mo-Fr 08:00-19:00, Sa 08:00-17:00; PH off",https://filialen.migros.ch/de/migros-supermarkt-zuzwil,Migros
way,552891403,Aldi,Aldi,,supermarket,Route de Lausanne,1,1610,Châtillens,46.5703377,6.8172884,Mo-Fr 08:00-18:30; Sa 08:00-18:00,,Aldi
way,579968188,Migros,Migros,Genossenschaft Migros Ostschweiz,supermarket,Schrofenstrasse,19,8580,Amriswil,47.5482586,9.2731322,"Mo-Fr 07:00-20:00, Sa 07:00-18:00; PH off",https://filialen.migros.ch/de/migros-supermarkt-aachtal,Migros
way,590782160,Lidl,Lidl,,supermarket,Huwil,2,6280,Hochdorf,47.1635954,8.2783255,,,Lidl
way,593684927,Lidl,Lidl,,supermarket,Feldlistrasse,5,8645,Jona,47.2292683,8.8471162,Mo-Fr 07:30-20:00; Sa 07:30-18:00,,Lidl
way,598640369,Migros,Migros,Genossenschaft Migros Ostschweiz,supermarket,Landstrasse,41,9606,Bütschwil,47.3631103,9.0729744,"Mo-Fr 07:00-19:00, Sa 07:00-17:00; PH off",https://filialen.migros.ch/de/migros-supermarkt-buetschwil,Migros
way,599982947,Migros,Migros,Genossenschaft Migros Ostschweiz,supermarket,Schaffhauserstrasse,72,8222,Beringen,47.6958258,8.5822995,Mo-Fr 08:00-20:00; Sa 08:00-19:00; PH off,https://filialen.migros.ch/de/migros-supermarkt-beringen,Migros
way,604995004,Lidl,Lidl,Lidl Schweiz,supermarket,Hauptstrasse,23,4461,Böckten,47.4624941,7.8389807,"Mo-Sa 07:30-20:00; Tu,We,Fr 08:00-20:00; PH off",https://www.lidl.ch/,Lidl
way,609946515,Migros,Migros,Genossenschaft Migros Luzern,supermarket,Hinterbergstrasse,40,6312,Steinhausen,47.1914752,8.4780578,"Mo-Th 08:00-19:00, Fr 08:00-21:00, Sa 08:00-17:00; PH off; Nov 1 off",https://filialen.migros.ch/de/migros-supermarkt-steinhausen-zugerland,Migros
way,636383378,Lidl,Lidl,Lidl Schweiz,supermarket,Zugerstrasse,62,6403,Küssnacht am Rigi,47.1063274,8.4501761,Mo-Fr 07:30-21:00; Sa 07:30-20:00,,Lidl
way,655414741,Lidl,Lidl,,supermarket,Im Breitenacker,3,,,46.9163253,7.4661981,Mo-Th 07:30-20:00; Sa 07:30-17:00; Fr 07:30-21:00,,Lidl
way,671295345,Supermarché Coop Etagnières,Coop,Coop,supermarket,Route en Rambuz,19;21,1037,Etagnières,46.5949786,6.6092946,Mo-Fr 07:30-19:30; Sa 07:30-19:00,https://www.coop.ch/fr/magasins/coop-supermarche-etagnieres/4883_POS,Coop
way,675780929,Coop,Coop,,supermarket,,,,,46.4887074,9.905308,"Mo-Fr 08:00-19:00; Sa 08:00-18:00, Su 09:00-18:00, PH off",,Coop
way,677706682,Lidl,Lidl,,supermarket,Charrière d'Estavayer,19,1530,Payerne,46.8278133,6.9284295,,,Lidl
way,685415916,Denner,Denner,,supermarket,Rue Achille Merguin,16,2900,Porrentruy,47.415248,7.0715869,Mo-Fr 08:00-18:30; Th 08:00-20:00; Sa 08:00-17:00,,Denner
way,689602620,Coop,,,supermarket,Burrirain,58,2575,Täuffelen,47.0715,7.2021605,Mo-Fr 07:00-19:00; Sa 07:00-17:00; Su off,,Coop
way,690172219,Lidl,Lidl,,supermarket,Viale C. Olgiati,44,6512,Giubiasco,46.181702,9.0181968,,,Lidl
way,706339616,Coop,Coop,,supermarket,Route du Pillon,58,1865,Les Diablerets,46.3538975,7.1499721,,,Coop
way,706650863,Coop,Coop,,supermarket,,,,,45.9849413,8.8905921,,,Coop
way,715054259,Lidl,Lidl,,supermarket,Chemin de Maillefer,38,1052,Le Mont-sur-Lausanne,46.5426046,6.6275563,Mo-Th 07:00-19:00; Fr 07:00-20:00; Sa 07:00-18:00,,Lidl
way,733978849,Aldi,Aldi,Aldi Suisse,supermarket,Gätzlistrasse,9,6440,Brunnen,47.0033419,8.6203494,"Mo-Th, Sa 07:30-20:00; Fr 07:30-21:00",,Aldi
way,737021557,Denner,Denner,,supermarket,Hinterbergstrasse,40,6312,Steinhausen,47.1922513,8.4781429,Mo-Th 07:30-19:00; Sa 07:30-17:00,https://www.denner.ch/de/filialen/6312-steinhausen~s1145061,Denner
way,742697619,Denner,,,supermarket,,,,,46.9594132,7.0273125,"Mo-Fr 08:00-12:15,14:00-18:30; Sa 08:00-17:00; Su 08:00-12:15",,Denner
way,746570038,Coop,Coop,,supermarket,Löwenberg,54,3280,Murten,46.9372059,7.1430626,Mo-Th 08:00-19:00; Fr 08:00-20:00; Sa 08:00-16:00,https://www.coopcenter.ch/de/coop-loewenberg.html,Coop
way,780266083,Denner,Denner,,supermarket,En Felezin,1,1032,Romanel-sur-Lausanne,46.5594101,6.6117938,,,Denner
way,780266087,Migros,Migros,,supermarket,En Felezin,1,1032,Romanel-sur-Lausanne,46.5588773,6.6122692,Mo-Th 08:00-19:00; Fr 08:00-20:30; Sa 08:00-18:00,https://migros1032.ch/,Migros
way,795277482,Migros,Migros,Genossenschaft Migros Luzern,supermarket,Weihermatte,7,6102,Malters,47.0376926,8.1803032,,,Migros
way,807706860,Lidl,Lidl,,supermarket,Bahnweg Nord,15,,,47.126429,9.4952046,,,Lidl
way,821839667,Migros,Migros,Genossenschaft Migros Basel,supermarket,Untere Rebgasse,11,4058,Basel,47.5616937,7.5922974,"Mo-Fr 08:30-20:00, Sa 08:00-18:00; PH off",https://filialen.migros.ch/de/migros-supermarkt-basel-claramarkt,Migros
way,843434016,Migros Partenaire,,,supermarket,Chemin des Prés-Morés,2,1315,La Sarraz,46.6543621,6.5087886,"Mo-Fr 07:00-19:00, Sa 07:00-18:00, Su 07:00-13:00",https://filialen.migros.ch/fr/migros-partenaire-mp-la-sarraz,Migros
way,860566398,Coop,Coop,,supermarket,Uli Schadweg,3,4436,Oberdorf BL,47.3942507,7.7485684,,,Coop
way,882485463,Lidl,Lidl,,supermarket,Aarauerstrasse,52,5734,Reinach AG,47.2636157,8.17699,,,Lidl
way,896457650,Denner,Denner,,supermarket,,,,,46.5386872,6.5802292,Mo-Fr 08:00-19:00; Sa 07:30-17:00; PH off,https://www.denner.ch/,Denner
way,969480855,Aldi,ALDI,Aldi Suisse,supermarket,Mettenwilstrasse,10,6203,Sempach Station,47.1169605,8.2013387,,https://www.aldi-suisse.ch/,Aldi
way,974947385,Lidl,,,supermarket,Zürcherstrasse,133,8952,Schlieren,47.3975272,8.464688,,https://www.lidl.ch/de/#,Lidl
way,977891718,Migros,Migros,,supermarket,,,,,46.6981369,7.141243,Mo-Th 07:00-19:00; Fr 07:00-20:00; Sa 07:00-16:00,https://filialen.migros.ch/fr/supermarche-migros-la-roche/,Migros
way,1017599981,Coop,Coop,,supermarket,,,,,46.7465185,7.6261614,,,Coop
way,1047378215,Aldi,Aldi Suisse,Aldi Suisse SA,supermarket,Rue Antoine-Carteret,22,,Genève,46.212302,6.1340211,Mo-We 08:00-19:00; Th 08:00-21:00; Sa 08:00-18:00,https://www.aldi-suisse.ch/fr/filiales-et-heures-douverture/l/geneve/rue-antoine-carteret-22/e440,Aldi
way,1120973886,Denner,Denner,,supermarket,Engenmoosstrasse,38,8880,Walenstadt,47.1198457,9.3162141,"Mo-Fr 07:30-19:00, Sa 07:30-17:00",https://www.denner.ch/de/filialen/denner-filiale-und-oeffnungszeiten/store/sarganserstrasse-15-8880-walenstadt/,Denner
way,1125498959,Migros,Migros,Migros,supermarket,Avenue du Collège,37,2017,,46.9509427,6.8408565,"Mo-We, Fr 07:30-19:00; Th 07:30-20:00; Sa 07:30-18:00",https://filialen.migros.ch/de/migros-supermarkt-boudry,Migros
way,1157456517,Coop,Coop,,supermarket,,302c,3762,Erlenbach im Simmental,46.6611958,7.5547595,Mo-Fr 07:00-19:00; Sa 07:00-17:00,,Coop
way,1159640032,Denner,Denner,,supermarket,Rue du Château,1,,,46.8664395,7.0126969,"Mo-Fr 07:00-12:15,13:30-18:30; Sa 07:00-16:00",https://www.denner.ch/fr/succursales/stores-detail-page/store/rue-du-chateau-1-1564-domdidier/,Denner
way,1196698941,Coop,Coop,,supermarket,Rue du 23-Juin,76,2822,Courroux,47.3601058,7.3828834,Mo-Fr 07:30-18:30; Sa 07:30-17:00; PH off,,Coop
way,1197856273,Lidl,Lidl,,supermarket,Tössallmendstrasse,2a,8413,Neftenbach,47.5191326,8.6576601,,,Lidl
way,1207380744,Lidl,Lidl,,supermarket,Hauptstrasse,80,9422,Staad SG,47.483834,9.5446914,Mo-Sa 07:30-17:00,,Lidl
way,1224702761,Migros,Migros,,supermarket,Lägernstrasse,6,8154,Oberglatt ZH,47.4755812,8.5076379,Mo-Sa 08:00-20:00,https://filialen.migros.ch/de/migros-supermarkt-oberglatt/,Migros
way,1226247447,Lidl,Lidl,,supermarket,Soodring,25,,,47.3192762,8.5200817,Mo-Sa 07:30-21:00,,Lidl
way,1232845874,Lidl,Lidl,,supermarket,Rämismatte,21,3232,Ins,46.9976765,7.1076153,,,Lidl
way,1284966081,Migros,Migros,Genossenschaft Migros Aare,supermarket,,,,,46.9477365,7.4400036,06:00-22:00,https://filialen.migros.ch/de/migros-supermarkt-bern-christoffel,Migros
way,1351546626,Coop,Coop,Coop Société Coopérative,supermarket,Rue du Mont-Blanc,30,1201,Genève,46.2092635,6.1428183,"Mo-Su,PH 05:30-23:00",https://www.coop.ch/fr/entreprise/adresses-et-horaires/detail.html/5486/coop-supermarche-geneve-gare-mont-blanc.html,Coop
way,1377470935,Coop,Coop,Coop Société Coopérative,supermarket,Avenue Ernest-Pictet,36,1203,Genève,46.2132129,6.1237053,Mo-Sa,https://www.coop.ch/fr/entreprise/adresses-et-horaires/detail.html/5714/coop-supermarche-geneve-vieusseux.html,Coop
way,1426187170,Denner,,,supermarket,,,,,46.8199787,6.502659,,,Denner
way,1443065649,Lidl,Lidl,,supermarket,Route de Lausanne,2B,1610,Châtillens,46.5712958,6.8170472,Mo-Th 07:30-19:00; Fr 07:30-20:00; Sa 07:30-18:00,https://www.lidl.ch/s/fr-CH/recherche-filiale/chatillens/route-de-lausanne/,Lidl
way,1451774116,Coop,Coop,,supermarket,,,,,46.5296271,6.6011003,Mo-Th 07:30-19:00; Fr 07:30-20:00; Sa 07:30-18:00,,Coop
way,1494564305,Coop,Coop,Coop Société Coopérative,supermarket,Avenue A.-M.-Mirany,20,1225,Chêne-Bourg,46.2061698,6.2033158,Mo-We 07:30-19:00; Th 07:30-20:00; Fr 07:30-19:30; Sa 07:30-18:00,https://www.coop.ch/fr/magasins/coop-supermarche-chene-bourg-provisoire/5636_POS,Coop
way,1517226831,Lidl,Lidl,,supermarket,Lägernstrasse,4,8154,Oberglatt ZH,47.4753013,8.5070419,"07:30-20:00; Th,Fr 07:30-21:00; Su off",,Lidl
relation,9590867,Migros,Migros,Migros,supermarket,Chemin de la Gradelle,10,1224,Chêne-Bougeries,46.2052483,6.1818896,,,Migros
relation,9819727,Coop,Coop,Coop,supermarket,Untere Bönigstrasse,10a,3800,Matten bei Interlaken,46.6895193,7.8694059,Mo-Th 08:00-19:00; Fr 08:00-21:00; Sa 08:00-17:00,,Coop
relation,10476502,Coop,Coop,,supermarket,Hauptstrasse,28,9477,Trübbach,47.0742111,9.4809408,,,Coop
relation,14532037,Aldi,Aldi,,supermarket,Fürstenlandstrasse,149,9014,St. Gallen,47.4104538,9.33769,"Mo-We, Fr 07:30-19:00; Th 07:30-20:00; Sa 07:30-17:00",,Aldi
